workerid,proliferate.condition,button_pressed,trial,participants.age,participants.ethnicity,participants.feedback,participants.gender,participants.race,participants.time,participants.timestamp,error
163,experimental_left,1,1,61,Non-Hispanic,,Female,White,1375439,2022-01-05 21:40:32,
163,experimental_left,0,2,61,Non-Hispanic,,Female,White,1375439,2022-01-05 21:40:32,
163,experimental_left,0,4,61,Non-Hispanic,,Female,White,1375439,2022-01-05 21:40:32,
163,experimental_left,0,7,61,Non-Hispanic,,Female,White,1375439,2022-01-05 21:40:32,
163,experimental_left,1,22,61,Non-Hispanic,,Female,White,1375439,2022-01-05 21:40:32,
163,experimental_left,1,20,61,Non-Hispanic,,Female,White,1375439,2022-01-05 21:40:32,
163,experimental_left,1,21,61,Non-Hispanic,,Female,White,1375439,2022-01-05 21:40:32,
163,experimental_left,0,19,61,Non-Hispanic,,Female,White,1375439,2022-01-05 21:40:32,
163,experimental_left,1,3,61,Non-Hispanic,,Female,White,1375439,2022-01-05 21:40:32,
163,experimental_left,1,10,61,Non-Hispanic,,Female,White,1375439,2022-01-05 21:40:32,
163,experimental_left,0,13,61,Non-Hispanic,,Female,White,1375439,2022-01-05 21:40:32,
163,experimental_left,0,11,61,Non-Hispanic,,Female,White,1375439,2022-01-05 21:40:32,
163,experimental_left,1,15,61,Non-Hispanic,,Female,White,1375439,2022-01-05 21:40:32,
163,experimental_left,1,18,61,Non-Hispanic,,Female,White,1375439,2022-01-05 21:40:32,
163,experimental_left,1,9,61,Non-Hispanic,,Female,White,1375439,2022-01-05 21:40:32,
163,experimental_left,0,14,61,Non-Hispanic,,Female,White,1375439,2022-01-05 21:40:32,
163,experimental_left,1,12,61,Non-Hispanic,,Female,White,1375439,2022-01-05 21:40:32,
163,experimental_left,0,5,61,Non-Hispanic,,Female,White,1375439,2022-01-05 21:40:32,
163,experimental_left,1,16,61,Non-Hispanic,,Female,White,1375439,2022-01-05 21:40:32,
163,experimental_left,1,6,61,Non-Hispanic,,Female,White,1375439,2022-01-05 21:40:32,
163,experimental_left,0,8,61,Non-Hispanic,,Female,White,1375439,2022-01-05 21:40:32,
163,experimental_left,0,17,61,Non-Hispanic,,Female,White,1375439,2022-01-05 21:40:32,
91,experimental_left,1,1,48,Non-Hispanic,a lot of thinking,Female,White,766425,2022-01-05 21:10:26,
91,experimental_left,0,2,48,Non-Hispanic,a lot of thinking,Female,White,766425,2022-01-05 21:10:26,
91,experimental_left,0,11,48,Non-Hispanic,a lot of thinking,Female,White,766425,2022-01-05 21:10:26,
91,experimental_left,1,17,48,Non-Hispanic,a lot of thinking,Female,White,766425,2022-01-05 21:10:26,
91,experimental_left,0,6,48,Non-Hispanic,a lot of thinking,Female,White,766425,2022-01-05 21:10:26,
91,experimental_left,1,15,48,Non-Hispanic,a lot of thinking,Female,White,766425,2022-01-05 21:10:26,
91,experimental_left,0,9,48,Non-Hispanic,a lot of thinking,Female,White,766425,2022-01-05 21:10:26,
91,experimental_left,0,16,48,Non-Hispanic,a lot of thinking,Female,White,766425,2022-01-05 21:10:26,
91,experimental_left,1,19,48,Non-Hispanic,a lot of thinking,Female,White,766425,2022-01-05 21:10:26,
91,experimental_left,0,21,48,Non-Hispanic,a lot of thinking,Female,White,766425,2022-01-05 21:10:26,
91,experimental_left,0,18,48,Non-Hispanic,a lot of thinking,Female,White,766425,2022-01-05 21:10:26,
91,experimental_left,1,5,48,Non-Hispanic,a lot of thinking,Female,White,766425,2022-01-05 21:10:26,
91,experimental_left,0,14,48,Non-Hispanic,a lot of thinking,Female,White,766425,2022-01-05 21:10:26,
91,experimental_left,1,7,48,Non-Hispanic,a lot of thinking,Female,White,766425,2022-01-05 21:10:26,
91,experimental_left,0,22,48,Non-Hispanic,a lot of thinking,Female,White,766425,2022-01-05 21:10:26,
91,experimental_left,0,8,48,Non-Hispanic,a lot of thinking,Female,White,766425,2022-01-05 21:10:26,
91,experimental_left,0,4,48,Non-Hispanic,a lot of thinking,Female,White,766425,2022-01-05 21:10:26,
91,experimental_left,1,3,48,Non-Hispanic,a lot of thinking,Female,White,766425,2022-01-05 21:10:26,
91,experimental_left,0,10,48,Non-Hispanic,a lot of thinking,Female,White,766425,2022-01-05 21:10:26,
91,experimental_left,1,12,48,Non-Hispanic,a lot of thinking,Female,White,766425,2022-01-05 21:10:26,
91,experimental_left,1,20,48,Non-Hispanic,a lot of thinking,Female,White,766425,2022-01-05 21:10:26,
91,experimental_left,1,13,48,Non-Hispanic,a lot of thinking,Female,White,766425,2022-01-05 21:10:26,
81,experimental_left,0,1,20,Non-Hispanic,,Female,Asian,924880,2022-01-04 00:46:01,
81,experimental_left,0,2,20,Non-Hispanic,,Female,Asian,924880,2022-01-04 00:46:01,
81,experimental_left,1,13,20,Non-Hispanic,,Female,Asian,924880,2022-01-04 00:46:01,
81,experimental_left,1,22,20,Non-Hispanic,,Female,Asian,924880,2022-01-04 00:46:01,
81,experimental_left,1,21,20,Non-Hispanic,,Female,Asian,924880,2022-01-04 00:46:01,
81,experimental_left,1,5,20,Non-Hispanic,,Female,Asian,924880,2022-01-04 00:46:01,
81,experimental_left,1,10,20,Non-Hispanic,,Female,Asian,924880,2022-01-04 00:46:01,
81,experimental_left,1,18,20,Non-Hispanic,,Female,Asian,924880,2022-01-04 00:46:01,
81,experimental_left,1,4,20,Non-Hispanic,,Female,Asian,924880,2022-01-04 00:46:01,
81,experimental_left,1,12,20,Non-Hispanic,,Female,Asian,924880,2022-01-04 00:46:01,
81,experimental_left,0,19,20,Non-Hispanic,,Female,Asian,924880,2022-01-04 00:46:01,
81,experimental_left,1,9,20,Non-Hispanic,,Female,Asian,924880,2022-01-04 00:46:01,
81,experimental_left,1,8,20,Non-Hispanic,,Female,Asian,924880,2022-01-04 00:46:01,
81,experimental_left,1,20,20,Non-Hispanic,,Female,Asian,924880,2022-01-04 00:46:01,
81,experimental_left,1,16,20,Non-Hispanic,,Female,Asian,924880,2022-01-04 00:46:01,
81,experimental_left,0,14,20,Non-Hispanic,,Female,Asian,924880,2022-01-04 00:46:01,
81,experimental_left,0,3,20,Non-Hispanic,,Female,Asian,924880,2022-01-04 00:46:01,
81,experimental_left,0,11,20,Non-Hispanic,,Female,Asian,924880,2022-01-04 00:46:01,
81,experimental_left,1,6,20,Non-Hispanic,,Female,Asian,924880,2022-01-04 00:46:01,
81,experimental_left,0,7,20,Non-Hispanic,,Female,Asian,924880,2022-01-04 00:46:01,
81,experimental_left,1,15,20,Non-Hispanic,,Female,Asian,924880,2022-01-04 00:46:01,
81,experimental_left,0,17,20,Non-Hispanic,,Female,Asian,924880,2022-01-04 00:46:01,
138,experimental_left,0,1,22,Non-Hispanic,Likelihood that handing the flyer would make them want to go or not ,Female,White,657254,2022-01-05 21:22:52,
138,experimental_left,0,2,22,Non-Hispanic,Likelihood that handing the flyer would make them want to go or not ,Female,White,657254,2022-01-05 21:22:52,
138,experimental_left,1,10,22,Non-Hispanic,Likelihood that handing the flyer would make them want to go or not ,Female,White,657254,2022-01-05 21:22:52,
138,experimental_left,1,18,22,Non-Hispanic,Likelihood that handing the flyer would make them want to go or not ,Female,White,657254,2022-01-05 21:22:52,
138,experimental_left,1,6,22,Non-Hispanic,Likelihood that handing the flyer would make them want to go or not ,Female,White,657254,2022-01-05 21:22:52,
138,experimental_left,0,8,22,Non-Hispanic,Likelihood that handing the flyer would make them want to go or not ,Female,White,657254,2022-01-05 21:22:52,
138,experimental_left,1,16,22,Non-Hispanic,Likelihood that handing the flyer would make them want to go or not ,Female,White,657254,2022-01-05 21:22:52,
138,experimental_left,1,21,22,Non-Hispanic,Likelihood that handing the flyer would make them want to go or not ,Female,White,657254,2022-01-05 21:22:52,
138,experimental_left,1,12,22,Non-Hispanic,Likelihood that handing the flyer would make them want to go or not ,Female,White,657254,2022-01-05 21:22:52,
138,experimental_left,0,5,22,Non-Hispanic,Likelihood that handing the flyer would make them want to go or not ,Female,White,657254,2022-01-05 21:22:52,
138,experimental_left,0,19,22,Non-Hispanic,Likelihood that handing the flyer would make them want to go or not ,Female,White,657254,2022-01-05 21:22:52,
138,experimental_left,0,17,22,Non-Hispanic,Likelihood that handing the flyer would make them want to go or not ,Female,White,657254,2022-01-05 21:22:52,
138,experimental_left,0,14,22,Non-Hispanic,Likelihood that handing the flyer would make them want to go or not ,Female,White,657254,2022-01-05 21:22:52,
138,experimental_left,0,13,22,Non-Hispanic,Likelihood that handing the flyer would make them want to go or not ,Female,White,657254,2022-01-05 21:22:52,
138,experimental_left,1,11,22,Non-Hispanic,Likelihood that handing the flyer would make them want to go or not ,Female,White,657254,2022-01-05 21:22:52,
138,experimental_left,1,9,22,Non-Hispanic,Likelihood that handing the flyer would make them want to go or not ,Female,White,657254,2022-01-05 21:22:52,
138,experimental_left,0,4,22,Non-Hispanic,Likelihood that handing the flyer would make them want to go or not ,Female,White,657254,2022-01-05 21:22:52,
138,experimental_left,1,20,22,Non-Hispanic,Likelihood that handing the flyer would make them want to go or not ,Female,White,657254,2022-01-05 21:22:52,
138,experimental_left,1,15,22,Non-Hispanic,Likelihood that handing the flyer would make them want to go or not ,Female,White,657254,2022-01-05 21:22:52,
138,experimental_left,1,3,22,Non-Hispanic,Likelihood that handing the flyer would make them want to go or not ,Female,White,657254,2022-01-05 21:22:52,
138,experimental_left,1,22,22,Non-Hispanic,Likelihood that handing the flyer would make them want to go or not ,Female,White,657254,2022-01-05 21:22:52,
138,experimental_left,0,7,22,Non-Hispanic,Likelihood that handing the flyer would make them want to go or not ,Female,White,657254,2022-01-05 21:22:52,
167,experimental_left,0,1,30,Non-Hispanic,"Well generally it seemed usually best not to use flyers, as the gain was less than the loss with the ratios given. I tried to only give a flyer when it seems like there was a high chance of it being useful.",Male,White,672907,2022-01-05 21:30:17,
167,experimental_left,0,2,30,Non-Hispanic,"Well generally it seemed usually best not to use flyers, as the gain was less than the loss with the ratios given. I tried to only give a flyer when it seems like there was a high chance of it being useful.",Male,White,672907,2022-01-05 21:30:17,
167,experimental_left,0,3,30,Non-Hispanic,"Well generally it seemed usually best not to use flyers, as the gain was less than the loss with the ratios given. I tried to only give a flyer when it seems like there was a high chance of it being useful.",Male,White,672907,2022-01-05 21:30:17,
167,experimental_left,1,22,30,Non-Hispanic,"Well generally it seemed usually best not to use flyers, as the gain was less than the loss with the ratios given. I tried to only give a flyer when it seems like there was a high chance of it being useful.",Male,White,672907,2022-01-05 21:30:17,
167,experimental_left,0,8,30,Non-Hispanic,"Well generally it seemed usually best not to use flyers, as the gain was less than the loss with the ratios given. I tried to only give a flyer when it seems like there was a high chance of it being useful.",Male,White,672907,2022-01-05 21:30:17,
167,experimental_left,0,19,30,Non-Hispanic,"Well generally it seemed usually best not to use flyers, as the gain was less than the loss with the ratios given. I tried to only give a flyer when it seems like there was a high chance of it being useful.",Male,White,672907,2022-01-05 21:30:17,
167,experimental_left,0,14,30,Non-Hispanic,"Well generally it seemed usually best not to use flyers, as the gain was less than the loss with the ratios given. I tried to only give a flyer when it seems like there was a high chance of it being useful.",Male,White,672907,2022-01-05 21:30:17,
167,experimental_left,0,4,30,Non-Hispanic,"Well generally it seemed usually best not to use flyers, as the gain was less than the loss with the ratios given. I tried to only give a flyer when it seems like there was a high chance of it being useful.",Male,White,672907,2022-01-05 21:30:17,
167,experimental_left,0,13,30,Non-Hispanic,"Well generally it seemed usually best not to use flyers, as the gain was less than the loss with the ratios given. I tried to only give a flyer when it seems like there was a high chance of it being useful.",Male,White,672907,2022-01-05 21:30:17,
167,experimental_left,0,6,30,Non-Hispanic,"Well generally it seemed usually best not to use flyers, as the gain was less than the loss with the ratios given. I tried to only give a flyer when it seems like there was a high chance of it being useful.",Male,White,672907,2022-01-05 21:30:17,
167,experimental_left,0,20,30,Non-Hispanic,"Well generally it seemed usually best not to use flyers, as the gain was less than the loss with the ratios given. I tried to only give a flyer when it seems like there was a high chance of it being useful.",Male,White,672907,2022-01-05 21:30:17,
167,experimental_left,0,11,30,Non-Hispanic,"Well generally it seemed usually best not to use flyers, as the gain was less than the loss with the ratios given. I tried to only give a flyer when it seems like there was a high chance of it being useful.",Male,White,672907,2022-01-05 21:30:17,
167,experimental_left,0,17,30,Non-Hispanic,"Well generally it seemed usually best not to use flyers, as the gain was less than the loss with the ratios given. I tried to only give a flyer when it seems like there was a high chance of it being useful.",Male,White,672907,2022-01-05 21:30:17,
167,experimental_left,0,18,30,Non-Hispanic,"Well generally it seemed usually best not to use flyers, as the gain was less than the loss with the ratios given. I tried to only give a flyer when it seems like there was a high chance of it being useful.",Male,White,672907,2022-01-05 21:30:17,
167,experimental_left,1,15,30,Non-Hispanic,"Well generally it seemed usually best not to use flyers, as the gain was less than the loss with the ratios given. I tried to only give a flyer when it seems like there was a high chance of it being useful.",Male,White,672907,2022-01-05 21:30:17,
167,experimental_left,0,7,30,Non-Hispanic,"Well generally it seemed usually best not to use flyers, as the gain was less than the loss with the ratios given. I tried to only give a flyer when it seems like there was a high chance of it being useful.",Male,White,672907,2022-01-05 21:30:17,
167,experimental_left,1,21,30,Non-Hispanic,"Well generally it seemed usually best not to use flyers, as the gain was less than the loss with the ratios given. I tried to only give a flyer when it seems like there was a high chance of it being useful.",Male,White,672907,2022-01-05 21:30:17,
167,experimental_left,0,10,30,Non-Hispanic,"Well generally it seemed usually best not to use flyers, as the gain was less than the loss with the ratios given. I tried to only give a flyer when it seems like there was a high chance of it being useful.",Male,White,672907,2022-01-05 21:30:17,
167,experimental_left,0,5,30,Non-Hispanic,"Well generally it seemed usually best not to use flyers, as the gain was less than the loss with the ratios given. I tried to only give a flyer when it seems like there was a high chance of it being useful.",Male,White,672907,2022-01-05 21:30:17,
167,experimental_left,0,9,30,Non-Hispanic,"Well generally it seemed usually best not to use flyers, as the gain was less than the loss with the ratios given. I tried to only give a flyer when it seems like there was a high chance of it being useful.",Male,White,672907,2022-01-05 21:30:17,
167,experimental_left,1,16,30,Non-Hispanic,"Well generally it seemed usually best not to use flyers, as the gain was less than the loss with the ratios given. I tried to only give a flyer when it seems like there was a high chance of it being useful.",Male,White,672907,2022-01-05 21:30:17,
167,experimental_left,1,12,30,Non-Hispanic,"Well generally it seemed usually best not to use flyers, as the gain was less than the loss with the ratios given. I tried to only give a flyer when it seems like there was a high chance of it being useful.",Male,White,672907,2022-01-05 21:30:17,
180,experimental_left,1,1,28,Non-Hispanic,"Whether the return rate was decently high or not.
I have no questions or comments on the experiment.",Male,Asian,846052,2022-01-05 21:34:44,
180,experimental_left,0,2,28,Non-Hispanic,"Whether the return rate was decently high or not.
I have no questions or comments on the experiment.",Male,Asian,846052,2022-01-05 21:34:44,
180,experimental_left,0,5,28,Non-Hispanic,"Whether the return rate was decently high or not.
I have no questions or comments on the experiment.",Male,Asian,846052,2022-01-05 21:34:44,
180,experimental_left,0,13,28,Non-Hispanic,"Whether the return rate was decently high or not.
I have no questions or comments on the experiment.",Male,Asian,846052,2022-01-05 21:34:44,
180,experimental_left,0,18,28,Non-Hispanic,"Whether the return rate was decently high or not.
I have no questions or comments on the experiment.",Male,Asian,846052,2022-01-05 21:34:44,
180,experimental_left,0,15,28,Non-Hispanic,"Whether the return rate was decently high or not.
I have no questions or comments on the experiment.",Male,Asian,846052,2022-01-05 21:34:44,
180,experimental_left,0,21,28,Non-Hispanic,"Whether the return rate was decently high or not.
I have no questions or comments on the experiment.",Male,Asian,846052,2022-01-05 21:34:44,
180,experimental_left,0,14,28,Non-Hispanic,"Whether the return rate was decently high or not.
I have no questions or comments on the experiment.",Male,Asian,846052,2022-01-05 21:34:44,
180,experimental_left,1,9,28,Non-Hispanic,"Whether the return rate was decently high or not.
I have no questions or comments on the experiment.",Male,Asian,846052,2022-01-05 21:34:44,
180,experimental_left,0,7,28,Non-Hispanic,"Whether the return rate was decently high or not.
I have no questions or comments on the experiment.",Male,Asian,846052,2022-01-05 21:34:44,
180,experimental_left,1,3,28,Non-Hispanic,"Whether the return rate was decently high or not.
I have no questions or comments on the experiment.",Male,Asian,846052,2022-01-05 21:34:44,
180,experimental_left,0,20,28,Non-Hispanic,"Whether the return rate was decently high or not.
I have no questions or comments on the experiment.",Male,Asian,846052,2022-01-05 21:34:44,
180,experimental_left,0,16,28,Non-Hispanic,"Whether the return rate was decently high or not.
I have no questions or comments on the experiment.",Male,Asian,846052,2022-01-05 21:34:44,
180,experimental_left,0,19,28,Non-Hispanic,"Whether the return rate was decently high or not.
I have no questions or comments on the experiment.",Male,Asian,846052,2022-01-05 21:34:44,
180,experimental_left,0,10,28,Non-Hispanic,"Whether the return rate was decently high or not.
I have no questions or comments on the experiment.",Male,Asian,846052,2022-01-05 21:34:44,
180,experimental_left,1,11,28,Non-Hispanic,"Whether the return rate was decently high or not.
I have no questions or comments on the experiment.",Male,Asian,846052,2022-01-05 21:34:44,
180,experimental_left,0,8,28,Non-Hispanic,"Whether the return rate was decently high or not.
I have no questions or comments on the experiment.",Male,Asian,846052,2022-01-05 21:34:44,
180,experimental_left,1,6,28,Non-Hispanic,"Whether the return rate was decently high or not.
I have no questions or comments on the experiment.",Male,Asian,846052,2022-01-05 21:34:44,
180,experimental_left,1,4,28,Non-Hispanic,"Whether the return rate was decently high or not.
I have no questions or comments on the experiment.",Male,Asian,846052,2022-01-05 21:34:44,
180,experimental_left,0,17,28,Non-Hispanic,"Whether the return rate was decently high or not.
I have no questions or comments on the experiment.",Male,Asian,846052,2022-01-05 21:34:44,
180,experimental_left,1,12,28,Non-Hispanic,"Whether the return rate was decently high or not.
I have no questions or comments on the experiment.",Male,Asian,846052,2022-01-05 21:34:44,
180,experimental_left,0,22,28,Non-Hispanic,"Whether the return rate was decently high or not.
I have no questions or comments on the experiment.",Male,Asian,846052,2022-01-05 21:34:44,
184,experimental_left,1,1,32,Non-Hispanic,,Female,White,550502,2022-01-05 21:30:15,
184,experimental_left,1,2,32,Non-Hispanic,,Female,White,550502,2022-01-05 21:30:15,
184,experimental_left,1,5,32,Non-Hispanic,,Female,White,550502,2022-01-05 21:30:15,
184,experimental_left,1,15,32,Non-Hispanic,,Female,White,550502,2022-01-05 21:30:15,
184,experimental_left,1,12,32,Non-Hispanic,,Female,White,550502,2022-01-05 21:30:15,
184,experimental_left,0,22,32,Non-Hispanic,,Female,White,550502,2022-01-05 21:30:15,
184,experimental_left,0,10,32,Non-Hispanic,,Female,White,550502,2022-01-05 21:30:15,
184,experimental_left,1,13,32,Non-Hispanic,,Female,White,550502,2022-01-05 21:30:15,
184,experimental_left,0,18,32,Non-Hispanic,,Female,White,550502,2022-01-05 21:30:15,
184,experimental_left,1,9,32,Non-Hispanic,,Female,White,550502,2022-01-05 21:30:15,
184,experimental_left,1,21,32,Non-Hispanic,,Female,White,550502,2022-01-05 21:30:15,
184,experimental_left,0,16,32,Non-Hispanic,,Female,White,550502,2022-01-05 21:30:15,
184,experimental_left,1,7,32,Non-Hispanic,,Female,White,550502,2022-01-05 21:30:15,
184,experimental_left,1,3,32,Non-Hispanic,,Female,White,550502,2022-01-05 21:30:15,
184,experimental_left,0,20,32,Non-Hispanic,,Female,White,550502,2022-01-05 21:30:15,
184,experimental_left,0,6,32,Non-Hispanic,,Female,White,550502,2022-01-05 21:30:15,
184,experimental_left,0,8,32,Non-Hispanic,,Female,White,550502,2022-01-05 21:30:15,
184,experimental_left,1,11,32,Non-Hispanic,,Female,White,550502,2022-01-05 21:30:15,
184,experimental_left,0,14,32,Non-Hispanic,,Female,White,550502,2022-01-05 21:30:15,
184,experimental_left,0,4,32,Non-Hispanic,,Female,White,550502,2022-01-05 21:30:15,
184,experimental_left,1,17,32,Non-Hispanic,,Female,White,550502,2022-01-05 21:30:15,
184,experimental_left,0,19,32,Non-Hispanic,,Female,White,550502,2022-01-05 21:30:15,
111,experimental_left,1,1,22,Non-Hispanic,The graphics being easy to understand influenced me most.,Female,White,582530,2022-01-05 21:11:44,
111,experimental_left,0,2,22,Non-Hispanic,The graphics being easy to understand influenced me most.,Female,White,582530,2022-01-05 21:11:44,
111,experimental_left,1,17,22,Non-Hispanic,The graphics being easy to understand influenced me most.,Female,White,582530,2022-01-05 21:11:44,
111,experimental_left,1,18,22,Non-Hispanic,The graphics being easy to understand influenced me most.,Female,White,582530,2022-01-05 21:11:44,
111,experimental_left,1,13,22,Non-Hispanic,The graphics being easy to understand influenced me most.,Female,White,582530,2022-01-05 21:11:44,
111,experimental_left,1,7,22,Non-Hispanic,The graphics being easy to understand influenced me most.,Female,White,582530,2022-01-05 21:11:44,
111,experimental_left,1,5,22,Non-Hispanic,The graphics being easy to understand influenced me most.,Female,White,582530,2022-01-05 21:11:44,
111,experimental_left,1,15,22,Non-Hispanic,The graphics being easy to understand influenced me most.,Female,White,582530,2022-01-05 21:11:44,
111,experimental_left,0,4,22,Non-Hispanic,The graphics being easy to understand influenced me most.,Female,White,582530,2022-01-05 21:11:44,
111,experimental_left,0,16,22,Non-Hispanic,The graphics being easy to understand influenced me most.,Female,White,582530,2022-01-05 21:11:44,
111,experimental_left,0,8,22,Non-Hispanic,The graphics being easy to understand influenced me most.,Female,White,582530,2022-01-05 21:11:44,
111,experimental_left,0,14,22,Non-Hispanic,The graphics being easy to understand influenced me most.,Female,White,582530,2022-01-05 21:11:44,
111,experimental_left,1,22,22,Non-Hispanic,The graphics being easy to understand influenced me most.,Female,White,582530,2022-01-05 21:11:44,
111,experimental_left,1,20,22,Non-Hispanic,The graphics being easy to understand influenced me most.,Female,White,582530,2022-01-05 21:11:44,
111,experimental_left,1,19,22,Non-Hispanic,The graphics being easy to understand influenced me most.,Female,White,582530,2022-01-05 21:11:44,
111,experimental_left,1,3,22,Non-Hispanic,The graphics being easy to understand influenced me most.,Female,White,582530,2022-01-05 21:11:44,
111,experimental_left,1,11,22,Non-Hispanic,The graphics being easy to understand influenced me most.,Female,White,582530,2022-01-05 21:11:44,
111,experimental_left,1,9,22,Non-Hispanic,The graphics being easy to understand influenced me most.,Female,White,582530,2022-01-05 21:11:44,
111,experimental_left,1,12,22,Non-Hispanic,The graphics being easy to understand influenced me most.,Female,White,582530,2022-01-05 21:11:44,
111,experimental_left,0,10,22,Non-Hispanic,The graphics being easy to understand influenced me most.,Female,White,582530,2022-01-05 21:11:44,
111,experimental_left,1,6,22,Non-Hispanic,The graphics being easy to understand influenced me most.,Female,White,582530,2022-01-05 21:11:44,
111,experimental_left,1,21,22,Non-Hispanic,The graphics being easy to understand influenced me most.,Female,White,582530,2022-01-05 21:11:44,
97,experimental_left,0,1,73,Non-Hispanic,I just tried to figure the odds of someone going without receiving a flyer in either situation.,Female,White,634057,2022-01-05 21:07:31,
97,experimental_left,0,2,73,Non-Hispanic,I just tried to figure the odds of someone going without receiving a flyer in either situation.,Female,White,634057,2022-01-05 21:07:31,
97,experimental_left,0,22,73,Non-Hispanic,I just tried to figure the odds of someone going without receiving a flyer in either situation.,Female,White,634057,2022-01-05 21:07:31,
97,experimental_left,1,11,73,Non-Hispanic,I just tried to figure the odds of someone going without receiving a flyer in either situation.,Female,White,634057,2022-01-05 21:07:31,
97,experimental_left,0,14,73,Non-Hispanic,I just tried to figure the odds of someone going without receiving a flyer in either situation.,Female,White,634057,2022-01-05 21:07:31,
97,experimental_left,0,3,73,Non-Hispanic,I just tried to figure the odds of someone going without receiving a flyer in either situation.,Female,White,634057,2022-01-05 21:07:31,
97,experimental_left,0,18,73,Non-Hispanic,I just tried to figure the odds of someone going without receiving a flyer in either situation.,Female,White,634057,2022-01-05 21:07:31,
97,experimental_left,0,20,73,Non-Hispanic,I just tried to figure the odds of someone going without receiving a flyer in either situation.,Female,White,634057,2022-01-05 21:07:31,
97,experimental_left,1,17,73,Non-Hispanic,I just tried to figure the odds of someone going without receiving a flyer in either situation.,Female,White,634057,2022-01-05 21:07:31,
97,experimental_left,0,16,73,Non-Hispanic,I just tried to figure the odds of someone going without receiving a flyer in either situation.,Female,White,634057,2022-01-05 21:07:31,
97,experimental_left,0,21,73,Non-Hispanic,I just tried to figure the odds of someone going without receiving a flyer in either situation.,Female,White,634057,2022-01-05 21:07:31,
97,experimental_left,1,13,73,Non-Hispanic,I just tried to figure the odds of someone going without receiving a flyer in either situation.,Female,White,634057,2022-01-05 21:07:31,
97,experimental_left,0,7,73,Non-Hispanic,I just tried to figure the odds of someone going without receiving a flyer in either situation.,Female,White,634057,2022-01-05 21:07:31,
97,experimental_left,0,8,73,Non-Hispanic,I just tried to figure the odds of someone going without receiving a flyer in either situation.,Female,White,634057,2022-01-05 21:07:31,
97,experimental_left,0,4,73,Non-Hispanic,I just tried to figure the odds of someone going without receiving a flyer in either situation.,Female,White,634057,2022-01-05 21:07:31,
97,experimental_left,0,12,73,Non-Hispanic,I just tried to figure the odds of someone going without receiving a flyer in either situation.,Female,White,634057,2022-01-05 21:07:31,
97,experimental_left,1,5,73,Non-Hispanic,I just tried to figure the odds of someone going without receiving a flyer in either situation.,Female,White,634057,2022-01-05 21:07:31,
97,experimental_left,0,15,73,Non-Hispanic,I just tried to figure the odds of someone going without receiving a flyer in either situation.,Female,White,634057,2022-01-05 21:07:31,
97,experimental_left,0,6,73,Non-Hispanic,I just tried to figure the odds of someone going without receiving a flyer in either situation.,Female,White,634057,2022-01-05 21:07:31,
97,experimental_left,0,10,73,Non-Hispanic,I just tried to figure the odds of someone going without receiving a flyer in either situation.,Female,White,634057,2022-01-05 21:07:31,
97,experimental_left,0,9,73,Non-Hispanic,I just tried to figure the odds of someone going without receiving a flyer in either situation.,Female,White,634057,2022-01-05 21:07:31,
97,experimental_left,1,19,73,Non-Hispanic,I just tried to figure the odds of someone going without receiving a flyer in either situation.,Female,White,634057,2022-01-05 21:07:31,
115,experimental_left,0,1,24,Non-Hispanic,I was influenced by the ratio of tickets bought if people were handed or not handed a flyer. Plus the amount of movie goers amongst no flyers grabbed.,Male,White,1011723,2022-01-05 21:21:11,
115,experimental_left,0,2,24,Non-Hispanic,I was influenced by the ratio of tickets bought if people were handed or not handed a flyer. Plus the amount of movie goers amongst no flyers grabbed.,Male,White,1011723,2022-01-05 21:21:11,
115,experimental_left,1,13,24,Non-Hispanic,I was influenced by the ratio of tickets bought if people were handed or not handed a flyer. Plus the amount of movie goers amongst no flyers grabbed.,Male,White,1011723,2022-01-05 21:21:11,
115,experimental_left,0,17,24,Non-Hispanic,I was influenced by the ratio of tickets bought if people were handed or not handed a flyer. Plus the amount of movie goers amongst no flyers grabbed.,Male,White,1011723,2022-01-05 21:21:11,
115,experimental_left,1,10,24,Non-Hispanic,I was influenced by the ratio of tickets bought if people were handed or not handed a flyer. Plus the amount of movie goers amongst no flyers grabbed.,Male,White,1011723,2022-01-05 21:21:11,
115,experimental_left,0,6,24,Non-Hispanic,I was influenced by the ratio of tickets bought if people were handed or not handed a flyer. Plus the amount of movie goers amongst no flyers grabbed.,Male,White,1011723,2022-01-05 21:21:11,
115,experimental_left,0,8,24,Non-Hispanic,I was influenced by the ratio of tickets bought if people were handed or not handed a flyer. Plus the amount of movie goers amongst no flyers grabbed.,Male,White,1011723,2022-01-05 21:21:11,
115,experimental_left,0,4,24,Non-Hispanic,I was influenced by the ratio of tickets bought if people were handed or not handed a flyer. Plus the amount of movie goers amongst no flyers grabbed.,Male,White,1011723,2022-01-05 21:21:11,
115,experimental_left,0,5,24,Non-Hispanic,I was influenced by the ratio of tickets bought if people were handed or not handed a flyer. Plus the amount of movie goers amongst no flyers grabbed.,Male,White,1011723,2022-01-05 21:21:11,
115,experimental_left,0,12,24,Non-Hispanic,I was influenced by the ratio of tickets bought if people were handed or not handed a flyer. Plus the amount of movie goers amongst no flyers grabbed.,Male,White,1011723,2022-01-05 21:21:11,
115,experimental_left,0,3,24,Non-Hispanic,I was influenced by the ratio of tickets bought if people were handed or not handed a flyer. Plus the amount of movie goers amongst no flyers grabbed.,Male,White,1011723,2022-01-05 21:21:11,
115,experimental_left,0,7,24,Non-Hispanic,I was influenced by the ratio of tickets bought if people were handed or not handed a flyer. Plus the amount of movie goers amongst no flyers grabbed.,Male,White,1011723,2022-01-05 21:21:11,
115,experimental_left,1,19,24,Non-Hispanic,I was influenced by the ratio of tickets bought if people were handed or not handed a flyer. Plus the amount of movie goers amongst no flyers grabbed.,Male,White,1011723,2022-01-05 21:21:11,
115,experimental_left,0,15,24,Non-Hispanic,I was influenced by the ratio of tickets bought if people were handed or not handed a flyer. Plus the amount of movie goers amongst no flyers grabbed.,Male,White,1011723,2022-01-05 21:21:11,
115,experimental_left,0,9,24,Non-Hispanic,I was influenced by the ratio of tickets bought if people were handed or not handed a flyer. Plus the amount of movie goers amongst no flyers grabbed.,Male,White,1011723,2022-01-05 21:21:11,
115,experimental_left,1,22,24,Non-Hispanic,I was influenced by the ratio of tickets bought if people were handed or not handed a flyer. Plus the amount of movie goers amongst no flyers grabbed.,Male,White,1011723,2022-01-05 21:21:11,
115,experimental_left,0,20,24,Non-Hispanic,I was influenced by the ratio of tickets bought if people were handed or not handed a flyer. Plus the amount of movie goers amongst no flyers grabbed.,Male,White,1011723,2022-01-05 21:21:11,
115,experimental_left,0,16,24,Non-Hispanic,I was influenced by the ratio of tickets bought if people were handed or not handed a flyer. Plus the amount of movie goers amongst no flyers grabbed.,Male,White,1011723,2022-01-05 21:21:11,
115,experimental_left,0,18,24,Non-Hispanic,I was influenced by the ratio of tickets bought if people were handed or not handed a flyer. Plus the amount of movie goers amongst no flyers grabbed.,Male,White,1011723,2022-01-05 21:21:11,
115,experimental_left,1,21,24,Non-Hispanic,I was influenced by the ratio of tickets bought if people were handed or not handed a flyer. Plus the amount of movie goers amongst no flyers grabbed.,Male,White,1011723,2022-01-05 21:21:11,
115,experimental_left,1,11,24,Non-Hispanic,I was influenced by the ratio of tickets bought if people were handed or not handed a flyer. Plus the amount of movie goers amongst no flyers grabbed.,Male,White,1011723,2022-01-05 21:21:11,
115,experimental_left,0,14,24,Non-Hispanic,I was influenced by the ratio of tickets bought if people were handed or not handed a flyer. Plus the amount of movie goers amongst no flyers grabbed.,Male,White,1011723,2022-01-05 21:21:11,
79,experimental_left,0,1,36,Non-Hispanic,"For each theater, I decided to hand out a flyer if the data showed that those who received a flyer were more likely to return.",Male,Asian,873877,2022-01-04 00:42:16,
79,experimental_left,0,2,36,Non-Hispanic,"For each theater, I decided to hand out a flyer if the data showed that those who received a flyer were more likely to return.",Male,Asian,873877,2022-01-04 00:42:16,
79,experimental_left,0,4,36,Non-Hispanic,"For each theater, I decided to hand out a flyer if the data showed that those who received a flyer were more likely to return.",Male,Asian,873877,2022-01-04 00:42:16,
79,experimental_left,1,22,36,Non-Hispanic,"For each theater, I decided to hand out a flyer if the data showed that those who received a flyer were more likely to return.",Male,Asian,873877,2022-01-04 00:42:16,
79,experimental_left,1,17,36,Non-Hispanic,"For each theater, I decided to hand out a flyer if the data showed that those who received a flyer were more likely to return.",Male,Asian,873877,2022-01-04 00:42:16,
79,experimental_left,1,6,36,Non-Hispanic,"For each theater, I decided to hand out a flyer if the data showed that those who received a flyer were more likely to return.",Male,Asian,873877,2022-01-04 00:42:16,
79,experimental_left,1,19,36,Non-Hispanic,"For each theater, I decided to hand out a flyer if the data showed that those who received a flyer were more likely to return.",Male,Asian,873877,2022-01-04 00:42:16,
79,experimental_left,1,20,36,Non-Hispanic,"For each theater, I decided to hand out a flyer if the data showed that those who received a flyer were more likely to return.",Male,Asian,873877,2022-01-04 00:42:16,
79,experimental_left,0,3,36,Non-Hispanic,"For each theater, I decided to hand out a flyer if the data showed that those who received a flyer were more likely to return.",Male,Asian,873877,2022-01-04 00:42:16,
79,experimental_left,0,10,36,Non-Hispanic,"For each theater, I decided to hand out a flyer if the data showed that those who received a flyer were more likely to return.",Male,Asian,873877,2022-01-04 00:42:16,
79,experimental_left,0,14,36,Non-Hispanic,"For each theater, I decided to hand out a flyer if the data showed that those who received a flyer were more likely to return.",Male,Asian,873877,2022-01-04 00:42:16,
79,experimental_left,0,16,36,Non-Hispanic,"For each theater, I decided to hand out a flyer if the data showed that those who received a flyer were more likely to return.",Male,Asian,873877,2022-01-04 00:42:16,
79,experimental_left,0,21,36,Non-Hispanic,"For each theater, I decided to hand out a flyer if the data showed that those who received a flyer were more likely to return.",Male,Asian,873877,2022-01-04 00:42:16,
79,experimental_left,1,9,36,Non-Hispanic,"For each theater, I decided to hand out a flyer if the data showed that those who received a flyer were more likely to return.",Male,Asian,873877,2022-01-04 00:42:16,
79,experimental_left,1,11,36,Non-Hispanic,"For each theater, I decided to hand out a flyer if the data showed that those who received a flyer were more likely to return.",Male,Asian,873877,2022-01-04 00:42:16,
79,experimental_left,0,8,36,Non-Hispanic,"For each theater, I decided to hand out a flyer if the data showed that those who received a flyer were more likely to return.",Male,Asian,873877,2022-01-04 00:42:16,
79,experimental_left,1,12,36,Non-Hispanic,"For each theater, I decided to hand out a flyer if the data showed that those who received a flyer were more likely to return.",Male,Asian,873877,2022-01-04 00:42:16,
79,experimental_left,1,18,36,Non-Hispanic,"For each theater, I decided to hand out a flyer if the data showed that those who received a flyer were more likely to return.",Male,Asian,873877,2022-01-04 00:42:16,
79,experimental_left,1,5,36,Non-Hispanic,"For each theater, I decided to hand out a flyer if the data showed that those who received a flyer were more likely to return.",Male,Asian,873877,2022-01-04 00:42:16,
79,experimental_left,1,7,36,Non-Hispanic,"For each theater, I decided to hand out a flyer if the data showed that those who received a flyer were more likely to return.",Male,Asian,873877,2022-01-04 00:42:16,
79,experimental_left,1,15,36,Non-Hispanic,"For each theater, I decided to hand out a flyer if the data showed that those who received a flyer were more likely to return.",Male,Asian,873877,2022-01-04 00:42:16,
79,experimental_left,1,13,36,Non-Hispanic,"For each theater, I decided to hand out a flyer if the data showed that those who received a flyer were more likely to return.",Male,Asian,873877,2022-01-04 00:42:16,
93,experimental_left,1,1,20,Non-Hispanic,Just simple math. I was choosing the site where % were better.,Male,White,560804,2022-01-05 21:05:44,
93,experimental_left,1,2,20,Non-Hispanic,Just simple math. I was choosing the site where % were better.,Male,White,560804,2022-01-05 21:05:44,
93,experimental_left,1,15,20,Non-Hispanic,Just simple math. I was choosing the site where % were better.,Male,White,560804,2022-01-05 21:05:44,
93,experimental_left,1,18,20,Non-Hispanic,Just simple math. I was choosing the site where % were better.,Male,White,560804,2022-01-05 21:05:44,
93,experimental_left,1,22,20,Non-Hispanic,Just simple math. I was choosing the site where % were better.,Male,White,560804,2022-01-05 21:05:44,
93,experimental_left,1,20,20,Non-Hispanic,Just simple math. I was choosing the site where % were better.,Male,White,560804,2022-01-05 21:05:44,
93,experimental_left,1,19,20,Non-Hispanic,Just simple math. I was choosing the site where % were better.,Male,White,560804,2022-01-05 21:05:44,
93,experimental_left,1,13,20,Non-Hispanic,Just simple math. I was choosing the site where % were better.,Male,White,560804,2022-01-05 21:05:44,
93,experimental_left,0,3,20,Non-Hispanic,Just simple math. I was choosing the site where % were better.,Male,White,560804,2022-01-05 21:05:44,
93,experimental_left,0,8,20,Non-Hispanic,Just simple math. I was choosing the site where % were better.,Male,White,560804,2022-01-05 21:05:44,
93,experimental_left,1,6,20,Non-Hispanic,Just simple math. I was choosing the site where % were better.,Male,White,560804,2022-01-05 21:05:44,
93,experimental_left,1,5,20,Non-Hispanic,Just simple math. I was choosing the site where % were better.,Male,White,560804,2022-01-05 21:05:44,
93,experimental_left,0,4,20,Non-Hispanic,Just simple math. I was choosing the site where % were better.,Male,White,560804,2022-01-05 21:05:44,
93,experimental_left,1,11,20,Non-Hispanic,Just simple math. I was choosing the site where % were better.,Male,White,560804,2022-01-05 21:05:44,
93,experimental_left,0,10,20,Non-Hispanic,Just simple math. I was choosing the site where % were better.,Male,White,560804,2022-01-05 21:05:44,
93,experimental_left,1,21,20,Non-Hispanic,Just simple math. I was choosing the site where % were better.,Male,White,560804,2022-01-05 21:05:44,
93,experimental_left,1,7,20,Non-Hispanic,Just simple math. I was choosing the site where % were better.,Male,White,560804,2022-01-05 21:05:44,
93,experimental_left,1,14,20,Non-Hispanic,Just simple math. I was choosing the site where % were better.,Male,White,560804,2022-01-05 21:05:44,
93,experimental_left,1,17,20,Non-Hispanic,Just simple math. I was choosing the site where % were better.,Male,White,560804,2022-01-05 21:05:44,
93,experimental_left,1,9,20,Non-Hispanic,Just simple math. I was choosing the site where % were better.,Male,White,560804,2022-01-05 21:05:44,
93,experimental_left,0,16,20,Non-Hispanic,Just simple math. I was choosing the site where % were better.,Male,White,560804,2022-01-05 21:05:44,
93,experimental_left,1,12,20,Non-Hispanic,Just simple math. I was choosing the site where % were better.,Male,White,560804,2022-01-05 21:05:44,
190,experimental_left,1,1,21,Hispanic,the total number of people who had a flyer and decided to watch the movie.,Male,latino,959695,2022-01-05 21:41:24,
190,experimental_left,0,2,21,Hispanic,the total number of people who had a flyer and decided to watch the movie.,Male,latino,959695,2022-01-05 21:41:24,
190,experimental_left,0,22,21,Hispanic,the total number of people who had a flyer and decided to watch the movie.,Male,latino,959695,2022-01-05 21:41:24,
190,experimental_left,0,6,21,Hispanic,the total number of people who had a flyer and decided to watch the movie.,Male,latino,959695,2022-01-05 21:41:24,
190,experimental_left,1,13,21,Hispanic,the total number of people who had a flyer and decided to watch the movie.,Male,latino,959695,2022-01-05 21:41:24,
190,experimental_left,1,18,21,Hispanic,the total number of people who had a flyer and decided to watch the movie.,Male,latino,959695,2022-01-05 21:41:24,
190,experimental_left,1,5,21,Hispanic,the total number of people who had a flyer and decided to watch the movie.,Male,latino,959695,2022-01-05 21:41:24,
190,experimental_left,1,7,21,Hispanic,the total number of people who had a flyer and decided to watch the movie.,Male,latino,959695,2022-01-05 21:41:24,
190,experimental_left,0,14,21,Hispanic,the total number of people who had a flyer and decided to watch the movie.,Male,latino,959695,2022-01-05 21:41:24,
190,experimental_left,1,10,21,Hispanic,the total number of people who had a flyer and decided to watch the movie.,Male,latino,959695,2022-01-05 21:41:24,
190,experimental_left,1,3,21,Hispanic,the total number of people who had a flyer and decided to watch the movie.,Male,latino,959695,2022-01-05 21:41:24,
190,experimental_left,1,20,21,Hispanic,the total number of people who had a flyer and decided to watch the movie.,Male,latino,959695,2022-01-05 21:41:24,
190,experimental_left,1,11,21,Hispanic,the total number of people who had a flyer and decided to watch the movie.,Male,latino,959695,2022-01-05 21:41:24,
190,experimental_left,1,19,21,Hispanic,the total number of people who had a flyer and decided to watch the movie.,Male,latino,959695,2022-01-05 21:41:24,
190,experimental_left,1,12,21,Hispanic,the total number of people who had a flyer and decided to watch the movie.,Male,latino,959695,2022-01-05 21:41:24,
190,experimental_left,0,8,21,Hispanic,the total number of people who had a flyer and decided to watch the movie.,Male,latino,959695,2022-01-05 21:41:24,
190,experimental_left,1,17,21,Hispanic,the total number of people who had a flyer and decided to watch the movie.,Male,latino,959695,2022-01-05 21:41:24,
190,experimental_left,1,15,21,Hispanic,the total number of people who had a flyer and decided to watch the movie.,Male,latino,959695,2022-01-05 21:41:24,
190,experimental_left,1,4,21,Hispanic,the total number of people who had a flyer and decided to watch the movie.,Male,latino,959695,2022-01-05 21:41:24,
190,experimental_left,1,16,21,Hispanic,the total number of people who had a flyer and decided to watch the movie.,Male,latino,959695,2022-01-05 21:41:24,
190,experimental_left,1,21,21,Hispanic,the total number of people who had a flyer and decided to watch the movie.,Male,latino,959695,2022-01-05 21:41:24,
190,experimental_left,1,9,21,Hispanic,the total number of people who had a flyer and decided to watch the movie.,Male,latino,959695,2022-01-05 21:41:24,
89,experimental_left,1,1,23,Non-Hispanic,"I often look at how many people returned in total to see if it was worth giving out the flyer. I tried not to worry if It discouraged people because most of the time, people had a similar or higher chance of seeing the movie after seeing the flyer so I didn't
t mind the $0.50 cost even if the customer didn't return.",Female,Black/African American,719896,2022-01-05 21:07:55,
89,experimental_left,0,2,23,Non-Hispanic,"I often look at how many people returned in total to see if it was worth giving out the flyer. I tried not to worry if It discouraged people because most of the time, people had a similar or higher chance of seeing the movie after seeing the flyer so I didn't
t mind the $0.50 cost even if the customer didn't return.",Female,Black/African American,719896,2022-01-05 21:07:55,
89,experimental_left,1,22,23,Non-Hispanic,"I often look at how many people returned in total to see if it was worth giving out the flyer. I tried not to worry if It discouraged people because most of the time, people had a similar or higher chance of seeing the movie after seeing the flyer so I didn't
t mind the $0.50 cost even if the customer didn't return.",Female,Black/African American,719896,2022-01-05 21:07:55,
89,experimental_left,1,10,23,Non-Hispanic,"I often look at how many people returned in total to see if it was worth giving out the flyer. I tried not to worry if It discouraged people because most of the time, people had a similar or higher chance of seeing the movie after seeing the flyer so I didn't
t mind the $0.50 cost even if the customer didn't return.",Female,Black/African American,719896,2022-01-05 21:07:55,
89,experimental_left,1,20,23,Non-Hispanic,"I often look at how many people returned in total to see if it was worth giving out the flyer. I tried not to worry if It discouraged people because most of the time, people had a similar or higher chance of seeing the movie after seeing the flyer so I didn't
t mind the $0.50 cost even if the customer didn't return.",Female,Black/African American,719896,2022-01-05 21:07:55,
89,experimental_left,1,19,23,Non-Hispanic,"I often look at how many people returned in total to see if it was worth giving out the flyer. I tried not to worry if It discouraged people because most of the time, people had a similar or higher chance of seeing the movie after seeing the flyer so I didn't
t mind the $0.50 cost even if the customer didn't return.",Female,Black/African American,719896,2022-01-05 21:07:55,
89,experimental_left,1,6,23,Non-Hispanic,"I often look at how many people returned in total to see if it was worth giving out the flyer. I tried not to worry if It discouraged people because most of the time, people had a similar or higher chance of seeing the movie after seeing the flyer so I didn't
t mind the $0.50 cost even if the customer didn't return.",Female,Black/African American,719896,2022-01-05 21:07:55,
89,experimental_left,1,21,23,Non-Hispanic,"I often look at how many people returned in total to see if it was worth giving out the flyer. I tried not to worry if It discouraged people because most of the time, people had a similar or higher chance of seeing the movie after seeing the flyer so I didn't
t mind the $0.50 cost even if the customer didn't return.",Female,Black/African American,719896,2022-01-05 21:07:55,
89,experimental_left,1,5,23,Non-Hispanic,"I often look at how many people returned in total to see if it was worth giving out the flyer. I tried not to worry if It discouraged people because most of the time, people had a similar or higher chance of seeing the movie after seeing the flyer so I didn't
t mind the $0.50 cost even if the customer didn't return.",Female,Black/African American,719896,2022-01-05 21:07:55,
89,experimental_left,1,17,23,Non-Hispanic,"I often look at how many people returned in total to see if it was worth giving out the flyer. I tried not to worry if It discouraged people because most of the time, people had a similar or higher chance of seeing the movie after seeing the flyer so I didn't
t mind the $0.50 cost even if the customer didn't return.",Female,Black/African American,719896,2022-01-05 21:07:55,
89,experimental_left,1,15,23,Non-Hispanic,"I often look at how many people returned in total to see if it was worth giving out the flyer. I tried not to worry if It discouraged people because most of the time, people had a similar or higher chance of seeing the movie after seeing the flyer so I didn't
t mind the $0.50 cost even if the customer didn't return.",Female,Black/African American,719896,2022-01-05 21:07:55,
89,experimental_left,1,9,23,Non-Hispanic,"I often look at how many people returned in total to see if it was worth giving out the flyer. I tried not to worry if It discouraged people because most of the time, people had a similar or higher chance of seeing the movie after seeing the flyer so I didn't
t mind the $0.50 cost even if the customer didn't return.",Female,Black/African American,719896,2022-01-05 21:07:55,
89,experimental_left,0,4,23,Non-Hispanic,"I often look at how many people returned in total to see if it was worth giving out the flyer. I tried not to worry if It discouraged people because most of the time, people had a similar or higher chance of seeing the movie after seeing the flyer so I didn't
t mind the $0.50 cost even if the customer didn't return.",Female,Black/African American,719896,2022-01-05 21:07:55,
89,experimental_left,1,12,23,Non-Hispanic,"I often look at how many people returned in total to see if it was worth giving out the flyer. I tried not to worry if It discouraged people because most of the time, people had a similar or higher chance of seeing the movie after seeing the flyer so I didn't
t mind the $0.50 cost even if the customer didn't return.",Female,Black/African American,719896,2022-01-05 21:07:55,
89,experimental_left,1,11,23,Non-Hispanic,"I often look at how many people returned in total to see if it was worth giving out the flyer. I tried not to worry if It discouraged people because most of the time, people had a similar or higher chance of seeing the movie after seeing the flyer so I didn't
t mind the $0.50 cost even if the customer didn't return.",Female,Black/African American,719896,2022-01-05 21:07:55,
89,experimental_left,1,7,23,Non-Hispanic,"I often look at how many people returned in total to see if it was worth giving out the flyer. I tried not to worry if It discouraged people because most of the time, people had a similar or higher chance of seeing the movie after seeing the flyer so I didn't
t mind the $0.50 cost even if the customer didn't return.",Female,Black/African American,719896,2022-01-05 21:07:55,
89,experimental_left,0,8,23,Non-Hispanic,"I often look at how many people returned in total to see if it was worth giving out the flyer. I tried not to worry if It discouraged people because most of the time, people had a similar or higher chance of seeing the movie after seeing the flyer so I didn't
t mind the $0.50 cost even if the customer didn't return.",Female,Black/African American,719896,2022-01-05 21:07:55,
89,experimental_left,1,18,23,Non-Hispanic,"I often look at how many people returned in total to see if it was worth giving out the flyer. I tried not to worry if It discouraged people because most of the time, people had a similar or higher chance of seeing the movie after seeing the flyer so I didn't
t mind the $0.50 cost even if the customer didn't return.",Female,Black/African American,719896,2022-01-05 21:07:55,
89,experimental_left,0,3,23,Non-Hispanic,"I often look at how many people returned in total to see if it was worth giving out the flyer. I tried not to worry if It discouraged people because most of the time, people had a similar or higher chance of seeing the movie after seeing the flyer so I didn't
t mind the $0.50 cost even if the customer didn't return.",Female,Black/African American,719896,2022-01-05 21:07:55,
89,experimental_left,1,13,23,Non-Hispanic,"I often look at how many people returned in total to see if it was worth giving out the flyer. I tried not to worry if It discouraged people because most of the time, people had a similar or higher chance of seeing the movie after seeing the flyer so I didn't
t mind the $0.50 cost even if the customer didn't return.",Female,Black/African American,719896,2022-01-05 21:07:55,
89,experimental_left,0,16,23,Non-Hispanic,"I often look at how many people returned in total to see if it was worth giving out the flyer. I tried not to worry if It discouraged people because most of the time, people had a similar or higher chance of seeing the movie after seeing the flyer so I didn't
t mind the $0.50 cost even if the customer didn't return.",Female,Black/African American,719896,2022-01-05 21:07:55,
89,experimental_left,0,14,23,Non-Hispanic,"I often look at how many people returned in total to see if it was worth giving out the flyer. I tried not to worry if It discouraged people because most of the time, people had a similar or higher chance of seeing the movie after seeing the flyer so I didn't
t mind the $0.50 cost even if the customer didn't return.",Female,Black/African American,719896,2022-01-05 21:07:55,
125,experimental_left,1,1,24,Hispanic,I compared ticket sales effectiveness between those who could take a flyer versus those who were handed one.,Male,White,1966866,2022-01-05 21:38:15,
125,experimental_left,1,2,24,Hispanic,I compared ticket sales effectiveness between those who could take a flyer versus those who were handed one.,Male,White,1966866,2022-01-05 21:38:15,
125,experimental_left,1,9,24,Hispanic,I compared ticket sales effectiveness between those who could take a flyer versus those who were handed one.,Male,White,1966866,2022-01-05 21:38:15,
125,experimental_left,1,13,24,Hispanic,I compared ticket sales effectiveness between those who could take a flyer versus those who were handed one.,Male,White,1966866,2022-01-05 21:38:15,
125,experimental_left,0,6,24,Hispanic,I compared ticket sales effectiveness between those who could take a flyer versus those who were handed one.,Male,White,1966866,2022-01-05 21:38:15,
125,experimental_left,1,15,24,Hispanic,I compared ticket sales effectiveness between those who could take a flyer versus those who were handed one.,Male,White,1966866,2022-01-05 21:38:15,
125,experimental_left,0,3,24,Hispanic,I compared ticket sales effectiveness between those who could take a flyer versus those who were handed one.,Male,White,1966866,2022-01-05 21:38:15,
125,experimental_left,1,5,24,Hispanic,I compared ticket sales effectiveness between those who could take a flyer versus those who were handed one.,Male,White,1966866,2022-01-05 21:38:15,
125,experimental_left,0,21,24,Hispanic,I compared ticket sales effectiveness between those who could take a flyer versus those who were handed one.,Male,White,1966866,2022-01-05 21:38:15,
125,experimental_left,1,12,24,Hispanic,I compared ticket sales effectiveness between those who could take a flyer versus those who were handed one.,Male,White,1966866,2022-01-05 21:38:15,
125,experimental_left,1,11,24,Hispanic,I compared ticket sales effectiveness between those who could take a flyer versus those who were handed one.,Male,White,1966866,2022-01-05 21:38:15,
125,experimental_left,0,20,24,Hispanic,I compared ticket sales effectiveness between those who could take a flyer versus those who were handed one.,Male,White,1966866,2022-01-05 21:38:15,
125,experimental_left,0,16,24,Hispanic,I compared ticket sales effectiveness between those who could take a flyer versus those who were handed one.,Male,White,1966866,2022-01-05 21:38:15,
125,experimental_left,1,18,24,Hispanic,I compared ticket sales effectiveness between those who could take a flyer versus those who were handed one.,Male,White,1966866,2022-01-05 21:38:15,
125,experimental_left,0,4,24,Hispanic,I compared ticket sales effectiveness between those who could take a flyer versus those who were handed one.,Male,White,1966866,2022-01-05 21:38:15,
125,experimental_left,1,14,24,Hispanic,I compared ticket sales effectiveness between those who could take a flyer versus those who were handed one.,Male,White,1966866,2022-01-05 21:38:15,
125,experimental_left,0,22,24,Hispanic,I compared ticket sales effectiveness between those who could take a flyer versus those who were handed one.,Male,White,1966866,2022-01-05 21:38:15,
125,experimental_left,1,7,24,Hispanic,I compared ticket sales effectiveness between those who could take a flyer versus those who were handed one.,Male,White,1966866,2022-01-05 21:38:15,
125,experimental_left,0,8,24,Hispanic,I compared ticket sales effectiveness between those who could take a flyer versus those who were handed one.,Male,White,1966866,2022-01-05 21:38:15,
125,experimental_left,0,10,24,Hispanic,I compared ticket sales effectiveness between those who could take a flyer versus those who were handed one.,Male,White,1966866,2022-01-05 21:38:15,
125,experimental_left,1,17,24,Hispanic,I compared ticket sales effectiveness between those who could take a flyer versus those who were handed one.,Male,White,1966866,2022-01-05 21:38:15,
125,experimental_left,1,19,24,Hispanic,I compared ticket sales effectiveness between those who could take a flyer versus those who were handed one.,Male,White,1966866,2022-01-05 21:38:15,
132,experimental_left,1,1,45,Non-Hispanic,I was mostly influenced by how many people returned to see the movie if they didn't have a flyer and then the means by which they got the flyer.,Female,White,574539,2022-01-05 21:19:17,
132,experimental_left,0,2,45,Non-Hispanic,I was mostly influenced by how many people returned to see the movie if they didn't have a flyer and then the means by which they got the flyer.,Female,White,574539,2022-01-05 21:19:17,
132,experimental_left,0,5,45,Non-Hispanic,I was mostly influenced by how many people returned to see the movie if they didn't have a flyer and then the means by which they got the flyer.,Female,White,574539,2022-01-05 21:19:17,
132,experimental_left,0,3,45,Non-Hispanic,I was mostly influenced by how many people returned to see the movie if they didn't have a flyer and then the means by which they got the flyer.,Female,White,574539,2022-01-05 21:19:17,
132,experimental_left,0,16,45,Non-Hispanic,I was mostly influenced by how many people returned to see the movie if they didn't have a flyer and then the means by which they got the flyer.,Female,White,574539,2022-01-05 21:19:17,
132,experimental_left,1,13,45,Non-Hispanic,I was mostly influenced by how many people returned to see the movie if they didn't have a flyer and then the means by which they got the flyer.,Female,White,574539,2022-01-05 21:19:17,
132,experimental_left,0,10,45,Non-Hispanic,I was mostly influenced by how many people returned to see the movie if they didn't have a flyer and then the means by which they got the flyer.,Female,White,574539,2022-01-05 21:19:17,
132,experimental_left,1,21,45,Non-Hispanic,I was mostly influenced by how many people returned to see the movie if they didn't have a flyer and then the means by which they got the flyer.,Female,White,574539,2022-01-05 21:19:17,
132,experimental_left,0,9,45,Non-Hispanic,I was mostly influenced by how many people returned to see the movie if they didn't have a flyer and then the means by which they got the flyer.,Female,White,574539,2022-01-05 21:19:17,
132,experimental_left,0,18,45,Non-Hispanic,I was mostly influenced by how many people returned to see the movie if they didn't have a flyer and then the means by which they got the flyer.,Female,White,574539,2022-01-05 21:19:17,
132,experimental_left,1,19,45,Non-Hispanic,I was mostly influenced by how many people returned to see the movie if they didn't have a flyer and then the means by which they got the flyer.,Female,White,574539,2022-01-05 21:19:17,
132,experimental_left,0,6,45,Non-Hispanic,I was mostly influenced by how many people returned to see the movie if they didn't have a flyer and then the means by which they got the flyer.,Female,White,574539,2022-01-05 21:19:17,
132,experimental_left,0,4,45,Non-Hispanic,I was mostly influenced by how many people returned to see the movie if they didn't have a flyer and then the means by which they got the flyer.,Female,White,574539,2022-01-05 21:19:17,
132,experimental_left,0,22,45,Non-Hispanic,I was mostly influenced by how many people returned to see the movie if they didn't have a flyer and then the means by which they got the flyer.,Female,White,574539,2022-01-05 21:19:17,
132,experimental_left,0,14,45,Non-Hispanic,I was mostly influenced by how many people returned to see the movie if they didn't have a flyer and then the means by which they got the flyer.,Female,White,574539,2022-01-05 21:19:17,
132,experimental_left,0,17,45,Non-Hispanic,I was mostly influenced by how many people returned to see the movie if they didn't have a flyer and then the means by which they got the flyer.,Female,White,574539,2022-01-05 21:19:17,
132,experimental_left,1,11,45,Non-Hispanic,I was mostly influenced by how many people returned to see the movie if they didn't have a flyer and then the means by which they got the flyer.,Female,White,574539,2022-01-05 21:19:17,
132,experimental_left,1,15,45,Non-Hispanic,I was mostly influenced by how many people returned to see the movie if they didn't have a flyer and then the means by which they got the flyer.,Female,White,574539,2022-01-05 21:19:17,
132,experimental_left,0,20,45,Non-Hispanic,I was mostly influenced by how many people returned to see the movie if they didn't have a flyer and then the means by which they got the flyer.,Female,White,574539,2022-01-05 21:19:17,
132,experimental_left,1,12,45,Non-Hispanic,I was mostly influenced by how many people returned to see the movie if they didn't have a flyer and then the means by which they got the flyer.,Female,White,574539,2022-01-05 21:19:17,
132,experimental_left,0,8,45,Non-Hispanic,I was mostly influenced by how many people returned to see the movie if they didn't have a flyer and then the means by which they got the flyer.,Female,White,574539,2022-01-05 21:19:17,
132,experimental_left,1,7,45,Non-Hispanic,I was mostly influenced by how many people returned to see the movie if they didn't have a flyer and then the means by which they got the flyer.,Female,White,574539,2022-01-05 21:19:17,
99,experimental_left,1,1,25,Non-Hispanic,My decisions depended on how well the Flyers obtained did compared to the flyers handed out. ,Male,White,1028350,2022-01-05 21:16:06,
99,experimental_left,0,2,25,Non-Hispanic,My decisions depended on how well the Flyers obtained did compared to the flyers handed out. ,Male,White,1028350,2022-01-05 21:16:06,
99,experimental_left,0,21,25,Non-Hispanic,My decisions depended on how well the Flyers obtained did compared to the flyers handed out. ,Male,White,1028350,2022-01-05 21:16:06,
99,experimental_left,0,17,25,Non-Hispanic,My decisions depended on how well the Flyers obtained did compared to the flyers handed out. ,Male,White,1028350,2022-01-05 21:16:06,
99,experimental_left,1,14,25,Non-Hispanic,My decisions depended on how well the Flyers obtained did compared to the flyers handed out. ,Male,White,1028350,2022-01-05 21:16:06,
99,experimental_left,1,22,25,Non-Hispanic,My decisions depended on how well the Flyers obtained did compared to the flyers handed out. ,Male,White,1028350,2022-01-05 21:16:06,
99,experimental_left,0,5,25,Non-Hispanic,My decisions depended on how well the Flyers obtained did compared to the flyers handed out. ,Male,White,1028350,2022-01-05 21:16:06,
99,experimental_left,1,12,25,Non-Hispanic,My decisions depended on how well the Flyers obtained did compared to the flyers handed out. ,Male,White,1028350,2022-01-05 21:16:06,
99,experimental_left,1,3,25,Non-Hispanic,My decisions depended on how well the Flyers obtained did compared to the flyers handed out. ,Male,White,1028350,2022-01-05 21:16:06,
99,experimental_left,0,4,25,Non-Hispanic,My decisions depended on how well the Flyers obtained did compared to the flyers handed out. ,Male,White,1028350,2022-01-05 21:16:06,
99,experimental_left,1,20,25,Non-Hispanic,My decisions depended on how well the Flyers obtained did compared to the flyers handed out. ,Male,White,1028350,2022-01-05 21:16:06,
99,experimental_left,0,10,25,Non-Hispanic,My decisions depended on how well the Flyers obtained did compared to the flyers handed out. ,Male,White,1028350,2022-01-05 21:16:06,
99,experimental_left,0,16,25,Non-Hispanic,My decisions depended on how well the Flyers obtained did compared to the flyers handed out. ,Male,White,1028350,2022-01-05 21:16:06,
99,experimental_left,0,8,25,Non-Hispanic,My decisions depended on how well the Flyers obtained did compared to the flyers handed out. ,Male,White,1028350,2022-01-05 21:16:06,
99,experimental_left,1,7,25,Non-Hispanic,My decisions depended on how well the Flyers obtained did compared to the flyers handed out. ,Male,White,1028350,2022-01-05 21:16:06,
99,experimental_left,1,13,25,Non-Hispanic,My decisions depended on how well the Flyers obtained did compared to the flyers handed out. ,Male,White,1028350,2022-01-05 21:16:06,
99,experimental_left,1,15,25,Non-Hispanic,My decisions depended on how well the Flyers obtained did compared to the flyers handed out. ,Male,White,1028350,2022-01-05 21:16:06,
99,experimental_left,0,11,25,Non-Hispanic,My decisions depended on how well the Flyers obtained did compared to the flyers handed out. ,Male,White,1028350,2022-01-05 21:16:06,
99,experimental_left,0,6,25,Non-Hispanic,My decisions depended on how well the Flyers obtained did compared to the flyers handed out. ,Male,White,1028350,2022-01-05 21:16:06,
99,experimental_left,0,9,25,Non-Hispanic,My decisions depended on how well the Flyers obtained did compared to the flyers handed out. ,Male,White,1028350,2022-01-05 21:16:06,
99,experimental_left,0,18,25,Non-Hispanic,My decisions depended on how well the Flyers obtained did compared to the flyers handed out. ,Male,White,1028350,2022-01-05 21:16:06,
99,experimental_left,0,19,25,Non-Hispanic,My decisions depended on how well the Flyers obtained did compared to the flyers handed out. ,Male,White,1028350,2022-01-05 21:16:06,
161,experimental_left,1,1,26,Non-Hispanic,feeling,Male,White,464642,2022-01-05 21:24:48,
161,experimental_left,0,2,26,Non-Hispanic,feeling,Male,White,464642,2022-01-05 21:24:48,
161,experimental_left,0,7,26,Non-Hispanic,feeling,Male,White,464642,2022-01-05 21:24:48,
161,experimental_left,0,19,26,Non-Hispanic,feeling,Male,White,464642,2022-01-05 21:24:48,
161,experimental_left,1,22,26,Non-Hispanic,feeling,Male,White,464642,2022-01-05 21:24:48,
161,experimental_left,1,15,26,Non-Hispanic,feeling,Male,White,464642,2022-01-05 21:24:48,
161,experimental_left,0,6,26,Non-Hispanic,feeling,Male,White,464642,2022-01-05 21:24:48,
161,experimental_left,1,16,26,Non-Hispanic,feeling,Male,White,464642,2022-01-05 21:24:48,
161,experimental_left,1,12,26,Non-Hispanic,feeling,Male,White,464642,2022-01-05 21:24:48,
161,experimental_left,0,3,26,Non-Hispanic,feeling,Male,White,464642,2022-01-05 21:24:48,
161,experimental_left,1,13,26,Non-Hispanic,feeling,Male,White,464642,2022-01-05 21:24:48,
161,experimental_left,1,18,26,Non-Hispanic,feeling,Male,White,464642,2022-01-05 21:24:48,
161,experimental_left,0,11,26,Non-Hispanic,feeling,Male,White,464642,2022-01-05 21:24:48,
161,experimental_left,1,4,26,Non-Hispanic,feeling,Male,White,464642,2022-01-05 21:24:48,
161,experimental_left,0,9,26,Non-Hispanic,feeling,Male,White,464642,2022-01-05 21:24:48,
161,experimental_left,0,17,26,Non-Hispanic,feeling,Male,White,464642,2022-01-05 21:24:48,
161,experimental_left,0,5,26,Non-Hispanic,feeling,Male,White,464642,2022-01-05 21:24:48,
161,experimental_left,1,10,26,Non-Hispanic,feeling,Male,White,464642,2022-01-05 21:24:48,
161,experimental_left,1,14,26,Non-Hispanic,feeling,Male,White,464642,2022-01-05 21:24:48,
161,experimental_left,1,8,26,Non-Hispanic,feeling,Male,White,464642,2022-01-05 21:24:48,
161,experimental_left,0,21,26,Non-Hispanic,feeling,Male,White,464642,2022-01-05 21:24:48,
161,experimental_left,1,20,26,Non-Hispanic,feeling,Male,White,464642,2022-01-05 21:24:48,
149,experimental_left,0,1,22,,It was influenced by the number of people who went if flyers were handed out,Male,Black/African American,334283,2022-01-05 21:20:34,
149,experimental_left,1,2,22,,It was influenced by the number of people who went if flyers were handed out,Male,Black/African American,334283,2022-01-05 21:20:34,
149,experimental_left,1,20,22,,It was influenced by the number of people who went if flyers were handed out,Male,Black/African American,334283,2022-01-05 21:20:34,
149,experimental_left,1,10,22,,It was influenced by the number of people who went if flyers were handed out,Male,Black/African American,334283,2022-01-05 21:20:34,
149,experimental_left,0,22,22,,It was influenced by the number of people who went if flyers were handed out,Male,Black/African American,334283,2022-01-05 21:20:34,
149,experimental_left,0,17,22,,It was influenced by the number of people who went if flyers were handed out,Male,Black/African American,334283,2022-01-05 21:20:34,
149,experimental_left,1,15,22,,It was influenced by the number of people who went if flyers were handed out,Male,Black/African American,334283,2022-01-05 21:20:34,
149,experimental_left,1,4,22,,It was influenced by the number of people who went if flyers were handed out,Male,Black/African American,334283,2022-01-05 21:20:34,
149,experimental_left,1,3,22,,It was influenced by the number of people who went if flyers were handed out,Male,Black/African American,334283,2022-01-05 21:20:34,
149,experimental_left,0,13,22,,It was influenced by the number of people who went if flyers were handed out,Male,Black/African American,334283,2022-01-05 21:20:34,
149,experimental_left,1,7,22,,It was influenced by the number of people who went if flyers were handed out,Male,Black/African American,334283,2022-01-05 21:20:34,
149,experimental_left,0,16,22,,It was influenced by the number of people who went if flyers were handed out,Male,Black/African American,334283,2022-01-05 21:20:34,
149,experimental_left,1,5,22,,It was influenced by the number of people who went if flyers were handed out,Male,Black/African American,334283,2022-01-05 21:20:34,
149,experimental_left,1,14,22,,It was influenced by the number of people who went if flyers were handed out,Male,Black/African American,334283,2022-01-05 21:20:34,
149,experimental_left,0,6,22,,It was influenced by the number of people who went if flyers were handed out,Male,Black/African American,334283,2022-01-05 21:20:34,
149,experimental_left,1,11,22,,It was influenced by the number of people who went if flyers were handed out,Male,Black/African American,334283,2022-01-05 21:20:34,
149,experimental_left,1,9,22,,It was influenced by the number of people who went if flyers were handed out,Male,Black/African American,334283,2022-01-05 21:20:34,
149,experimental_left,1,21,22,,It was influenced by the number of people who went if flyers were handed out,Male,Black/African American,334283,2022-01-05 21:20:34,
149,experimental_left,1,8,22,,It was influenced by the number of people who went if flyers were handed out,Male,Black/African American,334283,2022-01-05 21:20:34,
149,experimental_left,0,19,22,,It was influenced by the number of people who went if flyers were handed out,Male,Black/African American,334283,2022-01-05 21:20:34,
149,experimental_left,1,12,22,,It was influenced by the number of people who went if flyers were handed out,Male,Black/African American,334283,2022-01-05 21:20:34,
149,experimental_left,1,18,22,,It was influenced by the number of people who went if flyers were handed out,Male,Black/African American,334283,2022-01-05 21:20:34,
177,experimental_left,1,1,22,Hispanic,"I looked at how many people with the flyer went into the theater for both the people who were handed one or those who could choose it themselves. If more people chose to go into the theater when they were handed one or obtained one, then I would hand one out.",Female,,2105541,2022-01-05 21:55:15,
177,experimental_left,0,2,22,Hispanic,"I looked at how many people with the flyer went into the theater for both the people who were handed one or those who could choose it themselves. If more people chose to go into the theater when they were handed one or obtained one, then I would hand one out.",Female,,2105541,2022-01-05 21:55:15,
177,experimental_left,1,17,22,Hispanic,"I looked at how many people with the flyer went into the theater for both the people who were handed one or those who could choose it themselves. If more people chose to go into the theater when they were handed one or obtained one, then I would hand one out.",Female,,2105541,2022-01-05 21:55:15,
177,experimental_left,1,19,22,Hispanic,"I looked at how many people with the flyer went into the theater for both the people who were handed one or those who could choose it themselves. If more people chose to go into the theater when they were handed one or obtained one, then I would hand one out.",Female,,2105541,2022-01-05 21:55:15,
177,experimental_left,0,16,22,Hispanic,"I looked at how many people with the flyer went into the theater for both the people who were handed one or those who could choose it themselves. If more people chose to go into the theater when they were handed one or obtained one, then I would hand one out.",Female,,2105541,2022-01-05 21:55:15,
177,experimental_left,1,21,22,Hispanic,"I looked at how many people with the flyer went into the theater for both the people who were handed one or those who could choose it themselves. If more people chose to go into the theater when they were handed one or obtained one, then I would hand one out.",Female,,2105541,2022-01-05 21:55:15,
177,experimental_left,1,13,22,Hispanic,"I looked at how many people with the flyer went into the theater for both the people who were handed one or those who could choose it themselves. If more people chose to go into the theater when they were handed one or obtained one, then I would hand one out.",Female,,2105541,2022-01-05 21:55:15,
177,experimental_left,1,12,22,Hispanic,"I looked at how many people with the flyer went into the theater for both the people who were handed one or those who could choose it themselves. If more people chose to go into the theater when they were handed one or obtained one, then I would hand one out.",Female,,2105541,2022-01-05 21:55:15,
177,experimental_left,1,5,22,Hispanic,"I looked at how many people with the flyer went into the theater for both the people who were handed one or those who could choose it themselves. If more people chose to go into the theater when they were handed one or obtained one, then I would hand one out.",Female,,2105541,2022-01-05 21:55:15,
177,experimental_left,1,3,22,Hispanic,"I looked at how many people with the flyer went into the theater for both the people who were handed one or those who could choose it themselves. If more people chose to go into the theater when they were handed one or obtained one, then I would hand one out.",Female,,2105541,2022-01-05 21:55:15,
177,experimental_left,1,9,22,Hispanic,"I looked at how many people with the flyer went into the theater for both the people who were handed one or those who could choose it themselves. If more people chose to go into the theater when they were handed one or obtained one, then I would hand one out.",Female,,2105541,2022-01-05 21:55:15,
177,experimental_left,1,20,22,Hispanic,"I looked at how many people with the flyer went into the theater for both the people who were handed one or those who could choose it themselves. If more people chose to go into the theater when they were handed one or obtained one, then I would hand one out.",Female,,2105541,2022-01-05 21:55:15,
177,experimental_left,1,18,22,Hispanic,"I looked at how many people with the flyer went into the theater for both the people who were handed one or those who could choose it themselves. If more people chose to go into the theater when they were handed one or obtained one, then I would hand one out.",Female,,2105541,2022-01-05 21:55:15,
177,experimental_left,1,11,22,Hispanic,"I looked at how many people with the flyer went into the theater for both the people who were handed one or those who could choose it themselves. If more people chose to go into the theater when they were handed one or obtained one, then I would hand one out.",Female,,2105541,2022-01-05 21:55:15,
177,experimental_left,1,6,22,Hispanic,"I looked at how many people with the flyer went into the theater for both the people who were handed one or those who could choose it themselves. If more people chose to go into the theater when they were handed one or obtained one, then I would hand one out.",Female,,2105541,2022-01-05 21:55:15,
177,experimental_left,0,7,22,Hispanic,"I looked at how many people with the flyer went into the theater for both the people who were handed one or those who could choose it themselves. If more people chose to go into the theater when they were handed one or obtained one, then I would hand one out.",Female,,2105541,2022-01-05 21:55:15,
177,experimental_left,0,4,22,Hispanic,"I looked at how many people with the flyer went into the theater for both the people who were handed one or those who could choose it themselves. If more people chose to go into the theater when they were handed one or obtained one, then I would hand one out.",Female,,2105541,2022-01-05 21:55:15,
177,experimental_left,0,14,22,Hispanic,"I looked at how many people with the flyer went into the theater for both the people who were handed one or those who could choose it themselves. If more people chose to go into the theater when they were handed one or obtained one, then I would hand one out.",Female,,2105541,2022-01-05 21:55:15,
177,experimental_left,0,22,22,Hispanic,"I looked at how many people with the flyer went into the theater for both the people who were handed one or those who could choose it themselves. If more people chose to go into the theater when they were handed one or obtained one, then I would hand one out.",Female,,2105541,2022-01-05 21:55:15,
177,experimental_left,0,8,22,Hispanic,"I looked at how many people with the flyer went into the theater for both the people who were handed one or those who could choose it themselves. If more people chose to go into the theater when they were handed one or obtained one, then I would hand one out.",Female,,2105541,2022-01-05 21:55:15,
177,experimental_left,0,15,22,Hispanic,"I looked at how many people with the flyer went into the theater for both the people who were handed one or those who could choose it themselves. If more people chose to go into the theater when they were handed one or obtained one, then I would hand one out.",Female,,2105541,2022-01-05 21:55:15,
177,experimental_left,0,10,22,Hispanic,"I looked at how many people with the flyer went into the theater for both the people who were handed one or those who could choose it themselves. If more people chose to go into the theater when they were handed one or obtained one, then I would hand one out.",Female,,2105541,2022-01-05 21:55:15,
101,experimental_left,1,1,41,Non-Hispanic,The number of leaflets handed out to people who went to see the film ,Male,White,1056991,2022-01-05 21:10:35,
101,experimental_left,0,2,41,Non-Hispanic,The number of leaflets handed out to people who went to see the film ,Male,White,1056991,2022-01-05 21:10:35,
101,experimental_left,0,20,41,Non-Hispanic,The number of leaflets handed out to people who went to see the film ,Male,White,1056991,2022-01-05 21:10:35,
101,experimental_left,0,17,41,Non-Hispanic,The number of leaflets handed out to people who went to see the film ,Male,White,1056991,2022-01-05 21:10:35,
101,experimental_left,0,16,41,Non-Hispanic,The number of leaflets handed out to people who went to see the film ,Male,White,1056991,2022-01-05 21:10:35,
101,experimental_left,0,3,41,Non-Hispanic,The number of leaflets handed out to people who went to see the film ,Male,White,1056991,2022-01-05 21:10:35,
101,experimental_left,0,13,41,Non-Hispanic,The number of leaflets handed out to people who went to see the film ,Male,White,1056991,2022-01-05 21:10:35,
101,experimental_left,0,12,41,Non-Hispanic,The number of leaflets handed out to people who went to see the film ,Male,White,1056991,2022-01-05 21:10:35,
101,experimental_left,0,9,41,Non-Hispanic,The number of leaflets handed out to people who went to see the film ,Male,White,1056991,2022-01-05 21:10:35,
101,experimental_left,0,11,41,Non-Hispanic,The number of leaflets handed out to people who went to see the film ,Male,White,1056991,2022-01-05 21:10:35,
101,experimental_left,1,15,41,Non-Hispanic,The number of leaflets handed out to people who went to see the film ,Male,White,1056991,2022-01-05 21:10:35,
101,experimental_left,1,10,41,Non-Hispanic,The number of leaflets handed out to people who went to see the film ,Male,White,1056991,2022-01-05 21:10:35,
101,experimental_left,1,8,41,Non-Hispanic,The number of leaflets handed out to people who went to see the film ,Male,White,1056991,2022-01-05 21:10:35,
101,experimental_left,1,4,41,Non-Hispanic,The number of leaflets handed out to people who went to see the film ,Male,White,1056991,2022-01-05 21:10:35,
101,experimental_left,0,18,41,Non-Hispanic,The number of leaflets handed out to people who went to see the film ,Male,White,1056991,2022-01-05 21:10:35,
101,experimental_left,0,5,41,Non-Hispanic,The number of leaflets handed out to people who went to see the film ,Male,White,1056991,2022-01-05 21:10:35,
101,experimental_left,0,19,41,Non-Hispanic,The number of leaflets handed out to people who went to see the film ,Male,White,1056991,2022-01-05 21:10:35,
101,experimental_left,0,7,41,Non-Hispanic,The number of leaflets handed out to people who went to see the film ,Male,White,1056991,2022-01-05 21:10:35,
101,experimental_left,1,22,41,Non-Hispanic,The number of leaflets handed out to people who went to see the film ,Male,White,1056991,2022-01-05 21:10:35,
101,experimental_left,1,21,41,Non-Hispanic,The number of leaflets handed out to people who went to see the film ,Male,White,1056991,2022-01-05 21:10:35,
101,experimental_left,1,14,41,Non-Hispanic,The number of leaflets handed out to people who went to see the film ,Male,White,1056991,2022-01-05 21:10:35,
101,experimental_left,0,6,41,Non-Hispanic,The number of leaflets handed out to people who went to see the film ,Male,White,1056991,2022-01-05 21:10:35,
136,experimental_left,1,1,24,Non-Hispanic,if significantly more went when they were handed a flyer ,Female,White,467661,2022-01-05 21:18:21,
136,experimental_left,0,2,24,Non-Hispanic,if significantly more went when they were handed a flyer ,Female,White,467661,2022-01-05 21:18:21,
136,experimental_left,1,22,24,Non-Hispanic,if significantly more went when they were handed a flyer ,Female,White,467661,2022-01-05 21:18:21,
136,experimental_left,0,14,24,Non-Hispanic,if significantly more went when they were handed a flyer ,Female,White,467661,2022-01-05 21:18:21,
136,experimental_left,0,7,24,Non-Hispanic,if significantly more went when they were handed a flyer ,Female,White,467661,2022-01-05 21:18:21,
136,experimental_left,1,17,24,Non-Hispanic,if significantly more went when they were handed a flyer ,Female,White,467661,2022-01-05 21:18:21,
136,experimental_left,0,10,24,Non-Hispanic,if significantly more went when they were handed a flyer ,Female,White,467661,2022-01-05 21:18:21,
136,experimental_left,1,12,24,Non-Hispanic,if significantly more went when they were handed a flyer ,Female,White,467661,2022-01-05 21:18:21,
136,experimental_left,0,5,24,Non-Hispanic,if significantly more went when they were handed a flyer ,Female,White,467661,2022-01-05 21:18:21,
136,experimental_left,0,4,24,Non-Hispanic,if significantly more went when they were handed a flyer ,Female,White,467661,2022-01-05 21:18:21,
136,experimental_left,1,6,24,Non-Hispanic,if significantly more went when they were handed a flyer ,Female,White,467661,2022-01-05 21:18:21,
136,experimental_left,0,8,24,Non-Hispanic,if significantly more went when they were handed a flyer ,Female,White,467661,2022-01-05 21:18:21,
136,experimental_left,1,9,24,Non-Hispanic,if significantly more went when they were handed a flyer ,Female,White,467661,2022-01-05 21:18:21,
136,experimental_left,1,20,24,Non-Hispanic,if significantly more went when they were handed a flyer ,Female,White,467661,2022-01-05 21:18:21,
136,experimental_left,0,3,24,Non-Hispanic,if significantly more went when they were handed a flyer ,Female,White,467661,2022-01-05 21:18:21,
136,experimental_left,1,15,24,Non-Hispanic,if significantly more went when they were handed a flyer ,Female,White,467661,2022-01-05 21:18:21,
136,experimental_left,1,19,24,Non-Hispanic,if significantly more went when they were handed a flyer ,Female,White,467661,2022-01-05 21:18:21,
136,experimental_left,1,18,24,Non-Hispanic,if significantly more went when they were handed a flyer ,Female,White,467661,2022-01-05 21:18:21,
136,experimental_left,1,21,24,Non-Hispanic,if significantly more went when they were handed a flyer ,Female,White,467661,2022-01-05 21:18:21,
136,experimental_left,0,11,24,Non-Hispanic,if significantly more went when they were handed a flyer ,Female,White,467661,2022-01-05 21:18:21,
136,experimental_left,0,16,24,Non-Hispanic,if significantly more went when they were handed a flyer ,Female,White,467661,2022-01-05 21:18:21,
136,experimental_left,0,13,24,Non-Hispanic,if significantly more went when they were handed a flyer ,Female,White,467661,2022-01-05 21:18:21,
155,experimental_left,1,1,52,Non-Hispanic,,Male,White,538944,2022-01-05 21:25:13,
155,experimental_left,0,2,52,Non-Hispanic,,Male,White,538944,2022-01-05 21:25:13,
155,experimental_left,1,12,52,Non-Hispanic,,Male,White,538944,2022-01-05 21:25:13,
155,experimental_left,0,16,52,Non-Hispanic,,Male,White,538944,2022-01-05 21:25:13,
155,experimental_left,1,11,52,Non-Hispanic,,Male,White,538944,2022-01-05 21:25:13,
155,experimental_left,0,10,52,Non-Hispanic,,Male,White,538944,2022-01-05 21:25:13,
155,experimental_left,1,14,52,Non-Hispanic,,Male,White,538944,2022-01-05 21:25:13,
155,experimental_left,1,17,52,Non-Hispanic,,Male,White,538944,2022-01-05 21:25:13,
155,experimental_left,1,5,52,Non-Hispanic,,Male,White,538944,2022-01-05 21:25:13,
155,experimental_left,1,19,52,Non-Hispanic,,Male,White,538944,2022-01-05 21:25:13,
155,experimental_left,0,8,52,Non-Hispanic,,Male,White,538944,2022-01-05 21:25:13,
155,experimental_left,1,15,52,Non-Hispanic,,Male,White,538944,2022-01-05 21:25:13,
155,experimental_left,1,21,52,Non-Hispanic,,Male,White,538944,2022-01-05 21:25:13,
155,experimental_left,0,4,52,Non-Hispanic,,Male,White,538944,2022-01-05 21:25:13,
155,experimental_left,0,18,52,Non-Hispanic,,Male,White,538944,2022-01-05 21:25:13,
155,experimental_left,1,3,52,Non-Hispanic,,Male,White,538944,2022-01-05 21:25:13,
155,experimental_left,0,6,52,Non-Hispanic,,Male,White,538944,2022-01-05 21:25:13,
155,experimental_left,1,13,52,Non-Hispanic,,Male,White,538944,2022-01-05 21:25:13,
155,experimental_left,0,22,52,Non-Hispanic,,Male,White,538944,2022-01-05 21:25:13,
155,experimental_left,1,20,52,Non-Hispanic,,Male,White,538944,2022-01-05 21:25:13,
155,experimental_left,1,9,52,Non-Hispanic,,Male,White,538944,2022-01-05 21:25:13,
155,experimental_left,1,7,52,Non-Hispanic,,Male,White,538944,2022-01-05 21:25:13,
165,experimental_left,0,1,29,Non-Hispanic,,Female,White,708350,2022-01-05 21:30:53,
165,experimental_left,0,2,29,Non-Hispanic,,Female,White,708350,2022-01-05 21:30:53,
165,experimental_left,0,8,29,Non-Hispanic,,Female,White,708350,2022-01-05 21:30:53,
165,experimental_left,1,22,29,Non-Hispanic,,Female,White,708350,2022-01-05 21:30:53,
165,experimental_left,1,15,29,Non-Hispanic,,Female,White,708350,2022-01-05 21:30:53,
165,experimental_left,1,6,29,Non-Hispanic,,Female,White,708350,2022-01-05 21:30:53,
165,experimental_left,0,4,29,Non-Hispanic,,Female,White,708350,2022-01-05 21:30:53,
165,experimental_left,1,18,29,Non-Hispanic,,Female,White,708350,2022-01-05 21:30:53,
165,experimental_left,0,10,29,Non-Hispanic,,Female,White,708350,2022-01-05 21:30:53,
165,experimental_left,0,13,29,Non-Hispanic,,Female,White,708350,2022-01-05 21:30:53,
165,experimental_left,0,11,29,Non-Hispanic,,Female,White,708350,2022-01-05 21:30:53,
165,experimental_left,1,21,29,Non-Hispanic,,Female,White,708350,2022-01-05 21:30:53,
165,experimental_left,1,12,29,Non-Hispanic,,Female,White,708350,2022-01-05 21:30:53,
165,experimental_left,1,3,29,Non-Hispanic,,Female,White,708350,2022-01-05 21:30:53,
165,experimental_left,1,9,29,Non-Hispanic,,Female,White,708350,2022-01-05 21:30:53,
165,experimental_left,0,17,29,Non-Hispanic,,Female,White,708350,2022-01-05 21:30:53,
165,experimental_left,0,16,29,Non-Hispanic,,Female,White,708350,2022-01-05 21:30:53,
165,experimental_left,0,14,29,Non-Hispanic,,Female,White,708350,2022-01-05 21:30:53,
165,experimental_left,1,20,29,Non-Hispanic,,Female,White,708350,2022-01-05 21:30:53,
165,experimental_left,0,19,29,Non-Hispanic,,Female,White,708350,2022-01-05 21:30:53,
165,experimental_left,0,7,29,Non-Hispanic,,Female,White,708350,2022-01-05 21:30:53,
165,experimental_left,0,5,29,Non-Hispanic,,Female,White,708350,2022-01-05 21:30:53,
193,experimental_left,1,1,25,Hispanic,On the cost of handing out a flyer and their reaction to it. // All the best in your research!,Female,Latina,667628,2022-01-05 21:43:35,
193,experimental_left,0,2,25,Hispanic,On the cost of handing out a flyer and their reaction to it. // All the best in your research!,Female,Latina,667628,2022-01-05 21:43:35,
193,experimental_left,0,22,25,Hispanic,On the cost of handing out a flyer and their reaction to it. // All the best in your research!,Female,Latina,667628,2022-01-05 21:43:35,
193,experimental_left,0,14,25,Hispanic,On the cost of handing out a flyer and their reaction to it. // All the best in your research!,Female,Latina,667628,2022-01-05 21:43:35,
193,experimental_left,1,17,25,Hispanic,On the cost of handing out a flyer and their reaction to it. // All the best in your research!,Female,Latina,667628,2022-01-05 21:43:35,
193,experimental_left,1,5,25,Hispanic,On the cost of handing out a flyer and their reaction to it. // All the best in your research!,Female,Latina,667628,2022-01-05 21:43:35,
193,experimental_left,0,4,25,Hispanic,On the cost of handing out a flyer and their reaction to it. // All the best in your research!,Female,Latina,667628,2022-01-05 21:43:35,
193,experimental_left,0,10,25,Hispanic,On the cost of handing out a flyer and their reaction to it. // All the best in your research!,Female,Latina,667628,2022-01-05 21:43:35,
193,experimental_left,1,9,25,Hispanic,On the cost of handing out a flyer and their reaction to it. // All the best in your research!,Female,Latina,667628,2022-01-05 21:43:35,
193,experimental_left,1,19,25,Hispanic,On the cost of handing out a flyer and their reaction to it. // All the best in your research!,Female,Latina,667628,2022-01-05 21:43:35,
193,experimental_left,0,16,25,Hispanic,On the cost of handing out a flyer and their reaction to it. // All the best in your research!,Female,Latina,667628,2022-01-05 21:43:35,
193,experimental_left,0,6,25,Hispanic,On the cost of handing out a flyer and their reaction to it. // All the best in your research!,Female,Latina,667628,2022-01-05 21:43:35,
193,experimental_left,0,15,25,Hispanic,On the cost of handing out a flyer and their reaction to it. // All the best in your research!,Female,Latina,667628,2022-01-05 21:43:35,
193,experimental_left,1,11,25,Hispanic,On the cost of handing out a flyer and their reaction to it. // All the best in your research!,Female,Latina,667628,2022-01-05 21:43:35,
193,experimental_left,1,13,25,Hispanic,On the cost of handing out a flyer and their reaction to it. // All the best in your research!,Female,Latina,667628,2022-01-05 21:43:35,
193,experimental_left,0,12,25,Hispanic,On the cost of handing out a flyer and their reaction to it. // All the best in your research!,Female,Latina,667628,2022-01-05 21:43:35,
193,experimental_left,0,20,25,Hispanic,On the cost of handing out a flyer and their reaction to it. // All the best in your research!,Female,Latina,667628,2022-01-05 21:43:35,
193,experimental_left,0,18,25,Hispanic,On the cost of handing out a flyer and their reaction to it. // All the best in your research!,Female,Latina,667628,2022-01-05 21:43:35,
193,experimental_left,0,8,25,Hispanic,On the cost of handing out a flyer and their reaction to it. // All the best in your research!,Female,Latina,667628,2022-01-05 21:43:35,
193,experimental_left,0,21,25,Hispanic,On the cost of handing out a flyer and their reaction to it. // All the best in your research!,Female,Latina,667628,2022-01-05 21:43:35,
193,experimental_left,1,7,25,Hispanic,On the cost of handing out a flyer and their reaction to it. // All the best in your research!,Female,Latina,667628,2022-01-05 21:43:35,
193,experimental_left,0,3,25,Hispanic,On the cost of handing out a flyer and their reaction to it. // All the best in your research!,Female,Latina,667628,2022-01-05 21:43:35,
159,experimental_left,1,1,44,Non-Hispanic,i chose based on the graph and how many tickets were in each box,Female,White,910046,2022-01-05 21:32:36,
159,experimental_left,1,2,44,Non-Hispanic,i chose based on the graph and how many tickets were in each box,Female,White,910046,2022-01-05 21:32:36,
159,experimental_left,1,5,44,Non-Hispanic,i chose based on the graph and how many tickets were in each box,Female,White,910046,2022-01-05 21:32:36,
159,experimental_left,0,22,44,Non-Hispanic,i chose based on the graph and how many tickets were in each box,Female,White,910046,2022-01-05 21:32:36,
159,experimental_left,1,13,44,Non-Hispanic,i chose based on the graph and how many tickets were in each box,Female,White,910046,2022-01-05 21:32:36,
159,experimental_left,0,18,44,Non-Hispanic,i chose based on the graph and how many tickets were in each box,Female,White,910046,2022-01-05 21:32:36,
159,experimental_left,0,6,44,Non-Hispanic,i chose based on the graph and how many tickets were in each box,Female,White,910046,2022-01-05 21:32:36,
159,experimental_left,0,21,44,Non-Hispanic,i chose based on the graph and how many tickets were in each box,Female,White,910046,2022-01-05 21:32:36,
159,experimental_left,0,3,44,Non-Hispanic,i chose based on the graph and how many tickets were in each box,Female,White,910046,2022-01-05 21:32:36,
159,experimental_left,0,4,44,Non-Hispanic,i chose based on the graph and how many tickets were in each box,Female,White,910046,2022-01-05 21:32:36,
159,experimental_left,0,16,44,Non-Hispanic,i chose based on the graph and how many tickets were in each box,Female,White,910046,2022-01-05 21:32:36,
159,experimental_left,0,8,44,Non-Hispanic,i chose based on the graph and how many tickets were in each box,Female,White,910046,2022-01-05 21:32:36,
159,experimental_left,0,14,44,Non-Hispanic,i chose based on the graph and how many tickets were in each box,Female,White,910046,2022-01-05 21:32:36,
159,experimental_left,1,11,44,Non-Hispanic,i chose based on the graph and how many tickets were in each box,Female,White,910046,2022-01-05 21:32:36,
159,experimental_left,0,9,44,Non-Hispanic,i chose based on the graph and how many tickets were in each box,Female,White,910046,2022-01-05 21:32:36,
159,experimental_left,0,15,44,Non-Hispanic,i chose based on the graph and how many tickets were in each box,Female,White,910046,2022-01-05 21:32:36,
159,experimental_left,1,19,44,Non-Hispanic,i chose based on the graph and how many tickets were in each box,Female,White,910046,2022-01-05 21:32:36,
159,experimental_left,0,20,44,Non-Hispanic,i chose based on the graph and how many tickets were in each box,Female,White,910046,2022-01-05 21:32:36,
159,experimental_left,1,7,44,Non-Hispanic,i chose based on the graph and how many tickets were in each box,Female,White,910046,2022-01-05 21:32:36,
159,experimental_left,1,17,44,Non-Hispanic,i chose based on the graph and how many tickets were in each box,Female,White,910046,2022-01-05 21:32:36,
159,experimental_left,0,10,44,Non-Hispanic,i chose based on the graph and how many tickets were in each box,Female,White,910046,2022-01-05 21:32:36,
159,experimental_left,0,12,44,Non-Hispanic,i chose based on the graph and how many tickets were in each box,Female,White,910046,2022-01-05 21:32:36,
134,experimental_left,1,1,25,Non-Hispanic,,Female,White,749332,2022-01-05 21:22:44,
134,experimental_left,1,2,25,Non-Hispanic,,Female,White,749332,2022-01-05 21:22:44,
134,experimental_left,0,8,25,Non-Hispanic,,Female,White,749332,2022-01-05 21:22:44,
134,experimental_left,1,7,25,Non-Hispanic,,Female,White,749332,2022-01-05 21:22:44,
134,experimental_left,1,5,25,Non-Hispanic,,Female,White,749332,2022-01-05 21:22:44,
134,experimental_left,1,10,25,Non-Hispanic,,Female,White,749332,2022-01-05 21:22:44,
134,experimental_left,0,14,25,Non-Hispanic,,Female,White,749332,2022-01-05 21:22:44,
134,experimental_left,1,19,25,Non-Hispanic,,Female,White,749332,2022-01-05 21:22:44,
134,experimental_left,1,16,25,Non-Hispanic,,Female,White,749332,2022-01-05 21:22:44,
134,experimental_left,1,13,25,Non-Hispanic,,Female,White,749332,2022-01-05 21:22:44,
134,experimental_left,1,22,25,Non-Hispanic,,Female,White,749332,2022-01-05 21:22:44,
134,experimental_left,1,18,25,Non-Hispanic,,Female,White,749332,2022-01-05 21:22:44,
134,experimental_left,1,17,25,Non-Hispanic,,Female,White,749332,2022-01-05 21:22:44,
134,experimental_left,1,20,25,Non-Hispanic,,Female,White,749332,2022-01-05 21:22:44,
134,experimental_left,1,9,25,Non-Hispanic,,Female,White,749332,2022-01-05 21:22:44,
134,experimental_left,1,15,25,Non-Hispanic,,Female,White,749332,2022-01-05 21:22:44,
134,experimental_left,1,21,25,Non-Hispanic,,Female,White,749332,2022-01-05 21:22:44,
134,experimental_left,1,6,25,Non-Hispanic,,Female,White,749332,2022-01-05 21:22:44,
134,experimental_left,1,3,25,Non-Hispanic,,Female,White,749332,2022-01-05 21:22:44,
134,experimental_left,0,4,25,Non-Hispanic,,Female,White,749332,2022-01-05 21:22:44,
134,experimental_left,1,12,25,Non-Hispanic,,Female,White,749332,2022-01-05 21:22:44,
134,experimental_left,1,11,25,Non-Hispanic,,Female,White,749332,2022-01-05 21:22:44,
170,experimental_left,0,1,30,Non-Hispanic,trying to factor in the cost of flyers specially when there was little difference between the number of returning and returning customers.,Male,White,1959625,2022-01-05 21:52:06,
170,experimental_left,0,2,30,Non-Hispanic,trying to factor in the cost of flyers specially when there was little difference between the number of returning and returning customers.,Male,White,1959625,2022-01-05 21:52:06,
170,experimental_left,1,15,30,Non-Hispanic,trying to factor in the cost of flyers specially when there was little difference between the number of returning and returning customers.,Male,White,1959625,2022-01-05 21:52:06,
170,experimental_left,1,3,30,Non-Hispanic,trying to factor in the cost of flyers specially when there was little difference between the number of returning and returning customers.,Male,White,1959625,2022-01-05 21:52:06,
170,experimental_left,1,20,30,Non-Hispanic,trying to factor in the cost of flyers specially when there was little difference between the number of returning and returning customers.,Male,White,1959625,2022-01-05 21:52:06,
170,experimental_left,1,11,30,Non-Hispanic,trying to factor in the cost of flyers specially when there was little difference between the number of returning and returning customers.,Male,White,1959625,2022-01-05 21:52:06,
170,experimental_left,1,12,30,Non-Hispanic,trying to factor in the cost of flyers specially when there was little difference between the number of returning and returning customers.,Male,White,1959625,2022-01-05 21:52:06,
170,experimental_left,1,22,30,Non-Hispanic,trying to factor in the cost of flyers specially when there was little difference between the number of returning and returning customers.,Male,White,1959625,2022-01-05 21:52:06,
170,experimental_left,1,7,30,Non-Hispanic,trying to factor in the cost of flyers specially when there was little difference between the number of returning and returning customers.,Male,White,1959625,2022-01-05 21:52:06,
170,experimental_left,1,17,30,Non-Hispanic,trying to factor in the cost of flyers specially when there was little difference between the number of returning and returning customers.,Male,White,1959625,2022-01-05 21:52:06,
170,experimental_left,0,14,30,Non-Hispanic,trying to factor in the cost of flyers specially when there was little difference between the number of returning and returning customers.,Male,White,1959625,2022-01-05 21:52:06,
170,experimental_left,0,8,30,Non-Hispanic,trying to factor in the cost of flyers specially when there was little difference between the number of returning and returning customers.,Male,White,1959625,2022-01-05 21:52:06,
170,experimental_left,1,18,30,Non-Hispanic,trying to factor in the cost of flyers specially when there was little difference between the number of returning and returning customers.,Male,White,1959625,2022-01-05 21:52:06,
170,experimental_left,1,21,30,Non-Hispanic,trying to factor in the cost of flyers specially when there was little difference between the number of returning and returning customers.,Male,White,1959625,2022-01-05 21:52:06,
170,experimental_left,0,4,30,Non-Hispanic,trying to factor in the cost of flyers specially when there was little difference between the number of returning and returning customers.,Male,White,1959625,2022-01-05 21:52:06,
170,experimental_left,1,13,30,Non-Hispanic,trying to factor in the cost of flyers specially when there was little difference between the number of returning and returning customers.,Male,White,1959625,2022-01-05 21:52:06,
170,experimental_left,1,10,30,Non-Hispanic,trying to factor in the cost of flyers specially when there was little difference between the number of returning and returning customers.,Male,White,1959625,2022-01-05 21:52:06,
170,experimental_left,1,5,30,Non-Hispanic,trying to factor in the cost of flyers specially when there was little difference between the number of returning and returning customers.,Male,White,1959625,2022-01-05 21:52:06,
170,experimental_left,1,19,30,Non-Hispanic,trying to factor in the cost of flyers specially when there was little difference between the number of returning and returning customers.,Male,White,1959625,2022-01-05 21:52:06,
170,experimental_left,1,16,30,Non-Hispanic,trying to factor in the cost of flyers specially when there was little difference between the number of returning and returning customers.,Male,White,1959625,2022-01-05 21:52:06,
170,experimental_left,1,6,30,Non-Hispanic,trying to factor in the cost of flyers specially when there was little difference between the number of returning and returning customers.,Male,White,1959625,2022-01-05 21:52:06,
170,experimental_left,1,9,30,Non-Hispanic,trying to factor in the cost of flyers specially when there was little difference between the number of returning and returning customers.,Male,White,1959625,2022-01-05 21:52:06,
176,experimental_left,1,1,45,Non-Hispanic,Number of people that showed up when the flyer was obtainable versus being handed a flyer,Female,White,1033626,2022-01-05 21:37:00,
176,experimental_left,0,2,45,Non-Hispanic,Number of people that showed up when the flyer was obtainable versus being handed a flyer,Female,White,1033626,2022-01-05 21:37:00,
176,experimental_left,1,11,45,Non-Hispanic,Number of people that showed up when the flyer was obtainable versus being handed a flyer,Female,White,1033626,2022-01-05 21:37:00,
176,experimental_left,0,21,45,Non-Hispanic,Number of people that showed up when the flyer was obtainable versus being handed a flyer,Female,White,1033626,2022-01-05 21:37:00,
176,experimental_left,1,17,45,Non-Hispanic,Number of people that showed up when the flyer was obtainable versus being handed a flyer,Female,White,1033626,2022-01-05 21:37:00,
176,experimental_left,0,5,45,Non-Hispanic,Number of people that showed up when the flyer was obtainable versus being handed a flyer,Female,White,1033626,2022-01-05 21:37:00,
176,experimental_left,0,14,45,Non-Hispanic,Number of people that showed up when the flyer was obtainable versus being handed a flyer,Female,White,1033626,2022-01-05 21:37:00,
176,experimental_left,0,10,45,Non-Hispanic,Number of people that showed up when the flyer was obtainable versus being handed a flyer,Female,White,1033626,2022-01-05 21:37:00,
176,experimental_left,0,6,45,Non-Hispanic,Number of people that showed up when the flyer was obtainable versus being handed a flyer,Female,White,1033626,2022-01-05 21:37:00,
176,experimental_left,1,7,45,Non-Hispanic,Number of people that showed up when the flyer was obtainable versus being handed a flyer,Female,White,1033626,2022-01-05 21:37:00,
176,experimental_left,1,12,45,Non-Hispanic,Number of people that showed up when the flyer was obtainable versus being handed a flyer,Female,White,1033626,2022-01-05 21:37:00,
176,experimental_left,1,13,45,Non-Hispanic,Number of people that showed up when the flyer was obtainable versus being handed a flyer,Female,White,1033626,2022-01-05 21:37:00,
176,experimental_left,0,4,45,Non-Hispanic,Number of people that showed up when the flyer was obtainable versus being handed a flyer,Female,White,1033626,2022-01-05 21:37:00,
176,experimental_left,0,9,45,Non-Hispanic,Number of people that showed up when the flyer was obtainable versus being handed a flyer,Female,White,1033626,2022-01-05 21:37:00,
176,experimental_left,0,20,45,Non-Hispanic,Number of people that showed up when the flyer was obtainable versus being handed a flyer,Female,White,1033626,2022-01-05 21:37:00,
176,experimental_left,1,19,45,Non-Hispanic,Number of people that showed up when the flyer was obtainable versus being handed a flyer,Female,White,1033626,2022-01-05 21:37:00,
176,experimental_left,1,15,45,Non-Hispanic,Number of people that showed up when the flyer was obtainable versus being handed a flyer,Female,White,1033626,2022-01-05 21:37:00,
176,experimental_left,0,8,45,Non-Hispanic,Number of people that showed up when the flyer was obtainable versus being handed a flyer,Female,White,1033626,2022-01-05 21:37:00,
176,experimental_left,0,18,45,Non-Hispanic,Number of people that showed up when the flyer was obtainable versus being handed a flyer,Female,White,1033626,2022-01-05 21:37:00,
176,experimental_left,0,22,45,Non-Hispanic,Number of people that showed up when the flyer was obtainable versus being handed a flyer,Female,White,1033626,2022-01-05 21:37:00,
176,experimental_left,0,3,45,Non-Hispanic,Number of people that showed up when the flyer was obtainable versus being handed a flyer,Female,White,1033626,2022-01-05 21:37:00,
176,experimental_left,0,16,45,Non-Hispanic,Number of people that showed up when the flyer was obtainable versus being handed a flyer,Female,White,1033626,2022-01-05 21:37:00,
185,experimental_left,1,1,27,Non-Hispanic,I looked at how many people returned vs who didn't return,Female,White,554524,2022-01-05 21:30:47,
185,experimental_left,0,2,27,Non-Hispanic,I looked at how many people returned vs who didn't return,Female,White,554524,2022-01-05 21:30:47,
185,experimental_left,0,3,27,Non-Hispanic,I looked at how many people returned vs who didn't return,Female,White,554524,2022-01-05 21:30:47,
185,experimental_left,0,10,27,Non-Hispanic,I looked at how many people returned vs who didn't return,Female,White,554524,2022-01-05 21:30:47,
185,experimental_left,1,9,27,Non-Hispanic,I looked at how many people returned vs who didn't return,Female,White,554524,2022-01-05 21:30:47,
185,experimental_left,0,11,27,Non-Hispanic,I looked at how many people returned vs who didn't return,Female,White,554524,2022-01-05 21:30:47,
185,experimental_left,0,22,27,Non-Hispanic,I looked at how many people returned vs who didn't return,Female,White,554524,2022-01-05 21:30:47,
185,experimental_left,1,7,27,Non-Hispanic,I looked at how many people returned vs who didn't return,Female,White,554524,2022-01-05 21:30:47,
185,experimental_left,0,16,27,Non-Hispanic,I looked at how many people returned vs who didn't return,Female,White,554524,2022-01-05 21:30:47,
185,experimental_left,1,21,27,Non-Hispanic,I looked at how many people returned vs who didn't return,Female,White,554524,2022-01-05 21:30:47,
185,experimental_left,0,8,27,Non-Hispanic,I looked at how many people returned vs who didn't return,Female,White,554524,2022-01-05 21:30:47,
185,experimental_left,0,20,27,Non-Hispanic,I looked at how many people returned vs who didn't return,Female,White,554524,2022-01-05 21:30:47,
185,experimental_left,1,18,27,Non-Hispanic,I looked at how many people returned vs who didn't return,Female,White,554524,2022-01-05 21:30:47,
185,experimental_left,0,4,27,Non-Hispanic,I looked at how many people returned vs who didn't return,Female,White,554524,2022-01-05 21:30:47,
185,experimental_left,1,14,27,Non-Hispanic,I looked at how many people returned vs who didn't return,Female,White,554524,2022-01-05 21:30:47,
185,experimental_left,0,13,27,Non-Hispanic,I looked at how many people returned vs who didn't return,Female,White,554524,2022-01-05 21:30:47,
185,experimental_left,1,6,27,Non-Hispanic,I looked at how many people returned vs who didn't return,Female,White,554524,2022-01-05 21:30:47,
185,experimental_left,0,19,27,Non-Hispanic,I looked at how many people returned vs who didn't return,Female,White,554524,2022-01-05 21:30:47,
185,experimental_left,0,12,27,Non-Hispanic,I looked at how many people returned vs who didn't return,Female,White,554524,2022-01-05 21:30:47,
185,experimental_left,0,17,27,Non-Hispanic,I looked at how many people returned vs who didn't return,Female,White,554524,2022-01-05 21:30:47,
185,experimental_left,1,5,27,Non-Hispanic,I looked at how many people returned vs who didn't return,Female,White,554524,2022-01-05 21:30:47,
185,experimental_left,1,15,27,Non-Hispanic,I looked at how many people returned vs who didn't return,Female,White,554524,2022-01-05 21:30:47,
144,experimental_left,1,1,33,Non-Hispanic,I was trying to figure out which theaters had patrons with the best response to flyers.,Female,White,1159082,2022-01-05 21:31:54,
144,experimental_left,0,2,33,Non-Hispanic,I was trying to figure out which theaters had patrons with the best response to flyers.,Female,White,1159082,2022-01-05 21:31:54,
144,experimental_left,0,16,33,Non-Hispanic,I was trying to figure out which theaters had patrons with the best response to flyers.,Female,White,1159082,2022-01-05 21:31:54,
144,experimental_left,1,7,33,Non-Hispanic,I was trying to figure out which theaters had patrons with the best response to flyers.,Female,White,1159082,2022-01-05 21:31:54,
144,experimental_left,1,21,33,Non-Hispanic,I was trying to figure out which theaters had patrons with the best response to flyers.,Female,White,1159082,2022-01-05 21:31:54,
144,experimental_left,1,15,33,Non-Hispanic,I was trying to figure out which theaters had patrons with the best response to flyers.,Female,White,1159082,2022-01-05 21:31:54,
144,experimental_left,1,17,33,Non-Hispanic,I was trying to figure out which theaters had patrons with the best response to flyers.,Female,White,1159082,2022-01-05 21:31:54,
144,experimental_left,1,5,33,Non-Hispanic,I was trying to figure out which theaters had patrons with the best response to flyers.,Female,White,1159082,2022-01-05 21:31:54,
144,experimental_left,1,12,33,Non-Hispanic,I was trying to figure out which theaters had patrons with the best response to flyers.,Female,White,1159082,2022-01-05 21:31:54,
144,experimental_left,1,22,33,Non-Hispanic,I was trying to figure out which theaters had patrons with the best response to flyers.,Female,White,1159082,2022-01-05 21:31:54,
144,experimental_left,1,11,33,Non-Hispanic,I was trying to figure out which theaters had patrons with the best response to flyers.,Female,White,1159082,2022-01-05 21:31:54,
144,experimental_left,1,6,33,Non-Hispanic,I was trying to figure out which theaters had patrons with the best response to flyers.,Female,White,1159082,2022-01-05 21:31:54,
144,experimental_left,0,10,33,Non-Hispanic,I was trying to figure out which theaters had patrons with the best response to flyers.,Female,White,1159082,2022-01-05 21:31:54,
144,experimental_left,1,18,33,Non-Hispanic,I was trying to figure out which theaters had patrons with the best response to flyers.,Female,White,1159082,2022-01-05 21:31:54,
144,experimental_left,0,9,33,Non-Hispanic,I was trying to figure out which theaters had patrons with the best response to flyers.,Female,White,1159082,2022-01-05 21:31:54,
144,experimental_left,0,4,33,Non-Hispanic,I was trying to figure out which theaters had patrons with the best response to flyers.,Female,White,1159082,2022-01-05 21:31:54,
144,experimental_left,0,3,33,Non-Hispanic,I was trying to figure out which theaters had patrons with the best response to flyers.,Female,White,1159082,2022-01-05 21:31:54,
144,experimental_left,1,20,33,Non-Hispanic,I was trying to figure out which theaters had patrons with the best response to flyers.,Female,White,1159082,2022-01-05 21:31:54,
144,experimental_left,1,13,33,Non-Hispanic,I was trying to figure out which theaters had patrons with the best response to flyers.,Female,White,1159082,2022-01-05 21:31:54,
144,experimental_left,0,14,33,Non-Hispanic,I was trying to figure out which theaters had patrons with the best response to flyers.,Female,White,1159082,2022-01-05 21:31:54,
144,experimental_left,1,19,33,Non-Hispanic,I was trying to figure out which theaters had patrons with the best response to flyers.,Female,White,1159082,2022-01-05 21:31:54,
144,experimental_left,0,8,33,Non-Hispanic,I was trying to figure out which theaters had patrons with the best response to flyers.,Female,White,1159082,2022-01-05 21:31:54,
119,experimental_left,0,1,32,Non-Hispanic,"If there were more people who returned with a flyer, I chose to give one out. if it was equal or less, I didn't.",Male,White,1290862,2022-01-05 21:25:45,
119,experimental_left,0,2,32,Non-Hispanic,"If there were more people who returned with a flyer, I chose to give one out. if it was equal or less, I didn't.",Male,White,1290862,2022-01-05 21:25:45,
119,experimental_left,0,16,32,Non-Hispanic,"If there were more people who returned with a flyer, I chose to give one out. if it was equal or less, I didn't.",Male,White,1290862,2022-01-05 21:25:45,
119,experimental_left,1,18,32,Non-Hispanic,"If there were more people who returned with a flyer, I chose to give one out. if it was equal or less, I didn't.",Male,White,1290862,2022-01-05 21:25:45,
119,experimental_left,1,11,32,Non-Hispanic,"If there were more people who returned with a flyer, I chose to give one out. if it was equal or less, I didn't.",Male,White,1290862,2022-01-05 21:25:45,
119,experimental_left,1,6,32,Non-Hispanic,"If there were more people who returned with a flyer, I chose to give one out. if it was equal or less, I didn't.",Male,White,1290862,2022-01-05 21:25:45,
119,experimental_left,0,12,32,Non-Hispanic,"If there were more people who returned with a flyer, I chose to give one out. if it was equal or less, I didn't.",Male,White,1290862,2022-01-05 21:25:45,
119,experimental_left,1,10,32,Non-Hispanic,"If there were more people who returned with a flyer, I chose to give one out. if it was equal or less, I didn't.",Male,White,1290862,2022-01-05 21:25:45,
119,experimental_left,0,4,32,Non-Hispanic,"If there were more people who returned with a flyer, I chose to give one out. if it was equal or less, I didn't.",Male,White,1290862,2022-01-05 21:25:45,
119,experimental_left,1,8,32,Non-Hispanic,"If there were more people who returned with a flyer, I chose to give one out. if it was equal or less, I didn't.",Male,White,1290862,2022-01-05 21:25:45,
119,experimental_left,1,13,32,Non-Hispanic,"If there were more people who returned with a flyer, I chose to give one out. if it was equal or less, I didn't.",Male,White,1290862,2022-01-05 21:25:45,
119,experimental_left,1,15,32,Non-Hispanic,"If there were more people who returned with a flyer, I chose to give one out. if it was equal or less, I didn't.",Male,White,1290862,2022-01-05 21:25:45,
119,experimental_left,1,21,32,Non-Hispanic,"If there were more people who returned with a flyer, I chose to give one out. if it was equal or less, I didn't.",Male,White,1290862,2022-01-05 21:25:45,
119,experimental_left,1,19,32,Non-Hispanic,"If there were more people who returned with a flyer, I chose to give one out. if it was equal or less, I didn't.",Male,White,1290862,2022-01-05 21:25:45,
119,experimental_left,0,9,32,Non-Hispanic,"If there were more people who returned with a flyer, I chose to give one out. if it was equal or less, I didn't.",Male,White,1290862,2022-01-05 21:25:45,
119,experimental_left,1,14,32,Non-Hispanic,"If there were more people who returned with a flyer, I chose to give one out. if it was equal or less, I didn't.",Male,White,1290862,2022-01-05 21:25:45,
119,experimental_left,0,3,32,Non-Hispanic,"If there were more people who returned with a flyer, I chose to give one out. if it was equal or less, I didn't.",Male,White,1290862,2022-01-05 21:25:45,
119,experimental_left,0,7,32,Non-Hispanic,"If there were more people who returned with a flyer, I chose to give one out. if it was equal or less, I didn't.",Male,White,1290862,2022-01-05 21:25:45,
119,experimental_left,0,17,32,Non-Hispanic,"If there were more people who returned with a flyer, I chose to give one out. if it was equal or less, I didn't.",Male,White,1290862,2022-01-05 21:25:45,
119,experimental_left,1,22,32,Non-Hispanic,"If there were more people who returned with a flyer, I chose to give one out. if it was equal or less, I didn't.",Male,White,1290862,2022-01-05 21:25:45,
119,experimental_left,0,5,32,Non-Hispanic,"If there were more people who returned with a flyer, I chose to give one out. if it was equal or less, I didn't.",Male,White,1290862,2022-01-05 21:25:45,
119,experimental_left,0,20,32,Non-Hispanic,"If there were more people who returned with a flyer, I chose to give one out. if it was equal or less, I didn't.",Male,White,1290862,2022-01-05 21:25:45,
178,experimental_left,1,1,34,Non-Hispanic,"If I saw the data on the right was completely empty and the top left was not much better than the bottom left, then I generally wouldn't hand a flyer to that theater. If the bottom right was full, top right empty, and the left side was more or less equal or with flyer was higher numbered then I would give a flyer.",genderqueer,White,1163062,2022-01-05 21:39:46,
178,experimental_left,0,2,34,Non-Hispanic,"If I saw the data on the right was completely empty and the top left was not much better than the bottom left, then I generally wouldn't hand a flyer to that theater. If the bottom right was full, top right empty, and the left side was more or less equal or with flyer was higher numbered then I would give a flyer.",genderqueer,White,1163062,2022-01-05 21:39:46,
178,experimental_left,1,20,34,Non-Hispanic,"If I saw the data on the right was completely empty and the top left was not much better than the bottom left, then I generally wouldn't hand a flyer to that theater. If the bottom right was full, top right empty, and the left side was more or less equal or with flyer was higher numbered then I would give a flyer.",genderqueer,White,1163062,2022-01-05 21:39:46,
178,experimental_left,0,8,34,Non-Hispanic,"If I saw the data on the right was completely empty and the top left was not much better than the bottom left, then I generally wouldn't hand a flyer to that theater. If the bottom right was full, top right empty, and the left side was more or less equal or with flyer was higher numbered then I would give a flyer.",genderqueer,White,1163062,2022-01-05 21:39:46,
178,experimental_left,1,16,34,Non-Hispanic,"If I saw the data on the right was completely empty and the top left was not much better than the bottom left, then I generally wouldn't hand a flyer to that theater. If the bottom right was full, top right empty, and the left side was more or less equal or with flyer was higher numbered then I would give a flyer.",genderqueer,White,1163062,2022-01-05 21:39:46,
178,experimental_left,1,22,34,Non-Hispanic,"If I saw the data on the right was completely empty and the top left was not much better than the bottom left, then I generally wouldn't hand a flyer to that theater. If the bottom right was full, top right empty, and the left side was more or less equal or with flyer was higher numbered then I would give a flyer.",genderqueer,White,1163062,2022-01-05 21:39:46,
178,experimental_left,0,11,34,Non-Hispanic,"If I saw the data on the right was completely empty and the top left was not much better than the bottom left, then I generally wouldn't hand a flyer to that theater. If the bottom right was full, top right empty, and the left side was more or less equal or with flyer was higher numbered then I would give a flyer.",genderqueer,White,1163062,2022-01-05 21:39:46,
178,experimental_left,1,6,34,Non-Hispanic,"If I saw the data on the right was completely empty and the top left was not much better than the bottom left, then I generally wouldn't hand a flyer to that theater. If the bottom right was full, top right empty, and the left side was more or less equal or with flyer was higher numbered then I would give a flyer.",genderqueer,White,1163062,2022-01-05 21:39:46,
178,experimental_left,1,10,34,Non-Hispanic,"If I saw the data on the right was completely empty and the top left was not much better than the bottom left, then I generally wouldn't hand a flyer to that theater. If the bottom right was full, top right empty, and the left side was more or less equal or with flyer was higher numbered then I would give a flyer.",genderqueer,White,1163062,2022-01-05 21:39:46,
178,experimental_left,1,15,34,Non-Hispanic,"If I saw the data on the right was completely empty and the top left was not much better than the bottom left, then I generally wouldn't hand a flyer to that theater. If the bottom right was full, top right empty, and the left side was more or less equal or with flyer was higher numbered then I would give a flyer.",genderqueer,White,1163062,2022-01-05 21:39:46,
178,experimental_left,0,17,34,Non-Hispanic,"If I saw the data on the right was completely empty and the top left was not much better than the bottom left, then I generally wouldn't hand a flyer to that theater. If the bottom right was full, top right empty, and the left side was more or less equal or with flyer was higher numbered then I would give a flyer.",genderqueer,White,1163062,2022-01-05 21:39:46,
178,experimental_left,0,14,34,Non-Hispanic,"If I saw the data on the right was completely empty and the top left was not much better than the bottom left, then I generally wouldn't hand a flyer to that theater. If the bottom right was full, top right empty, and the left side was more or less equal or with flyer was higher numbered then I would give a flyer.",genderqueer,White,1163062,2022-01-05 21:39:46,
178,experimental_left,0,5,34,Non-Hispanic,"If I saw the data on the right was completely empty and the top left was not much better than the bottom left, then I generally wouldn't hand a flyer to that theater. If the bottom right was full, top right empty, and the left side was more or less equal or with flyer was higher numbered then I would give a flyer.",genderqueer,White,1163062,2022-01-05 21:39:46,
178,experimental_left,1,4,34,Non-Hispanic,"If I saw the data on the right was completely empty and the top left was not much better than the bottom left, then I generally wouldn't hand a flyer to that theater. If the bottom right was full, top right empty, and the left side was more or less equal or with flyer was higher numbered then I would give a flyer.",genderqueer,White,1163062,2022-01-05 21:39:46,
178,experimental_left,0,19,34,Non-Hispanic,"If I saw the data on the right was completely empty and the top left was not much better than the bottom left, then I generally wouldn't hand a flyer to that theater. If the bottom right was full, top right empty, and the left side was more or less equal or with flyer was higher numbered then I would give a flyer.",genderqueer,White,1163062,2022-01-05 21:39:46,
178,experimental_left,1,7,34,Non-Hispanic,"If I saw the data on the right was completely empty and the top left was not much better than the bottom left, then I generally wouldn't hand a flyer to that theater. If the bottom right was full, top right empty, and the left side was more or less equal or with flyer was higher numbered then I would give a flyer.",genderqueer,White,1163062,2022-01-05 21:39:46,
178,experimental_left,1,18,34,Non-Hispanic,"If I saw the data on the right was completely empty and the top left was not much better than the bottom left, then I generally wouldn't hand a flyer to that theater. If the bottom right was full, top right empty, and the left side was more or less equal or with flyer was higher numbered then I would give a flyer.",genderqueer,White,1163062,2022-01-05 21:39:46,
178,experimental_left,1,3,34,Non-Hispanic,"If I saw the data on the right was completely empty and the top left was not much better than the bottom left, then I generally wouldn't hand a flyer to that theater. If the bottom right was full, top right empty, and the left side was more or less equal or with flyer was higher numbered then I would give a flyer.",genderqueer,White,1163062,2022-01-05 21:39:46,
178,experimental_left,1,9,34,Non-Hispanic,"If I saw the data on the right was completely empty and the top left was not much better than the bottom left, then I generally wouldn't hand a flyer to that theater. If the bottom right was full, top right empty, and the left side was more or less equal or with flyer was higher numbered then I would give a flyer.",genderqueer,White,1163062,2022-01-05 21:39:46,
178,experimental_left,1,21,34,Non-Hispanic,"If I saw the data on the right was completely empty and the top left was not much better than the bottom left, then I generally wouldn't hand a flyer to that theater. If the bottom right was full, top right empty, and the left side was more or less equal or with flyer was higher numbered then I would give a flyer.",genderqueer,White,1163062,2022-01-05 21:39:46,
178,experimental_left,1,13,34,Non-Hispanic,"If I saw the data on the right was completely empty and the top left was not much better than the bottom left, then I generally wouldn't hand a flyer to that theater. If the bottom right was full, top right empty, and the left side was more or less equal or with flyer was higher numbered then I would give a flyer.",genderqueer,White,1163062,2022-01-05 21:39:46,
178,experimental_left,1,12,34,Non-Hispanic,"If I saw the data on the right was completely empty and the top left was not much better than the bottom left, then I generally wouldn't hand a flyer to that theater. If the bottom right was full, top right empty, and the left side was more or less equal or with flyer was higher numbered then I would give a flyer.",genderqueer,White,1163062,2022-01-05 21:39:46,
187,experimental_left,0,1,36,Hispanic,i saw if the handing of flyers made more people watch the movies or not in a big scale,Female,hispanic,819328,2022-01-05 21:37:05,
187,experimental_left,0,2,36,Hispanic,i saw if the handing of flyers made more people watch the movies or not in a big scale,Female,hispanic,819328,2022-01-05 21:37:05,
187,experimental_left,0,14,36,Hispanic,i saw if the handing of flyers made more people watch the movies or not in a big scale,Female,hispanic,819328,2022-01-05 21:37:05,
187,experimental_left,1,10,36,Hispanic,i saw if the handing of flyers made more people watch the movies or not in a big scale,Female,hispanic,819328,2022-01-05 21:37:05,
187,experimental_left,0,18,36,Hispanic,i saw if the handing of flyers made more people watch the movies or not in a big scale,Female,hispanic,819328,2022-01-05 21:37:05,
187,experimental_left,0,3,36,Hispanic,i saw if the handing of flyers made more people watch the movies or not in a big scale,Female,hispanic,819328,2022-01-05 21:37:05,
187,experimental_left,0,4,36,Hispanic,i saw if the handing of flyers made more people watch the movies or not in a big scale,Female,hispanic,819328,2022-01-05 21:37:05,
187,experimental_left,1,8,36,Hispanic,i saw if the handing of flyers made more people watch the movies or not in a big scale,Female,hispanic,819328,2022-01-05 21:37:05,
187,experimental_left,0,7,36,Hispanic,i saw if the handing of flyers made more people watch the movies or not in a big scale,Female,hispanic,819328,2022-01-05 21:37:05,
187,experimental_left,1,6,36,Hispanic,i saw if the handing of flyers made more people watch the movies or not in a big scale,Female,hispanic,819328,2022-01-05 21:37:05,
187,experimental_left,1,21,36,Hispanic,i saw if the handing of flyers made more people watch the movies or not in a big scale,Female,hispanic,819328,2022-01-05 21:37:05,
187,experimental_left,0,17,36,Hispanic,i saw if the handing of flyers made more people watch the movies or not in a big scale,Female,hispanic,819328,2022-01-05 21:37:05,
187,experimental_left,0,11,36,Hispanic,i saw if the handing of flyers made more people watch the movies or not in a big scale,Female,hispanic,819328,2022-01-05 21:37:05,
187,experimental_left,1,9,36,Hispanic,i saw if the handing of flyers made more people watch the movies or not in a big scale,Female,hispanic,819328,2022-01-05 21:37:05,
187,experimental_left,1,12,36,Hispanic,i saw if the handing of flyers made more people watch the movies or not in a big scale,Female,hispanic,819328,2022-01-05 21:37:05,
187,experimental_left,0,5,36,Hispanic,i saw if the handing of flyers made more people watch the movies or not in a big scale,Female,hispanic,819328,2022-01-05 21:37:05,
187,experimental_left,0,19,36,Hispanic,i saw if the handing of flyers made more people watch the movies or not in a big scale,Female,hispanic,819328,2022-01-05 21:37:05,
187,experimental_left,1,20,36,Hispanic,i saw if the handing of flyers made more people watch the movies or not in a big scale,Female,hispanic,819328,2022-01-05 21:37:05,
187,experimental_left,1,22,36,Hispanic,i saw if the handing of flyers made more people watch the movies or not in a big scale,Female,hispanic,819328,2022-01-05 21:37:05,
187,experimental_left,1,15,36,Hispanic,i saw if the handing of flyers made more people watch the movies or not in a big scale,Female,hispanic,819328,2022-01-05 21:37:05,
187,experimental_left,0,16,36,Hispanic,i saw if the handing of flyers made more people watch the movies or not in a big scale,Female,hispanic,819328,2022-01-05 21:37:05,
187,experimental_left,1,13,36,Hispanic,i saw if the handing of flyers made more people watch the movies or not in a big scale,Female,hispanic,819328,2022-01-05 21:37:05,
191,experimental_left,1,1,37,Non-Hispanic,"The actions that influenced my decisions were based upon how many tickets were sold with or without movie posters being distributed in the two ways.  If I saw more ticket sales with movie posters, I skewed towards handing them out, but if I saw they hurt sales or didn't have an overall effect, I had a tendency not to hand them out.  ",Male,White,719172,2022-01-05 21:41:20,
191,experimental_left,0,2,37,Non-Hispanic,"The actions that influenced my decisions were based upon how many tickets were sold with or without movie posters being distributed in the two ways.  If I saw more ticket sales with movie posters, I skewed towards handing them out, but if I saw they hurt sales or didn't have an overall effect, I had a tendency not to hand them out.  ",Male,White,719172,2022-01-05 21:41:20,
191,experimental_left,1,18,37,Non-Hispanic,"The actions that influenced my decisions were based upon how many tickets were sold with or without movie posters being distributed in the two ways.  If I saw more ticket sales with movie posters, I skewed towards handing them out, but if I saw they hurt sales or didn't have an overall effect, I had a tendency not to hand them out.  ",Male,White,719172,2022-01-05 21:41:20,
191,experimental_left,0,22,37,Non-Hispanic,"The actions that influenced my decisions were based upon how many tickets were sold with or without movie posters being distributed in the two ways.  If I saw more ticket sales with movie posters, I skewed towards handing them out, but if I saw they hurt sales or didn't have an overall effect, I had a tendency not to hand them out.  ",Male,White,719172,2022-01-05 21:41:20,
191,experimental_left,0,8,37,Non-Hispanic,"The actions that influenced my decisions were based upon how many tickets were sold with or without movie posters being distributed in the two ways.  If I saw more ticket sales with movie posters, I skewed towards handing them out, but if I saw they hurt sales or didn't have an overall effect, I had a tendency not to hand them out.  ",Male,White,719172,2022-01-05 21:41:20,
191,experimental_left,1,5,37,Non-Hispanic,"The actions that influenced my decisions were based upon how many tickets were sold with or without movie posters being distributed in the two ways.  If I saw more ticket sales with movie posters, I skewed towards handing them out, but if I saw they hurt sales or didn't have an overall effect, I had a tendency not to hand them out.  ",Male,White,719172,2022-01-05 21:41:20,
191,experimental_left,1,10,37,Non-Hispanic,"The actions that influenced my decisions were based upon how many tickets were sold with or without movie posters being distributed in the two ways.  If I saw more ticket sales with movie posters, I skewed towards handing them out, but if I saw they hurt sales or didn't have an overall effect, I had a tendency not to hand them out.  ",Male,White,719172,2022-01-05 21:41:20,
191,experimental_left,1,13,37,Non-Hispanic,"The actions that influenced my decisions were based upon how many tickets were sold with or without movie posters being distributed in the two ways.  If I saw more ticket sales with movie posters, I skewed towards handing them out, but if I saw they hurt sales or didn't have an overall effect, I had a tendency not to hand them out.  ",Male,White,719172,2022-01-05 21:41:20,
191,experimental_left,1,7,37,Non-Hispanic,"The actions that influenced my decisions were based upon how many tickets were sold with or without movie posters being distributed in the two ways.  If I saw more ticket sales with movie posters, I skewed towards handing them out, but if I saw they hurt sales or didn't have an overall effect, I had a tendency not to hand them out.  ",Male,White,719172,2022-01-05 21:41:20,
191,experimental_left,0,19,37,Non-Hispanic,"The actions that influenced my decisions were based upon how many tickets were sold with or without movie posters being distributed in the two ways.  If I saw more ticket sales with movie posters, I skewed towards handing them out, but if I saw they hurt sales or didn't have an overall effect, I had a tendency not to hand them out.  ",Male,White,719172,2022-01-05 21:41:20,
191,experimental_left,1,11,37,Non-Hispanic,"The actions that influenced my decisions were based upon how many tickets were sold with or without movie posters being distributed in the two ways.  If I saw more ticket sales with movie posters, I skewed towards handing them out, but if I saw they hurt sales or didn't have an overall effect, I had a tendency not to hand them out.  ",Male,White,719172,2022-01-05 21:41:20,
191,experimental_left,1,9,37,Non-Hispanic,"The actions that influenced my decisions were based upon how many tickets were sold with or without movie posters being distributed in the two ways.  If I saw more ticket sales with movie posters, I skewed towards handing them out, but if I saw they hurt sales or didn't have an overall effect, I had a tendency not to hand them out.  ",Male,White,719172,2022-01-05 21:41:20,
191,experimental_left,1,20,37,Non-Hispanic,"The actions that influenced my decisions were based upon how many tickets were sold with or without movie posters being distributed in the two ways.  If I saw more ticket sales with movie posters, I skewed towards handing them out, but if I saw they hurt sales or didn't have an overall effect, I had a tendency not to hand them out.  ",Male,White,719172,2022-01-05 21:41:20,
191,experimental_left,1,3,37,Non-Hispanic,"The actions that influenced my decisions were based upon how many tickets were sold with or without movie posters being distributed in the two ways.  If I saw more ticket sales with movie posters, I skewed towards handing them out, but if I saw they hurt sales or didn't have an overall effect, I had a tendency not to hand them out.  ",Male,White,719172,2022-01-05 21:41:20,
191,experimental_left,1,12,37,Non-Hispanic,"The actions that influenced my decisions were based upon how many tickets were sold with or without movie posters being distributed in the two ways.  If I saw more ticket sales with movie posters, I skewed towards handing them out, but if I saw they hurt sales or didn't have an overall effect, I had a tendency not to hand them out.  ",Male,White,719172,2022-01-05 21:41:20,
191,experimental_left,1,15,37,Non-Hispanic,"The actions that influenced my decisions were based upon how many tickets were sold with or without movie posters being distributed in the two ways.  If I saw more ticket sales with movie posters, I skewed towards handing them out, but if I saw they hurt sales or didn't have an overall effect, I had a tendency not to hand them out.  ",Male,White,719172,2022-01-05 21:41:20,
191,experimental_left,0,17,37,Non-Hispanic,"The actions that influenced my decisions were based upon how many tickets were sold with or without movie posters being distributed in the two ways.  If I saw more ticket sales with movie posters, I skewed towards handing them out, but if I saw they hurt sales or didn't have an overall effect, I had a tendency not to hand them out.  ",Male,White,719172,2022-01-05 21:41:20,
191,experimental_left,1,21,37,Non-Hispanic,"The actions that influenced my decisions were based upon how many tickets were sold with or without movie posters being distributed in the two ways.  If I saw more ticket sales with movie posters, I skewed towards handing them out, but if I saw they hurt sales or didn't have an overall effect, I had a tendency not to hand them out.  ",Male,White,719172,2022-01-05 21:41:20,
191,experimental_left,0,4,37,Non-Hispanic,"The actions that influenced my decisions were based upon how many tickets were sold with or without movie posters being distributed in the two ways.  If I saw more ticket sales with movie posters, I skewed towards handing them out, but if I saw they hurt sales or didn't have an overall effect, I had a tendency not to hand them out.  ",Male,White,719172,2022-01-05 21:41:20,
191,experimental_left,1,6,37,Non-Hispanic,"The actions that influenced my decisions were based upon how many tickets were sold with or without movie posters being distributed in the two ways.  If I saw more ticket sales with movie posters, I skewed towards handing them out, but if I saw they hurt sales or didn't have an overall effect, I had a tendency not to hand them out.  ",Male,White,719172,2022-01-05 21:41:20,
191,experimental_left,0,16,37,Non-Hispanic,"The actions that influenced my decisions were based upon how many tickets were sold with or without movie posters being distributed in the two ways.  If I saw more ticket sales with movie posters, I skewed towards handing them out, but if I saw they hurt sales or didn't have an overall effect, I had a tendency not to hand them out.  ",Male,White,719172,2022-01-05 21:41:20,
191,experimental_left,0,14,37,Non-Hispanic,"The actions that influenced my decisions were based upon how many tickets were sold with or without movie posters being distributed in the two ways.  If I saw more ticket sales with movie posters, I skewed towards handing them out, but if I saw they hurt sales or didn't have an overall effect, I had a tendency not to hand them out.  ",Male,White,719172,2022-01-05 21:41:20,
153,experimental_left,1,1,37,Non-Hispanic,"If everyone who could just take a flyer went it showed interest in the movie. When people who did not take flyers went to see it anyway I thought it was a sure hit, so why bother handing out flyers. When it seemed like handing out fliers had a good chance of helping someone make the decision to see the movie I tended to go with it, but sometimes the interest in the movie seemed low or the amount of people who were given a flyer and didn't go made it seem like it was pointless to even bother. ",Male,White,485544,2022-01-05 21:24:15,
153,experimental_left,0,2,37,Non-Hispanic,"If everyone who could just take a flyer went it showed interest in the movie. When people who did not take flyers went to see it anyway I thought it was a sure hit, so why bother handing out flyers. When it seemed like handing out fliers had a good chance of helping someone make the decision to see the movie I tended to go with it, but sometimes the interest in the movie seemed low or the amount of people who were given a flyer and didn't go made it seem like it was pointless to even bother. ",Male,White,485544,2022-01-05 21:24:15,
153,experimental_left,1,22,37,Non-Hispanic,"If everyone who could just take a flyer went it showed interest in the movie. When people who did not take flyers went to see it anyway I thought it was a sure hit, so why bother handing out flyers. When it seemed like handing out fliers had a good chance of helping someone make the decision to see the movie I tended to go with it, but sometimes the interest in the movie seemed low or the amount of people who were given a flyer and didn't go made it seem like it was pointless to even bother. ",Male,White,485544,2022-01-05 21:24:15,
153,experimental_left,1,14,37,Non-Hispanic,"If everyone who could just take a flyer went it showed interest in the movie. When people who did not take flyers went to see it anyway I thought it was a sure hit, so why bother handing out flyers. When it seemed like handing out fliers had a good chance of helping someone make the decision to see the movie I tended to go with it, but sometimes the interest in the movie seemed low or the amount of people who were given a flyer and didn't go made it seem like it was pointless to even bother. ",Male,White,485544,2022-01-05 21:24:15,
153,experimental_left,1,16,37,Non-Hispanic,"If everyone who could just take a flyer went it showed interest in the movie. When people who did not take flyers went to see it anyway I thought it was a sure hit, so why bother handing out flyers. When it seemed like handing out fliers had a good chance of helping someone make the decision to see the movie I tended to go with it, but sometimes the interest in the movie seemed low or the amount of people who were given a flyer and didn't go made it seem like it was pointless to even bother. ",Male,White,485544,2022-01-05 21:24:15,
153,experimental_left,0,11,37,Non-Hispanic,"If everyone who could just take a flyer went it showed interest in the movie. When people who did not take flyers went to see it anyway I thought it was a sure hit, so why bother handing out flyers. When it seemed like handing out fliers had a good chance of helping someone make the decision to see the movie I tended to go with it, but sometimes the interest in the movie seemed low or the amount of people who were given a flyer and didn't go made it seem like it was pointless to even bother. ",Male,White,485544,2022-01-05 21:24:15,
153,experimental_left,1,18,37,Non-Hispanic,"If everyone who could just take a flyer went it showed interest in the movie. When people who did not take flyers went to see it anyway I thought it was a sure hit, so why bother handing out flyers. When it seemed like handing out fliers had a good chance of helping someone make the decision to see the movie I tended to go with it, but sometimes the interest in the movie seemed low or the amount of people who were given a flyer and didn't go made it seem like it was pointless to even bother. ",Male,White,485544,2022-01-05 21:24:15,
153,experimental_left,0,8,37,Non-Hispanic,"If everyone who could just take a flyer went it showed interest in the movie. When people who did not take flyers went to see it anyway I thought it was a sure hit, so why bother handing out flyers. When it seemed like handing out fliers had a good chance of helping someone make the decision to see the movie I tended to go with it, but sometimes the interest in the movie seemed low or the amount of people who were given a flyer and didn't go made it seem like it was pointless to even bother. ",Male,White,485544,2022-01-05 21:24:15,
153,experimental_left,0,9,37,Non-Hispanic,"If everyone who could just take a flyer went it showed interest in the movie. When people who did not take flyers went to see it anyway I thought it was a sure hit, so why bother handing out flyers. When it seemed like handing out fliers had a good chance of helping someone make the decision to see the movie I tended to go with it, but sometimes the interest in the movie seemed low or the amount of people who were given a flyer and didn't go made it seem like it was pointless to even bother. ",Male,White,485544,2022-01-05 21:24:15,
153,experimental_left,1,20,37,Non-Hispanic,"If everyone who could just take a flyer went it showed interest in the movie. When people who did not take flyers went to see it anyway I thought it was a sure hit, so why bother handing out flyers. When it seemed like handing out fliers had a good chance of helping someone make the decision to see the movie I tended to go with it, but sometimes the interest in the movie seemed low or the amount of people who were given a flyer and didn't go made it seem like it was pointless to even bother. ",Male,White,485544,2022-01-05 21:24:15,
153,experimental_left,0,12,37,Non-Hispanic,"If everyone who could just take a flyer went it showed interest in the movie. When people who did not take flyers went to see it anyway I thought it was a sure hit, so why bother handing out flyers. When it seemed like handing out fliers had a good chance of helping someone make the decision to see the movie I tended to go with it, but sometimes the interest in the movie seemed low or the amount of people who were given a flyer and didn't go made it seem like it was pointless to even bother. ",Male,White,485544,2022-01-05 21:24:15,
153,experimental_left,0,7,37,Non-Hispanic,"If everyone who could just take a flyer went it showed interest in the movie. When people who did not take flyers went to see it anyway I thought it was a sure hit, so why bother handing out flyers. When it seemed like handing out fliers had a good chance of helping someone make the decision to see the movie I tended to go with it, but sometimes the interest in the movie seemed low or the amount of people who were given a flyer and didn't go made it seem like it was pointless to even bother. ",Male,White,485544,2022-01-05 21:24:15,
153,experimental_left,0,4,37,Non-Hispanic,"If everyone who could just take a flyer went it showed interest in the movie. When people who did not take flyers went to see it anyway I thought it was a sure hit, so why bother handing out flyers. When it seemed like handing out fliers had a good chance of helping someone make the decision to see the movie I tended to go with it, but sometimes the interest in the movie seemed low or the amount of people who were given a flyer and didn't go made it seem like it was pointless to even bother. ",Male,White,485544,2022-01-05 21:24:15,
153,experimental_left,1,17,37,Non-Hispanic,"If everyone who could just take a flyer went it showed interest in the movie. When people who did not take flyers went to see it anyway I thought it was a sure hit, so why bother handing out flyers. When it seemed like handing out fliers had a good chance of helping someone make the decision to see the movie I tended to go with it, but sometimes the interest in the movie seemed low or the amount of people who were given a flyer and didn't go made it seem like it was pointless to even bother. ",Male,White,485544,2022-01-05 21:24:15,
153,experimental_left,0,5,37,Non-Hispanic,"If everyone who could just take a flyer went it showed interest in the movie. When people who did not take flyers went to see it anyway I thought it was a sure hit, so why bother handing out flyers. When it seemed like handing out fliers had a good chance of helping someone make the decision to see the movie I tended to go with it, but sometimes the interest in the movie seemed low or the amount of people who were given a flyer and didn't go made it seem like it was pointless to even bother. ",Male,White,485544,2022-01-05 21:24:15,
153,experimental_left,1,15,37,Non-Hispanic,"If everyone who could just take a flyer went it showed interest in the movie. When people who did not take flyers went to see it anyway I thought it was a sure hit, so why bother handing out flyers. When it seemed like handing out fliers had a good chance of helping someone make the decision to see the movie I tended to go with it, but sometimes the interest in the movie seemed low or the amount of people who were given a flyer and didn't go made it seem like it was pointless to even bother. ",Male,White,485544,2022-01-05 21:24:15,
153,experimental_left,0,10,37,Non-Hispanic,"If everyone who could just take a flyer went it showed interest in the movie. When people who did not take flyers went to see it anyway I thought it was a sure hit, so why bother handing out flyers. When it seemed like handing out fliers had a good chance of helping someone make the decision to see the movie I tended to go with it, but sometimes the interest in the movie seemed low or the amount of people who were given a flyer and didn't go made it seem like it was pointless to even bother. ",Male,White,485544,2022-01-05 21:24:15,
153,experimental_left,1,19,37,Non-Hispanic,"If everyone who could just take a flyer went it showed interest in the movie. When people who did not take flyers went to see it anyway I thought it was a sure hit, so why bother handing out flyers. When it seemed like handing out fliers had a good chance of helping someone make the decision to see the movie I tended to go with it, but sometimes the interest in the movie seemed low or the amount of people who were given a flyer and didn't go made it seem like it was pointless to even bother. ",Male,White,485544,2022-01-05 21:24:15,
153,experimental_left,1,21,37,Non-Hispanic,"If everyone who could just take a flyer went it showed interest in the movie. When people who did not take flyers went to see it anyway I thought it was a sure hit, so why bother handing out flyers. When it seemed like handing out fliers had a good chance of helping someone make the decision to see the movie I tended to go with it, but sometimes the interest in the movie seemed low or the amount of people who were given a flyer and didn't go made it seem like it was pointless to even bother. ",Male,White,485544,2022-01-05 21:24:15,
153,experimental_left,0,3,37,Non-Hispanic,"If everyone who could just take a flyer went it showed interest in the movie. When people who did not take flyers went to see it anyway I thought it was a sure hit, so why bother handing out flyers. When it seemed like handing out fliers had a good chance of helping someone make the decision to see the movie I tended to go with it, but sometimes the interest in the movie seemed low or the amount of people who were given a flyer and didn't go made it seem like it was pointless to even bother. ",Male,White,485544,2022-01-05 21:24:15,
153,experimental_left,0,6,37,Non-Hispanic,"If everyone who could just take a flyer went it showed interest in the movie. When people who did not take flyers went to see it anyway I thought it was a sure hit, so why bother handing out flyers. When it seemed like handing out fliers had a good chance of helping someone make the decision to see the movie I tended to go with it, but sometimes the interest in the movie seemed low or the amount of people who were given a flyer and didn't go made it seem like it was pointless to even bother. ",Male,White,485544,2022-01-05 21:24:15,
153,experimental_left,1,13,37,Non-Hispanic,"If everyone who could just take a flyer went it showed interest in the movie. When people who did not take flyers went to see it anyway I thought it was a sure hit, so why bother handing out flyers. When it seemed like handing out fliers had a good chance of helping someone make the decision to see the movie I tended to go with it, but sometimes the interest in the movie seemed low or the amount of people who were given a flyer and didn't go made it seem like it was pointless to even bother. ",Male,White,485544,2022-01-05 21:24:15,
130,experimental_left,1,1,39,Non-Hispanic,What the rate of returning movie viewers were based off of if they were handed a flyer or not,Female,White,640273,2022-01-05 21:18:36,
130,experimental_left,0,2,39,Non-Hispanic,What the rate of returning movie viewers were based off of if they were handed a flyer or not,Female,White,640273,2022-01-05 21:18:36,
130,experimental_left,0,21,39,Non-Hispanic,What the rate of returning movie viewers were based off of if they were handed a flyer or not,Female,White,640273,2022-01-05 21:18:36,
130,experimental_left,0,6,39,Non-Hispanic,What the rate of returning movie viewers were based off of if they were handed a flyer or not,Female,White,640273,2022-01-05 21:18:36,
130,experimental_left,1,19,39,Non-Hispanic,What the rate of returning movie viewers were based off of if they were handed a flyer or not,Female,White,640273,2022-01-05 21:18:36,
130,experimental_left,1,13,39,Non-Hispanic,What the rate of returning movie viewers were based off of if they were handed a flyer or not,Female,White,640273,2022-01-05 21:18:36,
130,experimental_left,1,3,39,Non-Hispanic,What the rate of returning movie viewers were based off of if they were handed a flyer or not,Female,White,640273,2022-01-05 21:18:36,
130,experimental_left,1,7,39,Non-Hispanic,What the rate of returning movie viewers were based off of if they were handed a flyer or not,Female,White,640273,2022-01-05 21:18:36,
130,experimental_left,0,16,39,Non-Hispanic,What the rate of returning movie viewers were based off of if they were handed a flyer or not,Female,White,640273,2022-01-05 21:18:36,
130,experimental_left,1,5,39,Non-Hispanic,What the rate of returning movie viewers were based off of if they were handed a flyer or not,Female,White,640273,2022-01-05 21:18:36,
130,experimental_left,0,4,39,Non-Hispanic,What the rate of returning movie viewers were based off of if they were handed a flyer or not,Female,White,640273,2022-01-05 21:18:36,
130,experimental_left,1,12,39,Non-Hispanic,What the rate of returning movie viewers were based off of if they were handed a flyer or not,Female,White,640273,2022-01-05 21:18:36,
130,experimental_left,1,15,39,Non-Hispanic,What the rate of returning movie viewers were based off of if they were handed a flyer or not,Female,White,640273,2022-01-05 21:18:36,
130,experimental_left,1,17,39,Non-Hispanic,What the rate of returning movie viewers were based off of if they were handed a flyer or not,Female,White,640273,2022-01-05 21:18:36,
130,experimental_left,1,9,39,Non-Hispanic,What the rate of returning movie viewers were based off of if they were handed a flyer or not,Female,White,640273,2022-01-05 21:18:36,
130,experimental_left,0,14,39,Non-Hispanic,What the rate of returning movie viewers were based off of if they were handed a flyer or not,Female,White,640273,2022-01-05 21:18:36,
130,experimental_left,0,18,39,Non-Hispanic,What the rate of returning movie viewers were based off of if they were handed a flyer or not,Female,White,640273,2022-01-05 21:18:36,
130,experimental_left,0,10,39,Non-Hispanic,What the rate of returning movie viewers were based off of if they were handed a flyer or not,Female,White,640273,2022-01-05 21:18:36,
130,experimental_left,0,20,39,Non-Hispanic,What the rate of returning movie viewers were based off of if they were handed a flyer or not,Female,White,640273,2022-01-05 21:18:36,
130,experimental_left,0,22,39,Non-Hispanic,What the rate of returning movie viewers were based off of if they were handed a flyer or not,Female,White,640273,2022-01-05 21:18:36,
130,experimental_left,0,8,39,Non-Hispanic,What the rate of returning movie viewers were based off of if they were handed a flyer or not,Female,White,640273,2022-01-05 21:18:36,
130,experimental_left,1,11,39,Non-Hispanic,What the rate of returning movie viewers were based off of if they were handed a flyer or not,Female,White,640273,2022-01-05 21:18:36,
123,experimental_left,1,1,39,Non-Hispanic,How many people who returned were given fliers. ,Female,White,542876,2022-01-05 21:14:22,
123,experimental_left,1,2,39,Non-Hispanic,How many people who returned were given fliers. ,Female,White,542876,2022-01-05 21:14:22,
123,experimental_left,1,21,39,Non-Hispanic,How many people who returned were given fliers. ,Female,White,542876,2022-01-05 21:14:22,
123,experimental_left,1,14,39,Non-Hispanic,How many people who returned were given fliers. ,Female,White,542876,2022-01-05 21:14:22,
123,experimental_left,1,8,39,Non-Hispanic,How many people who returned were given fliers. ,Female,White,542876,2022-01-05 21:14:22,
123,experimental_left,1,7,39,Non-Hispanic,How many people who returned were given fliers. ,Female,White,542876,2022-01-05 21:14:22,
123,experimental_left,0,4,39,Non-Hispanic,How many people who returned were given fliers. ,Female,White,542876,2022-01-05 21:14:22,
123,experimental_left,0,12,39,Non-Hispanic,How many people who returned were given fliers. ,Female,White,542876,2022-01-05 21:14:22,
123,experimental_left,0,3,39,Non-Hispanic,How many people who returned were given fliers. ,Female,White,542876,2022-01-05 21:14:22,
123,experimental_left,1,17,39,Non-Hispanic,How many people who returned were given fliers. ,Female,White,542876,2022-01-05 21:14:22,
123,experimental_left,0,16,39,Non-Hispanic,How many people who returned were given fliers. ,Female,White,542876,2022-01-05 21:14:22,
123,experimental_left,1,9,39,Non-Hispanic,How many people who returned were given fliers. ,Female,White,542876,2022-01-05 21:14:22,
123,experimental_left,1,22,39,Non-Hispanic,How many people who returned were given fliers. ,Female,White,542876,2022-01-05 21:14:22,
123,experimental_left,0,5,39,Non-Hispanic,How many people who returned were given fliers. ,Female,White,542876,2022-01-05 21:14:22,
123,experimental_left,1,18,39,Non-Hispanic,How many people who returned were given fliers. ,Female,White,542876,2022-01-05 21:14:22,
123,experimental_left,1,11,39,Non-Hispanic,How many people who returned were given fliers. ,Female,White,542876,2022-01-05 21:14:22,
123,experimental_left,0,10,39,Non-Hispanic,How many people who returned were given fliers. ,Female,White,542876,2022-01-05 21:14:22,
123,experimental_left,1,15,39,Non-Hispanic,How many people who returned were given fliers. ,Female,White,542876,2022-01-05 21:14:22,
123,experimental_left,1,20,39,Non-Hispanic,How many people who returned were given fliers. ,Female,White,542876,2022-01-05 21:14:22,
123,experimental_left,0,19,39,Non-Hispanic,How many people who returned were given fliers. ,Female,White,542876,2022-01-05 21:14:22,
123,experimental_left,1,6,39,Non-Hispanic,How many people who returned were given fliers. ,Female,White,542876,2022-01-05 21:14:22,
123,experimental_left,0,13,39,Non-Hispanic,How many people who returned were given fliers. ,Female,White,542876,2022-01-05 21:14:22,
174,experimental_left,1,1,39,Non-Hispanic,I tried to determine which side (left or right) typically got more tickets and usually followed that.,Male,White,418874,2022-01-05 21:26:26,
174,experimental_left,0,2,39,Non-Hispanic,I tried to determine which side (left or right) typically got more tickets and usually followed that.,Male,White,418874,2022-01-05 21:26:26,
174,experimental_left,1,7,39,Non-Hispanic,I tried to determine which side (left or right) typically got more tickets and usually followed that.,Male,White,418874,2022-01-05 21:26:26,
174,experimental_left,1,17,39,Non-Hispanic,I tried to determine which side (left or right) typically got more tickets and usually followed that.,Male,White,418874,2022-01-05 21:26:26,
174,experimental_left,0,14,39,Non-Hispanic,I tried to determine which side (left or right) typically got more tickets and usually followed that.,Male,White,418874,2022-01-05 21:26:26,
174,experimental_left,0,16,39,Non-Hispanic,I tried to determine which side (left or right) typically got more tickets and usually followed that.,Male,White,418874,2022-01-05 21:26:26,
174,experimental_left,1,19,39,Non-Hispanic,I tried to determine which side (left or right) typically got more tickets and usually followed that.,Male,White,418874,2022-01-05 21:26:26,
174,experimental_left,0,15,39,Non-Hispanic,I tried to determine which side (left or right) typically got more tickets and usually followed that.,Male,White,418874,2022-01-05 21:26:26,
174,experimental_left,0,18,39,Non-Hispanic,I tried to determine which side (left or right) typically got more tickets and usually followed that.,Male,White,418874,2022-01-05 21:26:26,
174,experimental_left,0,6,39,Non-Hispanic,I tried to determine which side (left or right) typically got more tickets and usually followed that.,Male,White,418874,2022-01-05 21:26:26,
174,experimental_left,0,9,39,Non-Hispanic,I tried to determine which side (left or right) typically got more tickets and usually followed that.,Male,White,418874,2022-01-05 21:26:26,
174,experimental_left,0,3,39,Non-Hispanic,I tried to determine which side (left or right) typically got more tickets and usually followed that.,Male,White,418874,2022-01-05 21:26:26,
174,experimental_left,1,11,39,Non-Hispanic,I tried to determine which side (left or right) typically got more tickets and usually followed that.,Male,White,418874,2022-01-05 21:26:26,
174,experimental_left,0,4,39,Non-Hispanic,I tried to determine which side (left or right) typically got more tickets and usually followed that.,Male,White,418874,2022-01-05 21:26:26,
174,experimental_left,1,5,39,Non-Hispanic,I tried to determine which side (left or right) typically got more tickets and usually followed that.,Male,White,418874,2022-01-05 21:26:26,
174,experimental_left,1,12,39,Non-Hispanic,I tried to determine which side (left or right) typically got more tickets and usually followed that.,Male,White,418874,2022-01-05 21:26:26,
174,experimental_left,0,22,39,Non-Hispanic,I tried to determine which side (left or right) typically got more tickets and usually followed that.,Male,White,418874,2022-01-05 21:26:26,
174,experimental_left,0,10,39,Non-Hispanic,I tried to determine which side (left or right) typically got more tickets and usually followed that.,Male,White,418874,2022-01-05 21:26:26,
174,experimental_left,1,13,39,Non-Hispanic,I tried to determine which side (left or right) typically got more tickets and usually followed that.,Male,White,418874,2022-01-05 21:26:26,
174,experimental_left,0,8,39,Non-Hispanic,I tried to determine which side (left or right) typically got more tickets and usually followed that.,Male,White,418874,2022-01-05 21:26:26,
174,experimental_left,0,20,39,Non-Hispanic,I tried to determine which side (left or right) typically got more tickets and usually followed that.,Male,White,418874,2022-01-05 21:26:26,
174,experimental_left,0,21,39,Non-Hispanic,I tried to determine which side (left or right) typically got more tickets and usually followed that.,Male,White,418874,2022-01-05 21:26:26,
105,experimental_left,1,1,57,Non-Hispanic,The math alone made it easy to determine which action would be more profitable,Female,White,843589,2022-01-05 21:14:09,
105,experimental_left,1,2,57,Non-Hispanic,The math alone made it easy to determine which action would be more profitable,Female,White,843589,2022-01-05 21:14:09,
105,experimental_left,1,13,57,Non-Hispanic,The math alone made it easy to determine which action would be more profitable,Female,White,843589,2022-01-05 21:14:09,
105,experimental_left,1,17,57,Non-Hispanic,The math alone made it easy to determine which action would be more profitable,Female,White,843589,2022-01-05 21:14:09,
105,experimental_left,1,7,57,Non-Hispanic,The math alone made it easy to determine which action would be more profitable,Female,White,843589,2022-01-05 21:14:09,
105,experimental_left,0,20,57,Non-Hispanic,The math alone made it easy to determine which action would be more profitable,Female,White,843589,2022-01-05 21:14:09,
105,experimental_left,0,22,57,Non-Hispanic,The math alone made it easy to determine which action would be more profitable,Female,White,843589,2022-01-05 21:14:09,
105,experimental_left,0,14,57,Non-Hispanic,The math alone made it easy to determine which action would be more profitable,Female,White,843589,2022-01-05 21:14:09,
105,experimental_left,0,21,57,Non-Hispanic,The math alone made it easy to determine which action would be more profitable,Female,White,843589,2022-01-05 21:14:09,
105,experimental_left,0,6,57,Non-Hispanic,The math alone made it easy to determine which action would be more profitable,Female,White,843589,2022-01-05 21:14:09,
105,experimental_left,1,15,57,Non-Hispanic,The math alone made it easy to determine which action would be more profitable,Female,White,843589,2022-01-05 21:14:09,
105,experimental_left,0,16,57,Non-Hispanic,The math alone made it easy to determine which action would be more profitable,Female,White,843589,2022-01-05 21:14:09,
105,experimental_left,1,5,57,Non-Hispanic,The math alone made it easy to determine which action would be more profitable,Female,White,843589,2022-01-05 21:14:09,
105,experimental_left,0,4,57,Non-Hispanic,The math alone made it easy to determine which action would be more profitable,Female,White,843589,2022-01-05 21:14:09,
105,experimental_left,1,3,57,Non-Hispanic,The math alone made it easy to determine which action would be more profitable,Female,White,843589,2022-01-05 21:14:09,
105,experimental_left,0,10,57,Non-Hispanic,The math alone made it easy to determine which action would be more profitable,Female,White,843589,2022-01-05 21:14:09,
105,experimental_left,0,9,57,Non-Hispanic,The math alone made it easy to determine which action would be more profitable,Female,White,843589,2022-01-05 21:14:09,
105,experimental_left,0,18,57,Non-Hispanic,The math alone made it easy to determine which action would be more profitable,Female,White,843589,2022-01-05 21:14:09,
105,experimental_left,0,12,57,Non-Hispanic,The math alone made it easy to determine which action would be more profitable,Female,White,843589,2022-01-05 21:14:09,
105,experimental_left,1,19,57,Non-Hispanic,The math alone made it easy to determine which action would be more profitable,Female,White,843589,2022-01-05 21:14:09,
105,experimental_left,0,8,57,Non-Hispanic,The math alone made it easy to determine which action would be more profitable,Female,White,843589,2022-01-05 21:14:09,
105,experimental_left,1,11,57,Non-Hispanic,The math alone made it easy to determine which action would be more profitable,Female,White,843589,2022-01-05 21:14:09,
150,experimental_left,1,1,21,Hispanic,"Mostly just looking at the data provided. if it was even or uneven in favor of not giving a flyer, I decided not to hand one out.",Male,White,410266,2022-01-05 21:21:40,
150,experimental_left,0,2,21,Hispanic,"Mostly just looking at the data provided. if it was even or uneven in favor of not giving a flyer, I decided not to hand one out.",Male,White,410266,2022-01-05 21:21:40,
150,experimental_left,1,11,21,Hispanic,"Mostly just looking at the data provided. if it was even or uneven in favor of not giving a flyer, I decided not to hand one out.",Male,White,410266,2022-01-05 21:21:40,
150,experimental_left,1,19,21,Hispanic,"Mostly just looking at the data provided. if it was even or uneven in favor of not giving a flyer, I decided not to hand one out.",Male,White,410266,2022-01-05 21:21:40,
150,experimental_left,0,10,21,Hispanic,"Mostly just looking at the data provided. if it was even or uneven in favor of not giving a flyer, I decided not to hand one out.",Male,White,410266,2022-01-05 21:21:40,
150,experimental_left,0,3,21,Hispanic,"Mostly just looking at the data provided. if it was even or uneven in favor of not giving a flyer, I decided not to hand one out.",Male,White,410266,2022-01-05 21:21:40,
150,experimental_left,1,5,21,Hispanic,"Mostly just looking at the data provided. if it was even or uneven in favor of not giving a flyer, I decided not to hand one out.",Male,White,410266,2022-01-05 21:21:40,
150,experimental_left,1,7,21,Hispanic,"Mostly just looking at the data provided. if it was even or uneven in favor of not giving a flyer, I decided not to hand one out.",Male,White,410266,2022-01-05 21:21:40,
150,experimental_left,0,18,21,Hispanic,"Mostly just looking at the data provided. if it was even or uneven in favor of not giving a flyer, I decided not to hand one out.",Male,White,410266,2022-01-05 21:21:40,
150,experimental_left,0,4,21,Hispanic,"Mostly just looking at the data provided. if it was even or uneven in favor of not giving a flyer, I decided not to hand one out.",Male,White,410266,2022-01-05 21:21:40,
150,experimental_left,1,22,21,Hispanic,"Mostly just looking at the data provided. if it was even or uneven in favor of not giving a flyer, I decided not to hand one out.",Male,White,410266,2022-01-05 21:21:40,
150,experimental_left,1,13,21,Hispanic,"Mostly just looking at the data provided. if it was even or uneven in favor of not giving a flyer, I decided not to hand one out.",Male,White,410266,2022-01-05 21:21:40,
150,experimental_left,0,15,21,Hispanic,"Mostly just looking at the data provided. if it was even or uneven in favor of not giving a flyer, I decided not to hand one out.",Male,White,410266,2022-01-05 21:21:40,
150,experimental_left,1,12,21,Hispanic,"Mostly just looking at the data provided. if it was even or uneven in favor of not giving a flyer, I decided not to hand one out.",Male,White,410266,2022-01-05 21:21:40,
150,experimental_left,1,20,21,Hispanic,"Mostly just looking at the data provided. if it was even or uneven in favor of not giving a flyer, I decided not to hand one out.",Male,White,410266,2022-01-05 21:21:40,
150,experimental_left,1,14,21,Hispanic,"Mostly just looking at the data provided. if it was even or uneven in favor of not giving a flyer, I decided not to hand one out.",Male,White,410266,2022-01-05 21:21:40,
150,experimental_left,0,6,21,Hispanic,"Mostly just looking at the data provided. if it was even or uneven in favor of not giving a flyer, I decided not to hand one out.",Male,White,410266,2022-01-05 21:21:40,
150,experimental_left,1,16,21,Hispanic,"Mostly just looking at the data provided. if it was even or uneven in favor of not giving a flyer, I decided not to hand one out.",Male,White,410266,2022-01-05 21:21:40,
150,experimental_left,1,17,21,Hispanic,"Mostly just looking at the data provided. if it was even or uneven in favor of not giving a flyer, I decided not to hand one out.",Male,White,410266,2022-01-05 21:21:40,
150,experimental_left,0,9,21,Hispanic,"Mostly just looking at the data provided. if it was even or uneven in favor of not giving a flyer, I decided not to hand one out.",Male,White,410266,2022-01-05 21:21:40,
150,experimental_left,0,8,21,Hispanic,"Mostly just looking at the data provided. if it was even or uneven in favor of not giving a flyer, I decided not to hand one out.",Male,White,410266,2022-01-05 21:21:40,
150,experimental_left,1,21,21,Hispanic,"Mostly just looking at the data provided. if it was even or uneven in favor of not giving a flyer, I decided not to hand one out.",Male,White,410266,2022-01-05 21:21:40,
188,experimental_left,1,1,46,Non-Hispanic,"I thought about if more people, after being handed the flyer, would attend. I also looked at the number of people who attended after the picked up a flyer, but usually only considered this information if the number of people who viewed the flyer were LESS likely to attend.",Female,White,761189,2022-01-05 21:36:55,
188,experimental_left,0,2,46,Non-Hispanic,"I thought about if more people, after being handed the flyer, would attend. I also looked at the number of people who attended after the picked up a flyer, but usually only considered this information if the number of people who viewed the flyer were LESS likely to attend.",Female,White,761189,2022-01-05 21:36:55,
188,experimental_left,1,22,46,Non-Hispanic,"I thought about if more people, after being handed the flyer, would attend. I also looked at the number of people who attended after the picked up a flyer, but usually only considered this information if the number of people who viewed the flyer were LESS likely to attend.",Female,White,761189,2022-01-05 21:36:55,
188,experimental_left,1,16,46,Non-Hispanic,"I thought about if more people, after being handed the flyer, would attend. I also looked at the number of people who attended after the picked up a flyer, but usually only considered this information if the number of people who viewed the flyer were LESS likely to attend.",Female,White,761189,2022-01-05 21:36:55,
188,experimental_left,1,20,46,Non-Hispanic,"I thought about if more people, after being handed the flyer, would attend. I also looked at the number of people who attended after the picked up a flyer, but usually only considered this information if the number of people who viewed the flyer were LESS likely to attend.",Female,White,761189,2022-01-05 21:36:55,
188,experimental_left,0,8,46,Non-Hispanic,"I thought about if more people, after being handed the flyer, would attend. I also looked at the number of people who attended after the picked up a flyer, but usually only considered this information if the number of people who viewed the flyer were LESS likely to attend.",Female,White,761189,2022-01-05 21:36:55,
188,experimental_left,1,19,46,Non-Hispanic,"I thought about if more people, after being handed the flyer, would attend. I also looked at the number of people who attended after the picked up a flyer, but usually only considered this information if the number of people who viewed the flyer were LESS likely to attend.",Female,White,761189,2022-01-05 21:36:55,
188,experimental_left,1,12,46,Non-Hispanic,"I thought about if more people, after being handed the flyer, would attend. I also looked at the number of people who attended after the picked up a flyer, but usually only considered this information if the number of people who viewed the flyer were LESS likely to attend.",Female,White,761189,2022-01-05 21:36:55,
188,experimental_left,1,18,46,Non-Hispanic,"I thought about if more people, after being handed the flyer, would attend. I also looked at the number of people who attended after the picked up a flyer, but usually only considered this information if the number of people who viewed the flyer were LESS likely to attend.",Female,White,761189,2022-01-05 21:36:55,
188,experimental_left,1,9,46,Non-Hispanic,"I thought about if more people, after being handed the flyer, would attend. I also looked at the number of people who attended after the picked up a flyer, but usually only considered this information if the number of people who viewed the flyer were LESS likely to attend.",Female,White,761189,2022-01-05 21:36:55,
188,experimental_left,1,17,46,Non-Hispanic,"I thought about if more people, after being handed the flyer, would attend. I also looked at the number of people who attended after the picked up a flyer, but usually only considered this information if the number of people who viewed the flyer were LESS likely to attend.",Female,White,761189,2022-01-05 21:36:55,
188,experimental_left,1,5,46,Non-Hispanic,"I thought about if more people, after being handed the flyer, would attend. I also looked at the number of people who attended after the picked up a flyer, but usually only considered this information if the number of people who viewed the flyer were LESS likely to attend.",Female,White,761189,2022-01-05 21:36:55,
188,experimental_left,1,21,46,Non-Hispanic,"I thought about if more people, after being handed the flyer, would attend. I also looked at the number of people who attended after the picked up a flyer, but usually only considered this information if the number of people who viewed the flyer were LESS likely to attend.",Female,White,761189,2022-01-05 21:36:55,
188,experimental_left,0,3,46,Non-Hispanic,"I thought about if more people, after being handed the flyer, would attend. I also looked at the number of people who attended after the picked up a flyer, but usually only considered this information if the number of people who viewed the flyer were LESS likely to attend.",Female,White,761189,2022-01-05 21:36:55,
188,experimental_left,0,4,46,Non-Hispanic,"I thought about if more people, after being handed the flyer, would attend. I also looked at the number of people who attended after the picked up a flyer, but usually only considered this information if the number of people who viewed the flyer were LESS likely to attend.",Female,White,761189,2022-01-05 21:36:55,
188,experimental_left,1,10,46,Non-Hispanic,"I thought about if more people, after being handed the flyer, would attend. I also looked at the number of people who attended after the picked up a flyer, but usually only considered this information if the number of people who viewed the flyer were LESS likely to attend.",Female,White,761189,2022-01-05 21:36:55,
188,experimental_left,1,13,46,Non-Hispanic,"I thought about if more people, after being handed the flyer, would attend. I also looked at the number of people who attended after the picked up a flyer, but usually only considered this information if the number of people who viewed the flyer were LESS likely to attend.",Female,White,761189,2022-01-05 21:36:55,
188,experimental_left,1,11,46,Non-Hispanic,"I thought about if more people, after being handed the flyer, would attend. I also looked at the number of people who attended after the picked up a flyer, but usually only considered this information if the number of people who viewed the flyer were LESS likely to attend.",Female,White,761189,2022-01-05 21:36:55,
188,experimental_left,0,14,46,Non-Hispanic,"I thought about if more people, after being handed the flyer, would attend. I also looked at the number of people who attended after the picked up a flyer, but usually only considered this information if the number of people who viewed the flyer were LESS likely to attend.",Female,White,761189,2022-01-05 21:36:55,
188,experimental_left,0,7,46,Non-Hispanic,"I thought about if more people, after being handed the flyer, would attend. I also looked at the number of people who attended after the picked up a flyer, but usually only considered this information if the number of people who viewed the flyer were LESS likely to attend.",Female,White,761189,2022-01-05 21:36:55,
188,experimental_left,1,6,46,Non-Hispanic,"I thought about if more people, after being handed the flyer, would attend. I also looked at the number of people who attended after the picked up a flyer, but usually only considered this information if the number of people who viewed the flyer were LESS likely to attend.",Female,White,761189,2022-01-05 21:36:55,
188,experimental_left,1,15,46,Non-Hispanic,"I thought about if more people, after being handed the flyer, would attend. I also looked at the number of people who attended after the picked up a flyer, but usually only considered this information if the number of people who viewed the flyer were LESS likely to attend.",Female,White,761189,2022-01-05 21:36:55,
195,experimental_left,1,1,21,Non-Hispanic,The number of people who were in each group at different theaters,Male,Asian,429269,2022-01-05 22:07:21,
195,experimental_left,0,2,21,Non-Hispanic,The number of people who were in each group at different theaters,Male,Asian,429269,2022-01-05 22:07:21,
195,experimental_left,1,12,21,Non-Hispanic,The number of people who were in each group at different theaters,Male,Asian,429269,2022-01-05 22:07:21,
195,experimental_left,0,10,21,Non-Hispanic,The number of people who were in each group at different theaters,Male,Asian,429269,2022-01-05 22:07:21,
195,experimental_left,1,7,21,Non-Hispanic,The number of people who were in each group at different theaters,Male,Asian,429269,2022-01-05 22:07:21,
195,experimental_left,1,5,21,Non-Hispanic,The number of people who were in each group at different theaters,Male,Asian,429269,2022-01-05 22:07:21,
195,experimental_left,0,3,21,Non-Hispanic,The number of people who were in each group at different theaters,Male,Asian,429269,2022-01-05 22:07:21,
195,experimental_left,0,22,21,Non-Hispanic,The number of people who were in each group at different theaters,Male,Asian,429269,2022-01-05 22:07:21,
195,experimental_left,0,20,21,Non-Hispanic,The number of people who were in each group at different theaters,Male,Asian,429269,2022-01-05 22:07:21,
195,experimental_left,0,8,21,Non-Hispanic,The number of people who were in each group at different theaters,Male,Asian,429269,2022-01-05 22:07:21,
195,experimental_left,0,6,21,Non-Hispanic,The number of people who were in each group at different theaters,Male,Asian,429269,2022-01-05 22:07:21,
195,experimental_left,1,11,21,Non-Hispanic,The number of people who were in each group at different theaters,Male,Asian,429269,2022-01-05 22:07:21,
195,experimental_left,0,14,21,Non-Hispanic,The number of people who were in each group at different theaters,Male,Asian,429269,2022-01-05 22:07:21,
195,experimental_left,0,16,21,Non-Hispanic,The number of people who were in each group at different theaters,Male,Asian,429269,2022-01-05 22:07:21,
195,experimental_left,0,4,21,Non-Hispanic,The number of people who were in each group at different theaters,Male,Asian,429269,2022-01-05 22:07:21,
195,experimental_left,0,9,21,Non-Hispanic,The number of people who were in each group at different theaters,Male,Asian,429269,2022-01-05 22:07:21,
195,experimental_left,0,15,21,Non-Hispanic,The number of people who were in each group at different theaters,Male,Asian,429269,2022-01-05 22:07:21,
195,experimental_left,1,17,21,Non-Hispanic,The number of people who were in each group at different theaters,Male,Asian,429269,2022-01-05 22:07:21,
195,experimental_left,1,13,21,Non-Hispanic,The number of people who were in each group at different theaters,Male,Asian,429269,2022-01-05 22:07:21,
195,experimental_left,1,19,21,Non-Hispanic,The number of people who were in each group at different theaters,Male,Asian,429269,2022-01-05 22:07:21,
195,experimental_left,0,18,21,Non-Hispanic,The number of people who were in each group at different theaters,Male,Asian,429269,2022-01-05 22:07:21,
195,experimental_left,0,21,21,Non-Hispanic,The number of people who were in each group at different theaters,Male,Asian,429269,2022-01-05 22:07:21,
194,experimental_left,0,1,34,Non-Hispanic,I mainly considered the number of people who didn't return to see the movie and if that number differed greatly whether or not a flyer was obtained.,Male,Black/African American,479482,2022-01-05 22:07:52,
194,experimental_left,0,2,34,Non-Hispanic,I mainly considered the number of people who didn't return to see the movie and if that number differed greatly whether or not a flyer was obtained.,Male,Black/African American,479482,2022-01-05 22:07:52,
194,experimental_left,0,20,34,Non-Hispanic,I mainly considered the number of people who didn't return to see the movie and if that number differed greatly whether or not a flyer was obtained.,Male,Black/African American,479482,2022-01-05 22:07:52,
194,experimental_left,0,6,34,Non-Hispanic,I mainly considered the number of people who didn't return to see the movie and if that number differed greatly whether or not a flyer was obtained.,Male,Black/African American,479482,2022-01-05 22:07:52,
194,experimental_left,0,21,34,Non-Hispanic,I mainly considered the number of people who didn't return to see the movie and if that number differed greatly whether or not a flyer was obtained.,Male,Black/African American,479482,2022-01-05 22:07:52,
194,experimental_left,0,19,34,Non-Hispanic,I mainly considered the number of people who didn't return to see the movie and if that number differed greatly whether or not a flyer was obtained.,Male,Black/African American,479482,2022-01-05 22:07:52,
194,experimental_left,0,8,34,Non-Hispanic,I mainly considered the number of people who didn't return to see the movie and if that number differed greatly whether or not a flyer was obtained.,Male,Black/African American,479482,2022-01-05 22:07:52,
194,experimental_left,0,18,34,Non-Hispanic,I mainly considered the number of people who didn't return to see the movie and if that number differed greatly whether or not a flyer was obtained.,Male,Black/African American,479482,2022-01-05 22:07:52,
194,experimental_left,1,10,34,Non-Hispanic,I mainly considered the number of people who didn't return to see the movie and if that number differed greatly whether or not a flyer was obtained.,Male,Black/African American,479482,2022-01-05 22:07:52,
194,experimental_left,0,5,34,Non-Hispanic,I mainly considered the number of people who didn't return to see the movie and if that number differed greatly whether or not a flyer was obtained.,Male,Black/African American,479482,2022-01-05 22:07:52,
194,experimental_left,0,15,34,Non-Hispanic,I mainly considered the number of people who didn't return to see the movie and if that number differed greatly whether or not a flyer was obtained.,Male,Black/African American,479482,2022-01-05 22:07:52,
194,experimental_left,0,9,34,Non-Hispanic,I mainly considered the number of people who didn't return to see the movie and if that number differed greatly whether or not a flyer was obtained.,Male,Black/African American,479482,2022-01-05 22:07:52,
194,experimental_left,0,22,34,Non-Hispanic,I mainly considered the number of people who didn't return to see the movie and if that number differed greatly whether or not a flyer was obtained.,Male,Black/African American,479482,2022-01-05 22:07:52,
194,experimental_left,0,13,34,Non-Hispanic,I mainly considered the number of people who didn't return to see the movie and if that number differed greatly whether or not a flyer was obtained.,Male,Black/African American,479482,2022-01-05 22:07:52,
194,experimental_left,1,3,34,Non-Hispanic,I mainly considered the number of people who didn't return to see the movie and if that number differed greatly whether or not a flyer was obtained.,Male,Black/African American,479482,2022-01-05 22:07:52,
194,experimental_left,0,14,34,Non-Hispanic,I mainly considered the number of people who didn't return to see the movie and if that number differed greatly whether or not a flyer was obtained.,Male,Black/African American,479482,2022-01-05 22:07:52,
194,experimental_left,0,4,34,Non-Hispanic,I mainly considered the number of people who didn't return to see the movie and if that number differed greatly whether or not a flyer was obtained.,Male,Black/African American,479482,2022-01-05 22:07:52,
194,experimental_left,0,16,34,Non-Hispanic,I mainly considered the number of people who didn't return to see the movie and if that number differed greatly whether or not a flyer was obtained.,Male,Black/African American,479482,2022-01-05 22:07:52,
194,experimental_left,1,17,34,Non-Hispanic,I mainly considered the number of people who didn't return to see the movie and if that number differed greatly whether or not a flyer was obtained.,Male,Black/African American,479482,2022-01-05 22:07:52,
194,experimental_left,0,11,34,Non-Hispanic,I mainly considered the number of people who didn't return to see the movie and if that number differed greatly whether or not a flyer was obtained.,Male,Black/African American,479482,2022-01-05 22:07:52,
194,experimental_left,1,12,34,Non-Hispanic,I mainly considered the number of people who didn't return to see the movie and if that number differed greatly whether or not a flyer was obtained.,Male,Black/African American,479482,2022-01-05 22:07:52,
194,experimental_left,0,7,34,Non-Hispanic,I mainly considered the number of people who didn't return to see the movie and if that number differed greatly whether or not a flyer was obtained.,Male,Black/African American,479482,2022-01-05 22:07:52,
157,experimental_left,0,1,31,Hispanic,I tried to calculate what the profit would be of handing out flyers vs not handing out flyers,Female,Mixed,605194,2022-01-05 21:26:22,
157,experimental_left,0,2,31,Hispanic,I tried to calculate what the profit would be of handing out flyers vs not handing out flyers,Female,Mixed,605194,2022-01-05 21:26:22,
157,experimental_left,0,14,31,Hispanic,I tried to calculate what the profit would be of handing out flyers vs not handing out flyers,Female,Mixed,605194,2022-01-05 21:26:22,
157,experimental_left,0,6,31,Hispanic,I tried to calculate what the profit would be of handing out flyers vs not handing out flyers,Female,Mixed,605194,2022-01-05 21:26:22,
157,experimental_left,1,22,31,Hispanic,I tried to calculate what the profit would be of handing out flyers vs not handing out flyers,Female,Mixed,605194,2022-01-05 21:26:22,
157,experimental_left,0,13,31,Hispanic,I tried to calculate what the profit would be of handing out flyers vs not handing out flyers,Female,Mixed,605194,2022-01-05 21:26:22,
157,experimental_left,1,3,31,Hispanic,I tried to calculate what the profit would be of handing out flyers vs not handing out flyers,Female,Mixed,605194,2022-01-05 21:26:22,
157,experimental_left,0,10,31,Hispanic,I tried to calculate what the profit would be of handing out flyers vs not handing out flyers,Female,Mixed,605194,2022-01-05 21:26:22,
157,experimental_left,0,9,31,Hispanic,I tried to calculate what the profit would be of handing out flyers vs not handing out flyers,Female,Mixed,605194,2022-01-05 21:26:22,
157,experimental_left,1,20,31,Hispanic,I tried to calculate what the profit would be of handing out flyers vs not handing out flyers,Female,Mixed,605194,2022-01-05 21:26:22,
157,experimental_left,0,7,31,Hispanic,I tried to calculate what the profit would be of handing out flyers vs not handing out flyers,Female,Mixed,605194,2022-01-05 21:26:22,
157,experimental_left,0,8,31,Hispanic,I tried to calculate what the profit would be of handing out flyers vs not handing out flyers,Female,Mixed,605194,2022-01-05 21:26:22,
157,experimental_left,0,18,31,Hispanic,I tried to calculate what the profit would be of handing out flyers vs not handing out flyers,Female,Mixed,605194,2022-01-05 21:26:22,
157,experimental_left,0,5,31,Hispanic,I tried to calculate what the profit would be of handing out flyers vs not handing out flyers,Female,Mixed,605194,2022-01-05 21:26:22,
157,experimental_left,0,11,31,Hispanic,I tried to calculate what the profit would be of handing out flyers vs not handing out flyers,Female,Mixed,605194,2022-01-05 21:26:22,
157,experimental_left,0,12,31,Hispanic,I tried to calculate what the profit would be of handing out flyers vs not handing out flyers,Female,Mixed,605194,2022-01-05 21:26:22,
157,experimental_left,1,21,31,Hispanic,I tried to calculate what the profit would be of handing out flyers vs not handing out flyers,Female,Mixed,605194,2022-01-05 21:26:22,
157,experimental_left,1,19,31,Hispanic,I tried to calculate what the profit would be of handing out flyers vs not handing out flyers,Female,Mixed,605194,2022-01-05 21:26:22,
157,experimental_left,0,16,31,Hispanic,I tried to calculate what the profit would be of handing out flyers vs not handing out flyers,Female,Mixed,605194,2022-01-05 21:26:22,
157,experimental_left,1,17,31,Hispanic,I tried to calculate what the profit would be of handing out flyers vs not handing out flyers,Female,Mixed,605194,2022-01-05 21:26:22,
157,experimental_left,0,15,31,Hispanic,I tried to calculate what the profit would be of handing out flyers vs not handing out flyers,Female,Mixed,605194,2022-01-05 21:26:22,
157,experimental_left,0,4,31,Hispanic,I tried to calculate what the profit would be of handing out flyers vs not handing out flyers,Female,Mixed,605194,2022-01-05 21:26:22,
121,experimental_left,0,1,34,Non-Hispanic,,Female,White,623294,2022-01-05 21:15:33,
121,experimental_left,0,2,34,Non-Hispanic,,Female,White,623294,2022-01-05 21:15:33,
121,experimental_left,1,15,34,Non-Hispanic,,Female,White,623294,2022-01-05 21:15:33,
121,experimental_left,1,21,34,Non-Hispanic,,Female,White,623294,2022-01-05 21:15:33,
121,experimental_left,1,5,34,Non-Hispanic,,Female,White,623294,2022-01-05 21:15:33,
121,experimental_left,1,13,34,Non-Hispanic,,Female,White,623294,2022-01-05 21:15:33,
121,experimental_left,1,16,34,Non-Hispanic,,Female,White,623294,2022-01-05 21:15:33,
121,experimental_left,0,17,34,Non-Hispanic,,Female,White,623294,2022-01-05 21:15:33,
121,experimental_left,1,10,34,Non-Hispanic,,Female,White,623294,2022-01-05 21:15:33,
121,experimental_left,0,4,34,Non-Hispanic,,Female,White,623294,2022-01-05 21:15:33,
121,experimental_left,0,14,34,Non-Hispanic,,Female,White,623294,2022-01-05 21:15:33,
121,experimental_left,1,11,34,Non-Hispanic,,Female,White,623294,2022-01-05 21:15:33,
121,experimental_left,1,3,34,Non-Hispanic,,Female,White,623294,2022-01-05 21:15:33,
121,experimental_left,1,7,34,Non-Hispanic,,Female,White,623294,2022-01-05 21:15:33,
121,experimental_left,1,22,34,Non-Hispanic,,Female,White,623294,2022-01-05 21:15:33,
121,experimental_left,1,18,34,Non-Hispanic,,Female,White,623294,2022-01-05 21:15:33,
121,experimental_left,1,19,34,Non-Hispanic,,Female,White,623294,2022-01-05 21:15:33,
121,experimental_left,1,20,34,Non-Hispanic,,Female,White,623294,2022-01-05 21:15:33,
121,experimental_left,1,9,34,Non-Hispanic,,Female,White,623294,2022-01-05 21:15:33,
121,experimental_left,1,6,34,Non-Hispanic,,Female,White,623294,2022-01-05 21:15:33,
121,experimental_left,0,8,34,Non-Hispanic,,Female,White,623294,2022-01-05 21:15:33,
121,experimental_left,1,12,34,Non-Hispanic,,Female,White,623294,2022-01-05 21:15:33,
95,experimental_left,1,1,35,Non-Hispanic,I just tried to compare how many people returned with a flyer or without and went with my gut instinct.,Male,White,647459,2022-01-05 21:07:21,
95,experimental_left,0,2,35,Non-Hispanic,I just tried to compare how many people returned with a flyer or without and went with my gut instinct.,Male,White,647459,2022-01-05 21:07:21,
95,experimental_left,1,19,35,Non-Hispanic,I just tried to compare how many people returned with a flyer or without and went with my gut instinct.,Male,White,647459,2022-01-05 21:07:21,
95,experimental_left,1,21,35,Non-Hispanic,I just tried to compare how many people returned with a flyer or without and went with my gut instinct.,Male,White,647459,2022-01-05 21:07:21,
95,experimental_left,1,20,35,Non-Hispanic,I just tried to compare how many people returned with a flyer or without and went with my gut instinct.,Male,White,647459,2022-01-05 21:07:21,
95,experimental_left,1,15,35,Non-Hispanic,I just tried to compare how many people returned with a flyer or without and went with my gut instinct.,Male,White,647459,2022-01-05 21:07:21,
95,experimental_left,1,14,35,Non-Hispanic,I just tried to compare how many people returned with a flyer or without and went with my gut instinct.,Male,White,647459,2022-01-05 21:07:21,
95,experimental_left,1,9,35,Non-Hispanic,I just tried to compare how many people returned with a flyer or without and went with my gut instinct.,Male,White,647459,2022-01-05 21:07:21,
95,experimental_left,0,16,35,Non-Hispanic,I just tried to compare how many people returned with a flyer or without and went with my gut instinct.,Male,White,647459,2022-01-05 21:07:21,
95,experimental_left,1,17,35,Non-Hispanic,I just tried to compare how many people returned with a flyer or without and went with my gut instinct.,Male,White,647459,2022-01-05 21:07:21,
95,experimental_left,1,5,35,Non-Hispanic,I just tried to compare how many people returned with a flyer or without and went with my gut instinct.,Male,White,647459,2022-01-05 21:07:21,
95,experimental_left,1,22,35,Non-Hispanic,I just tried to compare how many people returned with a flyer or without and went with my gut instinct.,Male,White,647459,2022-01-05 21:07:21,
95,experimental_left,0,11,35,Non-Hispanic,I just tried to compare how many people returned with a flyer or without and went with my gut instinct.,Male,White,647459,2022-01-05 21:07:21,
95,experimental_left,0,4,35,Non-Hispanic,I just tried to compare how many people returned with a flyer or without and went with my gut instinct.,Male,White,647459,2022-01-05 21:07:21,
95,experimental_left,1,18,35,Non-Hispanic,I just tried to compare how many people returned with a flyer or without and went with my gut instinct.,Male,White,647459,2022-01-05 21:07:21,
95,experimental_left,1,7,35,Non-Hispanic,I just tried to compare how many people returned with a flyer or without and went with my gut instinct.,Male,White,647459,2022-01-05 21:07:21,
95,experimental_left,1,3,35,Non-Hispanic,I just tried to compare how many people returned with a flyer or without and went with my gut instinct.,Male,White,647459,2022-01-05 21:07:21,
95,experimental_left,0,6,35,Non-Hispanic,I just tried to compare how many people returned with a flyer or without and went with my gut instinct.,Male,White,647459,2022-01-05 21:07:21,
95,experimental_left,1,12,35,Non-Hispanic,I just tried to compare how many people returned with a flyer or without and went with my gut instinct.,Male,White,647459,2022-01-05 21:07:21,
95,experimental_left,0,8,35,Non-Hispanic,I just tried to compare how many people returned with a flyer or without and went with my gut instinct.,Male,White,647459,2022-01-05 21:07:21,
95,experimental_left,0,10,35,Non-Hispanic,I just tried to compare how many people returned with a flyer or without and went with my gut instinct.,Male,White,647459,2022-01-05 21:07:21,
95,experimental_left,0,13,35,Non-Hispanic,I just tried to compare how many people returned with a flyer or without and went with my gut instinct.,Male,White,647459,2022-01-05 21:07:21,
128,experimental_left,1,1,19,Non-Hispanic,The amount of people that went to go see the movie with the flier made me more likely to hand out a flier.,Female,White,671069,2022-01-05 21:18:19,
128,experimental_left,0,2,19,Non-Hispanic,The amount of people that went to go see the movie with the flier made me more likely to hand out a flier.,Female,White,671069,2022-01-05 21:18:19,
128,experimental_left,1,20,19,Non-Hispanic,The amount of people that went to go see the movie with the flier made me more likely to hand out a flier.,Female,White,671069,2022-01-05 21:18:19,
128,experimental_left,0,5,19,Non-Hispanic,The amount of people that went to go see the movie with the flier made me more likely to hand out a flier.,Female,White,671069,2022-01-05 21:18:19,
128,experimental_left,1,7,19,Non-Hispanic,The amount of people that went to go see the movie with the flier made me more likely to hand out a flier.,Female,White,671069,2022-01-05 21:18:19,
128,experimental_left,1,11,19,Non-Hispanic,The amount of people that went to go see the movie with the flier made me more likely to hand out a flier.,Female,White,671069,2022-01-05 21:18:19,
128,experimental_left,0,8,19,Non-Hispanic,The amount of people that went to go see the movie with the flier made me more likely to hand out a flier.,Female,White,671069,2022-01-05 21:18:19,
128,experimental_left,1,3,19,Non-Hispanic,The amount of people that went to go see the movie with the flier made me more likely to hand out a flier.,Female,White,671069,2022-01-05 21:18:19,
128,experimental_left,0,14,19,Non-Hispanic,The amount of people that went to go see the movie with the flier made me more likely to hand out a flier.,Female,White,671069,2022-01-05 21:18:19,
128,experimental_left,1,9,19,Non-Hispanic,The amount of people that went to go see the movie with the flier made me more likely to hand out a flier.,Female,White,671069,2022-01-05 21:18:19,
128,experimental_left,0,4,19,Non-Hispanic,The amount of people that went to go see the movie with the flier made me more likely to hand out a flier.,Female,White,671069,2022-01-05 21:18:19,
128,experimental_left,0,22,19,Non-Hispanic,The amount of people that went to go see the movie with the flier made me more likely to hand out a flier.,Female,White,671069,2022-01-05 21:18:19,
128,experimental_left,1,17,19,Non-Hispanic,The amount of people that went to go see the movie with the flier made me more likely to hand out a flier.,Female,White,671069,2022-01-05 21:18:19,
128,experimental_left,0,16,19,Non-Hispanic,The amount of people that went to go see the movie with the flier made me more likely to hand out a flier.,Female,White,671069,2022-01-05 21:18:19,
128,experimental_left,0,10,19,Non-Hispanic,The amount of people that went to go see the movie with the flier made me more likely to hand out a flier.,Female,White,671069,2022-01-05 21:18:19,
128,experimental_left,1,21,19,Non-Hispanic,The amount of people that went to go see the movie with the flier made me more likely to hand out a flier.,Female,White,671069,2022-01-05 21:18:19,
128,experimental_left,0,19,19,Non-Hispanic,The amount of people that went to go see the movie with the flier made me more likely to hand out a flier.,Female,White,671069,2022-01-05 21:18:19,
128,experimental_left,1,18,19,Non-Hispanic,The amount of people that went to go see the movie with the flier made me more likely to hand out a flier.,Female,White,671069,2022-01-05 21:18:19,
128,experimental_left,0,12,19,Non-Hispanic,The amount of people that went to go see the movie with the flier made me more likely to hand out a flier.,Female,White,671069,2022-01-05 21:18:19,
128,experimental_left,1,13,19,Non-Hispanic,The amount of people that went to go see the movie with the flier made me more likely to hand out a flier.,Female,White,671069,2022-01-05 21:18:19,
128,experimental_left,1,15,19,Non-Hispanic,The amount of people that went to go see the movie with the flier made me more likely to hand out a flier.,Female,White,671069,2022-01-05 21:18:19,
128,experimental_left,1,6,19,Non-Hispanic,The amount of people that went to go see the movie with the flier made me more likely to hand out a flier.,Female,White,671069,2022-01-05 21:18:19,
182,experimental_left,0,1,35,Non-Hispanic,I compared the number of people obtaining tickets with the flyer by being handed one vs. choosing the flyer on their own whether I gave the person a flyer. ,Female,Black/African American,926768,2022-01-05 21:36:07,
182,experimental_left,0,2,35,Non-Hispanic,I compared the number of people obtaining tickets with the flyer by being handed one vs. choosing the flyer on their own whether I gave the person a flyer. ,Female,Black/African American,926768,2022-01-05 21:36:07,
182,experimental_left,1,9,35,Non-Hispanic,I compared the number of people obtaining tickets with the flyer by being handed one vs. choosing the flyer on their own whether I gave the person a flyer. ,Female,Black/African American,926768,2022-01-05 21:36:07,
182,experimental_left,1,15,35,Non-Hispanic,I compared the number of people obtaining tickets with the flyer by being handed one vs. choosing the flyer on their own whether I gave the person a flyer. ,Female,Black/African American,926768,2022-01-05 21:36:07,
182,experimental_left,1,18,35,Non-Hispanic,I compared the number of people obtaining tickets with the flyer by being handed one vs. choosing the flyer on their own whether I gave the person a flyer. ,Female,Black/African American,926768,2022-01-05 21:36:07,
182,experimental_left,1,20,35,Non-Hispanic,I compared the number of people obtaining tickets with the flyer by being handed one vs. choosing the flyer on their own whether I gave the person a flyer. ,Female,Black/African American,926768,2022-01-05 21:36:07,
182,experimental_left,1,13,35,Non-Hispanic,I compared the number of people obtaining tickets with the flyer by being handed one vs. choosing the flyer on their own whether I gave the person a flyer. ,Female,Black/African American,926768,2022-01-05 21:36:07,
182,experimental_left,1,7,35,Non-Hispanic,I compared the number of people obtaining tickets with the flyer by being handed one vs. choosing the flyer on their own whether I gave the person a flyer. ,Female,Black/African American,926768,2022-01-05 21:36:07,
182,experimental_left,0,8,35,Non-Hispanic,I compared the number of people obtaining tickets with the flyer by being handed one vs. choosing the flyer on their own whether I gave the person a flyer. ,Female,Black/African American,926768,2022-01-05 21:36:07,
182,experimental_left,1,11,35,Non-Hispanic,I compared the number of people obtaining tickets with the flyer by being handed one vs. choosing the flyer on their own whether I gave the person a flyer. ,Female,Black/African American,926768,2022-01-05 21:36:07,
182,experimental_left,0,6,35,Non-Hispanic,I compared the number of people obtaining tickets with the flyer by being handed one vs. choosing the flyer on their own whether I gave the person a flyer. ,Female,Black/African American,926768,2022-01-05 21:36:07,
182,experimental_left,0,12,35,Non-Hispanic,I compared the number of people obtaining tickets with the flyer by being handed one vs. choosing the flyer on their own whether I gave the person a flyer. ,Female,Black/African American,926768,2022-01-05 21:36:07,
182,experimental_left,0,21,35,Non-Hispanic,I compared the number of people obtaining tickets with the flyer by being handed one vs. choosing the flyer on their own whether I gave the person a flyer. ,Female,Black/African American,926768,2022-01-05 21:36:07,
182,experimental_left,0,22,35,Non-Hispanic,I compared the number of people obtaining tickets with the flyer by being handed one vs. choosing the flyer on their own whether I gave the person a flyer. ,Female,Black/African American,926768,2022-01-05 21:36:07,
182,experimental_left,1,17,35,Non-Hispanic,I compared the number of people obtaining tickets with the flyer by being handed one vs. choosing the flyer on their own whether I gave the person a flyer. ,Female,Black/African American,926768,2022-01-05 21:36:07,
182,experimental_left,0,4,35,Non-Hispanic,I compared the number of people obtaining tickets with the flyer by being handed one vs. choosing the flyer on their own whether I gave the person a flyer. ,Female,Black/African American,926768,2022-01-05 21:36:07,
182,experimental_left,0,14,35,Non-Hispanic,I compared the number of people obtaining tickets with the flyer by being handed one vs. choosing the flyer on their own whether I gave the person a flyer. ,Female,Black/African American,926768,2022-01-05 21:36:07,
182,experimental_left,0,16,35,Non-Hispanic,I compared the number of people obtaining tickets with the flyer by being handed one vs. choosing the flyer on their own whether I gave the person a flyer. ,Female,Black/African American,926768,2022-01-05 21:36:07,
182,experimental_left,0,10,35,Non-Hispanic,I compared the number of people obtaining tickets with the flyer by being handed one vs. choosing the flyer on their own whether I gave the person a flyer. ,Female,Black/African American,926768,2022-01-05 21:36:07,
182,experimental_left,1,19,35,Non-Hispanic,I compared the number of people obtaining tickets with the flyer by being handed one vs. choosing the flyer on their own whether I gave the person a flyer. ,Female,Black/African American,926768,2022-01-05 21:36:07,
182,experimental_left,1,5,35,Non-Hispanic,I compared the number of people obtaining tickets with the flyer by being handed one vs. choosing the flyer on their own whether I gave the person a flyer. ,Female,Black/African American,926768,2022-01-05 21:36:07,
182,experimental_left,1,3,35,Non-Hispanic,I compared the number of people obtaining tickets with the flyer by being handed one vs. choosing the flyer on their own whether I gave the person a flyer. ,Female,Black/African American,926768,2022-01-05 21:36:07,
141,observational_left,0,1,48,Non-Hispanic,I looked at how many people who received a flyer later attended the movie.,Female,White,468971,2022-01-05 21:20:16,
141,observational_left,0,2,48,Non-Hispanic,I looked at how many people who received a flyer later attended the movie.,Female,White,468971,2022-01-05 21:20:16,
141,observational_left,0,20,48,Non-Hispanic,I looked at how many people who received a flyer later attended the movie.,Female,White,468971,2022-01-05 21:20:16,
141,observational_left,1,22,48,Non-Hispanic,I looked at how many people who received a flyer later attended the movie.,Female,White,468971,2022-01-05 21:20:16,
141,observational_left,1,4,48,Non-Hispanic,I looked at how many people who received a flyer later attended the movie.,Female,White,468971,2022-01-05 21:20:16,
141,observational_left,0,14,48,Non-Hispanic,I looked at how many people who received a flyer later attended the movie.,Female,White,468971,2022-01-05 21:20:16,
141,observational_left,0,8,48,Non-Hispanic,I looked at how many people who received a flyer later attended the movie.,Female,White,468971,2022-01-05 21:20:16,
141,observational_left,1,21,48,Non-Hispanic,I looked at how many people who received a flyer later attended the movie.,Female,White,468971,2022-01-05 21:20:16,
141,observational_left,1,15,48,Non-Hispanic,I looked at how many people who received a flyer later attended the movie.,Female,White,468971,2022-01-05 21:20:16,
141,observational_left,0,11,48,Non-Hispanic,I looked at how many people who received a flyer later attended the movie.,Female,White,468971,2022-01-05 21:20:16,
141,observational_left,1,10,48,Non-Hispanic,I looked at how many people who received a flyer later attended the movie.,Female,White,468971,2022-01-05 21:20:16,
141,observational_left,0,5,48,Non-Hispanic,I looked at how many people who received a flyer later attended the movie.,Female,White,468971,2022-01-05 21:20:16,
141,observational_left,1,3,48,Non-Hispanic,I looked at how many people who received a flyer later attended the movie.,Female,White,468971,2022-01-05 21:20:16,
141,observational_left,1,12,48,Non-Hispanic,I looked at how many people who received a flyer later attended the movie.,Female,White,468971,2022-01-05 21:20:16,
141,observational_left,1,16,48,Non-Hispanic,I looked at how many people who received a flyer later attended the movie.,Female,White,468971,2022-01-05 21:20:16,
141,observational_left,1,9,48,Non-Hispanic,I looked at how many people who received a flyer later attended the movie.,Female,White,468971,2022-01-05 21:20:16,
141,observational_left,1,6,48,Non-Hispanic,I looked at how many people who received a flyer later attended the movie.,Female,White,468971,2022-01-05 21:20:16,
141,observational_left,0,7,48,Non-Hispanic,I looked at how many people who received a flyer later attended the movie.,Female,White,468971,2022-01-05 21:20:16,
141,observational_left,1,19,48,Non-Hispanic,I looked at how many people who received a flyer later attended the movie.,Female,White,468971,2022-01-05 21:20:16,
141,observational_left,1,13,48,Non-Hispanic,I looked at how many people who received a flyer later attended the movie.,Female,White,468971,2022-01-05 21:20:16,
141,observational_left,1,18,48,Non-Hispanic,I looked at how many people who received a flyer later attended the movie.,Female,White,468971,2022-01-05 21:20:16,
141,observational_left,0,17,48,Non-Hispanic,I looked at how many people who received a flyer later attended the movie.,Female,White,468971,2022-01-05 21:20:16,
192,observational_left,0,1,21,Non-Hispanic,Comparing the number of tickets in handled tickets and not handled tickets and sometimes with the other data.,Male,White,902048,2022-01-05 21:46:48,
192,observational_left,0,2,21,Non-Hispanic,Comparing the number of tickets in handled tickets and not handled tickets and sometimes with the other data.,Male,White,902048,2022-01-05 21:46:48,
192,observational_left,1,19,21,Non-Hispanic,Comparing the number of tickets in handled tickets and not handled tickets and sometimes with the other data.,Male,White,902048,2022-01-05 21:46:48,
192,observational_left,1,3,21,Non-Hispanic,Comparing the number of tickets in handled tickets and not handled tickets and sometimes with the other data.,Male,White,902048,2022-01-05 21:46:48,
192,observational_left,0,14,21,Non-Hispanic,Comparing the number of tickets in handled tickets and not handled tickets and sometimes with the other data.,Male,White,902048,2022-01-05 21:46:48,
192,observational_left,1,7,21,Non-Hispanic,Comparing the number of tickets in handled tickets and not handled tickets and sometimes with the other data.,Male,White,902048,2022-01-05 21:46:48,
192,observational_left,1,22,21,Non-Hispanic,Comparing the number of tickets in handled tickets and not handled tickets and sometimes with the other data.,Male,White,902048,2022-01-05 21:46:48,
192,observational_left,1,11,21,Non-Hispanic,Comparing the number of tickets in handled tickets and not handled tickets and sometimes with the other data.,Male,White,902048,2022-01-05 21:46:48,
192,observational_left,1,13,21,Non-Hispanic,Comparing the number of tickets in handled tickets and not handled tickets and sometimes with the other data.,Male,White,902048,2022-01-05 21:46:48,
192,observational_left,1,8,21,Non-Hispanic,Comparing the number of tickets in handled tickets and not handled tickets and sometimes with the other data.,Male,White,902048,2022-01-05 21:46:48,
192,observational_left,1,21,21,Non-Hispanic,Comparing the number of tickets in handled tickets and not handled tickets and sometimes with the other data.,Male,White,902048,2022-01-05 21:46:48,
192,observational_left,1,5,21,Non-Hispanic,Comparing the number of tickets in handled tickets and not handled tickets and sometimes with the other data.,Male,White,902048,2022-01-05 21:46:48,
192,observational_left,1,18,21,Non-Hispanic,Comparing the number of tickets in handled tickets and not handled tickets and sometimes with the other data.,Male,White,902048,2022-01-05 21:46:48,
192,observational_left,1,17,21,Non-Hispanic,Comparing the number of tickets in handled tickets and not handled tickets and sometimes with the other data.,Male,White,902048,2022-01-05 21:46:48,
192,observational_left,1,9,21,Non-Hispanic,Comparing the number of tickets in handled tickets and not handled tickets and sometimes with the other data.,Male,White,902048,2022-01-05 21:46:48,
192,observational_left,1,10,21,Non-Hispanic,Comparing the number of tickets in handled tickets and not handled tickets and sometimes with the other data.,Male,White,902048,2022-01-05 21:46:48,
192,observational_left,1,6,21,Non-Hispanic,Comparing the number of tickets in handled tickets and not handled tickets and sometimes with the other data.,Male,White,902048,2022-01-05 21:46:48,
192,observational_left,1,16,21,Non-Hispanic,Comparing the number of tickets in handled tickets and not handled tickets and sometimes with the other data.,Male,White,902048,2022-01-05 21:46:48,
192,observational_left,1,20,21,Non-Hispanic,Comparing the number of tickets in handled tickets and not handled tickets and sometimes with the other data.,Male,White,902048,2022-01-05 21:46:48,
192,observational_left,1,4,21,Non-Hispanic,Comparing the number of tickets in handled tickets and not handled tickets and sometimes with the other data.,Male,White,902048,2022-01-05 21:46:48,
192,observational_left,1,15,21,Non-Hispanic,Comparing the number of tickets in handled tickets and not handled tickets and sometimes with the other data.,Male,White,902048,2022-01-05 21:46:48,
192,observational_left,1,12,21,Non-Hispanic,Comparing the number of tickets in handled tickets and not handled tickets and sometimes with the other data.,Male,White,902048,2022-01-05 21:46:48,
156,observational_left,1,1,52,Non-Hispanic,I looked for the the side had the highest number of tickets bought and how many got flyers.  Why do discouraged viewers cost $20 shouldn't only $10 for the ticket.,Male,White,1389912,2022-01-05 21:39:24,
156,observational_left,0,2,52,Non-Hispanic,I looked for the the side had the highest number of tickets bought and how many got flyers.  Why do discouraged viewers cost $20 shouldn't only $10 for the ticket.,Male,White,1389912,2022-01-05 21:39:24,
156,observational_left,1,8,52,Non-Hispanic,I looked for the the side had the highest number of tickets bought and how many got flyers.  Why do discouraged viewers cost $20 shouldn't only $10 for the ticket.,Male,White,1389912,2022-01-05 21:39:24,
156,observational_left,0,18,52,Non-Hispanic,I looked for the the side had the highest number of tickets bought and how many got flyers.  Why do discouraged viewers cost $20 shouldn't only $10 for the ticket.,Male,White,1389912,2022-01-05 21:39:24,
156,observational_left,0,6,52,Non-Hispanic,I looked for the the side had the highest number of tickets bought and how many got flyers.  Why do discouraged viewers cost $20 shouldn't only $10 for the ticket.,Male,White,1389912,2022-01-05 21:39:24,
156,observational_left,1,19,52,Non-Hispanic,I looked for the the side had the highest number of tickets bought and how many got flyers.  Why do discouraged viewers cost $20 shouldn't only $10 for the ticket.,Male,White,1389912,2022-01-05 21:39:24,
156,observational_left,1,5,52,Non-Hispanic,I looked for the the side had the highest number of tickets bought and how many got flyers.  Why do discouraged viewers cost $20 shouldn't only $10 for the ticket.,Male,White,1389912,2022-01-05 21:39:24,
156,observational_left,1,11,52,Non-Hispanic,I looked for the the side had the highest number of tickets bought and how many got flyers.  Why do discouraged viewers cost $20 shouldn't only $10 for the ticket.,Male,White,1389912,2022-01-05 21:39:24,
156,observational_left,0,22,52,Non-Hispanic,I looked for the the side had the highest number of tickets bought and how many got flyers.  Why do discouraged viewers cost $20 shouldn't only $10 for the ticket.,Male,White,1389912,2022-01-05 21:39:24,
156,observational_left,0,21,52,Non-Hispanic,I looked for the the side had the highest number of tickets bought and how many got flyers.  Why do discouraged viewers cost $20 shouldn't only $10 for the ticket.,Male,White,1389912,2022-01-05 21:39:24,
156,observational_left,1,15,52,Non-Hispanic,I looked for the the side had the highest number of tickets bought and how many got flyers.  Why do discouraged viewers cost $20 shouldn't only $10 for the ticket.,Male,White,1389912,2022-01-05 21:39:24,
156,observational_left,0,16,52,Non-Hispanic,I looked for the the side had the highest number of tickets bought and how many got flyers.  Why do discouraged viewers cost $20 shouldn't only $10 for the ticket.,Male,White,1389912,2022-01-05 21:39:24,
156,observational_left,0,10,52,Non-Hispanic,I looked for the the side had the highest number of tickets bought and how many got flyers.  Why do discouraged viewers cost $20 shouldn't only $10 for the ticket.,Male,White,1389912,2022-01-05 21:39:24,
156,observational_left,1,9,52,Non-Hispanic,I looked for the the side had the highest number of tickets bought and how many got flyers.  Why do discouraged viewers cost $20 shouldn't only $10 for the ticket.,Male,White,1389912,2022-01-05 21:39:24,
156,observational_left,0,20,52,Non-Hispanic,I looked for the the side had the highest number of tickets bought and how many got flyers.  Why do discouraged viewers cost $20 shouldn't only $10 for the ticket.,Male,White,1389912,2022-01-05 21:39:24,
156,observational_left,0,12,52,Non-Hispanic,I looked for the the side had the highest number of tickets bought and how many got flyers.  Why do discouraged viewers cost $20 shouldn't only $10 for the ticket.,Male,White,1389912,2022-01-05 21:39:24,
156,observational_left,0,4,52,Non-Hispanic,I looked for the the side had the highest number of tickets bought and how many got flyers.  Why do discouraged viewers cost $20 shouldn't only $10 for the ticket.,Male,White,1389912,2022-01-05 21:39:24,
156,observational_left,1,17,52,Non-Hispanic,I looked for the the side had the highest number of tickets bought and how many got flyers.  Why do discouraged viewers cost $20 shouldn't only $10 for the ticket.,Male,White,1389912,2022-01-05 21:39:24,
156,observational_left,1,13,52,Non-Hispanic,I looked for the the side had the highest number of tickets bought and how many got flyers.  Why do discouraged viewers cost $20 shouldn't only $10 for the ticket.,Male,White,1389912,2022-01-05 21:39:24,
156,observational_left,0,14,52,Non-Hispanic,I looked for the the side had the highest number of tickets bought and how many got flyers.  Why do discouraged viewers cost $20 shouldn't only $10 for the ticket.,Male,White,1389912,2022-01-05 21:39:24,
156,observational_left,0,3,52,Non-Hispanic,I looked for the the side had the highest number of tickets bought and how many got flyers.  Why do discouraged viewers cost $20 shouldn't only $10 for the ticket.,Male,White,1389912,2022-01-05 21:39:24,
156,observational_left,1,7,52,Non-Hispanic,I looked for the the side had the highest number of tickets bought and how many got flyers.  Why do discouraged viewers cost $20 shouldn't only $10 for the ticket.,Male,White,1389912,2022-01-05 21:39:24,
131,observational_left,1,1,19,Non-Hispanic,I only really used the obtained side for my answers,Female,Black/African American,583320,2022-01-05 21:17:50,
131,observational_left,0,2,19,Non-Hispanic,I only really used the obtained side for my answers,Female,Black/African American,583320,2022-01-05 21:17:50,
131,observational_left,1,22,19,Non-Hispanic,I only really used the obtained side for my answers,Female,Black/African American,583320,2022-01-05 21:17:50,
131,observational_left,0,14,19,Non-Hispanic,I only really used the obtained side for my answers,Female,Black/African American,583320,2022-01-05 21:17:50,
131,observational_left,1,12,19,Non-Hispanic,I only really used the obtained side for my answers,Female,Black/African American,583320,2022-01-05 21:17:50,
131,observational_left,0,5,19,Non-Hispanic,I only really used the obtained side for my answers,Female,Black/African American,583320,2022-01-05 21:17:50,
131,observational_left,0,11,19,Non-Hispanic,I only really used the obtained side for my answers,Female,Black/African American,583320,2022-01-05 21:17:50,
131,observational_left,1,19,19,Non-Hispanic,I only really used the obtained side for my answers,Female,Black/African American,583320,2022-01-05 21:17:50,
131,observational_left,0,7,19,Non-Hispanic,I only really used the obtained side for my answers,Female,Black/African American,583320,2022-01-05 21:17:50,
131,observational_left,1,13,19,Non-Hispanic,I only really used the obtained side for my answers,Female,Black/African American,583320,2022-01-05 21:17:50,
131,observational_left,0,17,19,Non-Hispanic,I only really used the obtained side for my answers,Female,Black/African American,583320,2022-01-05 21:17:50,
131,observational_left,1,16,19,Non-Hispanic,I only really used the obtained side for my answers,Female,Black/African American,583320,2022-01-05 21:17:50,
131,observational_left,1,20,19,Non-Hispanic,I only really used the obtained side for my answers,Female,Black/African American,583320,2022-01-05 21:17:50,
131,observational_left,1,15,19,Non-Hispanic,I only really used the obtained side for my answers,Female,Black/African American,583320,2022-01-05 21:17:50,
131,observational_left,0,8,19,Non-Hispanic,I only really used the obtained side for my answers,Female,Black/African American,583320,2022-01-05 21:17:50,
131,observational_left,0,10,19,Non-Hispanic,I only really used the obtained side for my answers,Female,Black/African American,583320,2022-01-05 21:17:50,
131,observational_left,1,6,19,Non-Hispanic,I only really used the obtained side for my answers,Female,Black/African American,583320,2022-01-05 21:17:50,
131,observational_left,1,3,19,Non-Hispanic,I only really used the obtained side for my answers,Female,Black/African American,583320,2022-01-05 21:17:50,
131,observational_left,1,9,19,Non-Hispanic,I only really used the obtained side for my answers,Female,Black/African American,583320,2022-01-05 21:17:50,
131,observational_left,0,4,19,Non-Hispanic,I only really used the obtained side for my answers,Female,Black/African American,583320,2022-01-05 21:17:50,
131,observational_left,1,18,19,Non-Hispanic,I only really used the obtained side for my answers,Female,Black/African American,583320,2022-01-05 21:17:50,
131,observational_left,1,21,19,Non-Hispanic,I only really used the obtained side for my answers,Female,Black/African American,583320,2022-01-05 21:17:50,
102,observational_left,1,1,19,Non-Hispanic,,Female,White,446902,2022-01-05 21:05:24,
102,observational_left,1,2,19,Non-Hispanic,,Female,White,446902,2022-01-05 21:05:24,
102,observational_left,0,17,19,Non-Hispanic,,Female,White,446902,2022-01-05 21:05:24,
102,observational_left,1,18,19,Non-Hispanic,,Female,White,446902,2022-01-05 21:05:24,
102,observational_left,0,4,19,Non-Hispanic,,Female,White,446902,2022-01-05 21:05:24,
102,observational_left,1,7,19,Non-Hispanic,,Female,White,446902,2022-01-05 21:05:24,
102,observational_left,1,15,19,Non-Hispanic,,Female,White,446902,2022-01-05 21:05:24,
102,observational_left,1,20,19,Non-Hispanic,,Female,White,446902,2022-01-05 21:05:24,
102,observational_left,1,12,19,Non-Hispanic,,Female,White,446902,2022-01-05 21:05:24,
102,observational_left,1,19,19,Non-Hispanic,,Female,White,446902,2022-01-05 21:05:24,
102,observational_left,0,14,19,Non-Hispanic,,Female,White,446902,2022-01-05 21:05:24,
102,observational_left,1,13,19,Non-Hispanic,,Female,White,446902,2022-01-05 21:05:24,
102,observational_left,0,8,19,Non-Hispanic,,Female,White,446902,2022-01-05 21:05:24,
102,observational_left,1,10,19,Non-Hispanic,,Female,White,446902,2022-01-05 21:05:24,
102,observational_left,0,5,19,Non-Hispanic,,Female,White,446902,2022-01-05 21:05:24,
102,observational_left,1,3,19,Non-Hispanic,,Female,White,446902,2022-01-05 21:05:24,
102,observational_left,1,9,19,Non-Hispanic,,Female,White,446902,2022-01-05 21:05:24,
102,observational_left,1,21,19,Non-Hispanic,,Female,White,446902,2022-01-05 21:05:24,
102,observational_left,1,22,19,Non-Hispanic,,Female,White,446902,2022-01-05 21:05:24,
102,observational_left,1,6,19,Non-Hispanic,,Female,White,446902,2022-01-05 21:05:24,
102,observational_left,1,16,19,Non-Hispanic,,Female,White,446902,2022-01-05 21:05:24,
102,observational_left,1,11,19,Non-Hispanic,,Female,White,446902,2022-01-05 21:05:24,
181,observational_left,1,1,25,Non-Hispanic,cost can profit,Female,White,810415,2022-01-05 21:34:10,
181,observational_left,0,2,25,Non-Hispanic,cost can profit,Female,White,810415,2022-01-05 21:34:10,
181,observational_left,1,9,25,Non-Hispanic,cost can profit,Female,White,810415,2022-01-05 21:34:10,
181,observational_left,0,17,25,Non-Hispanic,cost can profit,Female,White,810415,2022-01-05 21:34:10,
181,observational_left,0,6,25,Non-Hispanic,cost can profit,Female,White,810415,2022-01-05 21:34:10,
181,observational_left,1,21,25,Non-Hispanic,cost can profit,Female,White,810415,2022-01-05 21:34:10,
181,observational_left,1,18,25,Non-Hispanic,cost can profit,Female,White,810415,2022-01-05 21:34:10,
181,observational_left,0,14,25,Non-Hispanic,cost can profit,Female,White,810415,2022-01-05 21:34:10,
181,observational_left,1,15,25,Non-Hispanic,cost can profit,Female,White,810415,2022-01-05 21:34:10,
181,observational_left,1,3,25,Non-Hispanic,cost can profit,Female,White,810415,2022-01-05 21:34:10,
181,observational_left,0,19,25,Non-Hispanic,cost can profit,Female,White,810415,2022-01-05 21:34:10,
181,observational_left,1,13,25,Non-Hispanic,cost can profit,Female,White,810415,2022-01-05 21:34:10,
181,observational_left,1,11,25,Non-Hispanic,cost can profit,Female,White,810415,2022-01-05 21:34:10,
181,observational_left,1,20,25,Non-Hispanic,cost can profit,Female,White,810415,2022-01-05 21:34:10,
181,observational_left,0,5,25,Non-Hispanic,cost can profit,Female,White,810415,2022-01-05 21:34:10,
181,observational_left,0,10,25,Non-Hispanic,cost can profit,Female,White,810415,2022-01-05 21:34:10,
181,observational_left,0,22,25,Non-Hispanic,cost can profit,Female,White,810415,2022-01-05 21:34:10,
181,observational_left,0,4,25,Non-Hispanic,cost can profit,Female,White,810415,2022-01-05 21:34:10,
181,observational_left,1,12,25,Non-Hispanic,cost can profit,Female,White,810415,2022-01-05 21:34:10,
181,observational_left,0,8,25,Non-Hispanic,cost can profit,Female,White,810415,2022-01-05 21:34:10,
181,observational_left,1,16,25,Non-Hispanic,cost can profit,Female,White,810415,2022-01-05 21:34:10,
181,observational_left,0,7,25,Non-Hispanic,cost can profit,Female,White,810415,2022-01-05 21:34:10,
104,observational_left,1,1,31,Non-Hispanic,I compared the data between the two to decide if it was a risk worth taking or not.,Female,White,931168,2022-01-05 21:15:29,
104,observational_left,1,2,31,Non-Hispanic,I compared the data between the two to decide if it was a risk worth taking or not.,Female,White,931168,2022-01-05 21:15:29,
104,observational_left,1,21,31,Non-Hispanic,I compared the data between the two to decide if it was a risk worth taking or not.,Female,White,931168,2022-01-05 21:15:29,
104,observational_left,1,17,31,Non-Hispanic,I compared the data between the two to decide if it was a risk worth taking or not.,Female,White,931168,2022-01-05 21:15:29,
104,observational_left,0,20,31,Non-Hispanic,I compared the data between the two to decide if it was a risk worth taking or not.,Female,White,931168,2022-01-05 21:15:29,
104,observational_left,1,3,31,Non-Hispanic,I compared the data between the two to decide if it was a risk worth taking or not.,Female,White,931168,2022-01-05 21:15:29,
104,observational_left,0,5,31,Non-Hispanic,I compared the data between the two to decide if it was a risk worth taking or not.,Female,White,931168,2022-01-05 21:15:29,
104,observational_left,1,22,31,Non-Hispanic,I compared the data between the two to decide if it was a risk worth taking or not.,Female,White,931168,2022-01-05 21:15:29,
104,observational_left,1,13,31,Non-Hispanic,I compared the data between the two to decide if it was a risk worth taking or not.,Female,White,931168,2022-01-05 21:15:29,
104,observational_left,1,4,31,Non-Hispanic,I compared the data between the two to decide if it was a risk worth taking or not.,Female,White,931168,2022-01-05 21:15:29,
104,observational_left,0,12,31,Non-Hispanic,I compared the data between the two to decide if it was a risk worth taking or not.,Female,White,931168,2022-01-05 21:15:29,
104,observational_left,1,7,31,Non-Hispanic,I compared the data between the two to decide if it was a risk worth taking or not.,Female,White,931168,2022-01-05 21:15:29,
104,observational_left,1,9,31,Non-Hispanic,I compared the data between the two to decide if it was a risk worth taking or not.,Female,White,931168,2022-01-05 21:15:29,
104,observational_left,1,8,31,Non-Hispanic,I compared the data between the two to decide if it was a risk worth taking or not.,Female,White,931168,2022-01-05 21:15:29,
104,observational_left,0,6,31,Non-Hispanic,I compared the data between the two to decide if it was a risk worth taking or not.,Female,White,931168,2022-01-05 21:15:29,
104,observational_left,1,16,31,Non-Hispanic,I compared the data between the two to decide if it was a risk worth taking or not.,Female,White,931168,2022-01-05 21:15:29,
104,observational_left,1,10,31,Non-Hispanic,I compared the data between the two to decide if it was a risk worth taking or not.,Female,White,931168,2022-01-05 21:15:29,
104,observational_left,1,14,31,Non-Hispanic,I compared the data between the two to decide if it was a risk worth taking or not.,Female,White,931168,2022-01-05 21:15:29,
104,observational_left,0,18,31,Non-Hispanic,I compared the data between the two to decide if it was a risk worth taking or not.,Female,White,931168,2022-01-05 21:15:29,
104,observational_left,0,19,31,Non-Hispanic,I compared the data between the two to decide if it was a risk worth taking or not.,Female,White,931168,2022-01-05 21:15:29,
104,observational_left,1,15,31,Non-Hispanic,I compared the data between the two to decide if it was a risk worth taking or not.,Female,White,931168,2022-01-05 21:15:29,
104,observational_left,1,11,31,Non-Hispanic,I compared the data between the two to decide if it was a risk worth taking or not.,Female,White,931168,2022-01-05 21:15:29,
164,observational_left,0,1,36,Non-Hispanic,None,Male,White,1285695,2022-01-05 21:39:33,
164,observational_left,1,2,36,Non-Hispanic,None,Male,White,1285695,2022-01-05 21:39:33,
164,observational_left,1,6,36,Non-Hispanic,None,Male,White,1285695,2022-01-05 21:39:33,
164,observational_left,1,10,36,Non-Hispanic,None,Male,White,1285695,2022-01-05 21:39:33,
164,observational_left,1,5,36,Non-Hispanic,None,Male,White,1285695,2022-01-05 21:39:33,
164,observational_left,1,14,36,Non-Hispanic,None,Male,White,1285695,2022-01-05 21:39:33,
164,observational_left,1,12,36,Non-Hispanic,None,Male,White,1285695,2022-01-05 21:39:33,
164,observational_left,0,18,36,Non-Hispanic,None,Male,White,1285695,2022-01-05 21:39:33,
164,observational_left,1,15,36,Non-Hispanic,None,Male,White,1285695,2022-01-05 21:39:33,
164,observational_left,1,11,36,Non-Hispanic,None,Male,White,1285695,2022-01-05 21:39:33,
164,observational_left,0,19,36,Non-Hispanic,None,Male,White,1285695,2022-01-05 21:39:33,
164,observational_left,0,20,36,Non-Hispanic,None,Male,White,1285695,2022-01-05 21:39:33,
164,observational_left,1,16,36,Non-Hispanic,None,Male,White,1285695,2022-01-05 21:39:33,
164,observational_left,1,22,36,Non-Hispanic,None,Male,White,1285695,2022-01-05 21:39:33,
164,observational_left,1,3,36,Non-Hispanic,None,Male,White,1285695,2022-01-05 21:39:33,
164,observational_left,0,17,36,Non-Hispanic,None,Male,White,1285695,2022-01-05 21:39:33,
164,observational_left,1,21,36,Non-Hispanic,None,Male,White,1285695,2022-01-05 21:39:33,
164,observational_left,1,13,36,Non-Hispanic,None,Male,White,1285695,2022-01-05 21:39:33,
164,observational_left,1,9,36,Non-Hispanic,None,Male,White,1285695,2022-01-05 21:39:33,
164,observational_left,1,4,36,Non-Hispanic,None,Male,White,1285695,2022-01-05 21:39:33,
164,observational_left,0,7,36,Non-Hispanic,None,Male,White,1285695,2022-01-05 21:39:33,
164,observational_left,1,8,36,Non-Hispanic,None,Male,White,1285695,2022-01-05 21:39:33,
175,observational_left,1,1,22,Non-Hispanic,I tried to think about if it would be worth it to hand out the flyers compared to how many people returned in other sections.,Male,White,806648,2022-01-05 21:33:04,
175,observational_left,0,2,22,Non-Hispanic,I tried to think about if it would be worth it to hand out the flyers compared to how many people returned in other sections.,Male,White,806648,2022-01-05 21:33:04,
175,observational_left,0,8,22,Non-Hispanic,I tried to think about if it would be worth it to hand out the flyers compared to how many people returned in other sections.,Male,White,806648,2022-01-05 21:33:04,
175,observational_left,1,7,22,Non-Hispanic,I tried to think about if it would be worth it to hand out the flyers compared to how many people returned in other sections.,Male,White,806648,2022-01-05 21:33:04,
175,observational_left,1,11,22,Non-Hispanic,I tried to think about if it would be worth it to hand out the flyers compared to how many people returned in other sections.,Male,White,806648,2022-01-05 21:33:04,
175,observational_left,1,5,22,Non-Hispanic,I tried to think about if it would be worth it to hand out the flyers compared to how many people returned in other sections.,Male,White,806648,2022-01-05 21:33:04,
175,observational_left,1,3,22,Non-Hispanic,I tried to think about if it would be worth it to hand out the flyers compared to how many people returned in other sections.,Male,White,806648,2022-01-05 21:33:04,
175,observational_left,1,6,22,Non-Hispanic,I tried to think about if it would be worth it to hand out the flyers compared to how many people returned in other sections.,Male,White,806648,2022-01-05 21:33:04,
175,observational_left,1,4,22,Non-Hispanic,I tried to think about if it would be worth it to hand out the flyers compared to how many people returned in other sections.,Male,White,806648,2022-01-05 21:33:04,
175,observational_left,1,10,22,Non-Hispanic,I tried to think about if it would be worth it to hand out the flyers compared to how many people returned in other sections.,Male,White,806648,2022-01-05 21:33:04,
175,observational_left,1,20,22,Non-Hispanic,I tried to think about if it would be worth it to hand out the flyers compared to how many people returned in other sections.,Male,White,806648,2022-01-05 21:33:04,
175,observational_left,1,9,22,Non-Hispanic,I tried to think about if it would be worth it to hand out the flyers compared to how many people returned in other sections.,Male,White,806648,2022-01-05 21:33:04,
175,observational_left,0,22,22,Non-Hispanic,I tried to think about if it would be worth it to hand out the flyers compared to how many people returned in other sections.,Male,White,806648,2022-01-05 21:33:04,
175,observational_left,1,12,22,Non-Hispanic,I tried to think about if it would be worth it to hand out the flyers compared to how many people returned in other sections.,Male,White,806648,2022-01-05 21:33:04,
175,observational_left,1,19,22,Non-Hispanic,I tried to think about if it would be worth it to hand out the flyers compared to how many people returned in other sections.,Male,White,806648,2022-01-05 21:33:04,
175,observational_left,1,18,22,Non-Hispanic,I tried to think about if it would be worth it to hand out the flyers compared to how many people returned in other sections.,Male,White,806648,2022-01-05 21:33:04,
175,observational_left,1,16,22,Non-Hispanic,I tried to think about if it would be worth it to hand out the flyers compared to how many people returned in other sections.,Male,White,806648,2022-01-05 21:33:04,
175,observational_left,1,15,22,Non-Hispanic,I tried to think about if it would be worth it to hand out the flyers compared to how many people returned in other sections.,Male,White,806648,2022-01-05 21:33:04,
175,observational_left,0,14,22,Non-Hispanic,I tried to think about if it would be worth it to hand out the flyers compared to how many people returned in other sections.,Male,White,806648,2022-01-05 21:33:04,
175,observational_left,1,21,22,Non-Hispanic,I tried to think about if it would be worth it to hand out the flyers compared to how many people returned in other sections.,Male,White,806648,2022-01-05 21:33:04,
175,observational_left,1,17,22,Non-Hispanic,I tried to think about if it would be worth it to hand out the flyers compared to how many people returned in other sections.,Male,White,806648,2022-01-05 21:33:04,
175,observational_left,1,13,22,Non-Hispanic,I tried to think about if it would be worth it to hand out the flyers compared to how many people returned in other sections.,Male,White,806648,2022-01-05 21:33:04,
143,observational_left,1,1,25,Non-Hispanic,The biggest factor was how people who did not receive flyers responded.,Female,White,777108,2022-01-05 21:25:31,
143,observational_left,0,2,25,Non-Hispanic,The biggest factor was how people who did not receive flyers responded.,Female,White,777108,2022-01-05 21:25:31,
143,observational_left,1,10,25,Non-Hispanic,The biggest factor was how people who did not receive flyers responded.,Female,White,777108,2022-01-05 21:25:31,
143,observational_left,1,6,25,Non-Hispanic,The biggest factor was how people who did not receive flyers responded.,Female,White,777108,2022-01-05 21:25:31,
143,observational_left,0,5,25,Non-Hispanic,The biggest factor was how people who did not receive flyers responded.,Female,White,777108,2022-01-05 21:25:31,
143,observational_left,1,22,25,Non-Hispanic,The biggest factor was how people who did not receive flyers responded.,Female,White,777108,2022-01-05 21:25:31,
143,observational_left,1,12,25,Non-Hispanic,The biggest factor was how people who did not receive flyers responded.,Female,White,777108,2022-01-05 21:25:31,
143,observational_left,1,11,25,Non-Hispanic,The biggest factor was how people who did not receive flyers responded.,Female,White,777108,2022-01-05 21:25:31,
143,observational_left,0,14,25,Non-Hispanic,The biggest factor was how people who did not receive flyers responded.,Female,White,777108,2022-01-05 21:25:31,
143,observational_left,1,13,25,Non-Hispanic,The biggest factor was how people who did not receive flyers responded.,Female,White,777108,2022-01-05 21:25:31,
143,observational_left,1,19,25,Non-Hispanic,The biggest factor was how people who did not receive flyers responded.,Female,White,777108,2022-01-05 21:25:31,
143,observational_left,1,15,25,Non-Hispanic,The biggest factor was how people who did not receive flyers responded.,Female,White,777108,2022-01-05 21:25:31,
143,observational_left,1,9,25,Non-Hispanic,The biggest factor was how people who did not receive flyers responded.,Female,White,777108,2022-01-05 21:25:31,
143,observational_left,1,16,25,Non-Hispanic,The biggest factor was how people who did not receive flyers responded.,Female,White,777108,2022-01-05 21:25:31,
143,observational_left,1,7,25,Non-Hispanic,The biggest factor was how people who did not receive flyers responded.,Female,White,777108,2022-01-05 21:25:31,
143,observational_left,1,21,25,Non-Hispanic,The biggest factor was how people who did not receive flyers responded.,Female,White,777108,2022-01-05 21:25:31,
143,observational_left,0,4,25,Non-Hispanic,The biggest factor was how people who did not receive flyers responded.,Female,White,777108,2022-01-05 21:25:31,
143,observational_left,1,3,25,Non-Hispanic,The biggest factor was how people who did not receive flyers responded.,Female,White,777108,2022-01-05 21:25:31,
143,observational_left,1,18,25,Non-Hispanic,The biggest factor was how people who did not receive flyers responded.,Female,White,777108,2022-01-05 21:25:31,
143,observational_left,0,8,25,Non-Hispanic,The biggest factor was how people who did not receive flyers responded.,Female,White,777108,2022-01-05 21:25:31,
143,observational_left,1,17,25,Non-Hispanic,The biggest factor was how people who did not receive flyers responded.,Female,White,777108,2022-01-05 21:25:31,
143,observational_left,1,20,25,Non-Hispanic,The biggest factor was how people who did not receive flyers responded.,Female,White,777108,2022-01-05 21:25:31,
133,observational_left,0,1,26,Non-Hispanic,based on the returning customers,Female,White,863464,2022-01-05 21:24:08,
133,observational_left,0,2,26,Non-Hispanic,based on the returning customers,Female,White,863464,2022-01-05 21:24:08,
133,observational_left,0,5,26,Non-Hispanic,based on the returning customers,Female,White,863464,2022-01-05 21:24:08,
133,observational_left,1,21,26,Non-Hispanic,based on the returning customers,Female,White,863464,2022-01-05 21:24:08,
133,observational_left,0,11,26,Non-Hispanic,based on the returning customers,Female,White,863464,2022-01-05 21:24:08,
133,observational_left,1,3,26,Non-Hispanic,based on the returning customers,Female,White,863464,2022-01-05 21:24:08,
133,observational_left,0,10,26,Non-Hispanic,based on the returning customers,Female,White,863464,2022-01-05 21:24:08,
133,observational_left,1,9,26,Non-Hispanic,based on the returning customers,Female,White,863464,2022-01-05 21:24:08,
133,observational_left,1,18,26,Non-Hispanic,based on the returning customers,Female,White,863464,2022-01-05 21:24:08,
133,observational_left,0,19,26,Non-Hispanic,based on the returning customers,Female,White,863464,2022-01-05 21:24:08,
133,observational_left,1,22,26,Non-Hispanic,based on the returning customers,Female,White,863464,2022-01-05 21:24:08,
133,observational_left,1,6,26,Non-Hispanic,based on the returning customers,Female,White,863464,2022-01-05 21:24:08,
133,observational_left,0,7,26,Non-Hispanic,based on the returning customers,Female,White,863464,2022-01-05 21:24:08,
133,observational_left,0,8,26,Non-Hispanic,based on the returning customers,Female,White,863464,2022-01-05 21:24:08,
133,observational_left,0,16,26,Non-Hispanic,based on the returning customers,Female,White,863464,2022-01-05 21:24:08,
133,observational_left,0,4,26,Non-Hispanic,based on the returning customers,Female,White,863464,2022-01-05 21:24:08,
133,observational_left,0,14,26,Non-Hispanic,based on the returning customers,Female,White,863464,2022-01-05 21:24:08,
133,observational_left,1,20,26,Non-Hispanic,based on the returning customers,Female,White,863464,2022-01-05 21:24:08,
133,observational_left,1,12,26,Non-Hispanic,based on the returning customers,Female,White,863464,2022-01-05 21:24:08,
133,observational_left,1,15,26,Non-Hispanic,based on the returning customers,Female,White,863464,2022-01-05 21:24:08,
133,observational_left,0,17,26,Non-Hispanic,based on the returning customers,Female,White,863464,2022-01-05 21:24:08,
133,observational_left,0,13,26,Non-Hispanic,based on the returning customers,Female,White,863464,2022-01-05 21:24:08,
183,observational_left,1,1,31,Non-Hispanic,I looked at the history to see if handing out flyers led to more tickets being purchased than not. I also looked at how many tickets were successfully purchased after the flyers were simply available for pickup. ,Female,Asian,366952,2022-01-05 21:26:58,
183,observational_left,0,2,31,Non-Hispanic,I looked at the history to see if handing out flyers led to more tickets being purchased than not. I also looked at how many tickets were successfully purchased after the flyers were simply available for pickup. ,Female,Asian,366952,2022-01-05 21:26:58,
183,observational_left,1,14,31,Non-Hispanic,I looked at the history to see if handing out flyers led to more tickets being purchased than not. I also looked at how many tickets were successfully purchased after the flyers were simply available for pickup. ,Female,Asian,366952,2022-01-05 21:26:58,
183,observational_left,1,11,31,Non-Hispanic,I looked at the history to see if handing out flyers led to more tickets being purchased than not. I also looked at how many tickets were successfully purchased after the flyers were simply available for pickup. ,Female,Asian,366952,2022-01-05 21:26:58,
183,observational_left,1,12,31,Non-Hispanic,I looked at the history to see if handing out flyers led to more tickets being purchased than not. I also looked at how many tickets were successfully purchased after the flyers were simply available for pickup. ,Female,Asian,366952,2022-01-05 21:26:58,
183,observational_left,1,19,31,Non-Hispanic,I looked at the history to see if handing out flyers led to more tickets being purchased than not. I also looked at how many tickets were successfully purchased after the flyers were simply available for pickup. ,Female,Asian,366952,2022-01-05 21:26:58,
183,observational_left,1,7,31,Non-Hispanic,I looked at the history to see if handing out flyers led to more tickets being purchased than not. I also looked at how many tickets were successfully purchased after the flyers were simply available for pickup. ,Female,Asian,366952,2022-01-05 21:26:58,
183,observational_left,1,9,31,Non-Hispanic,I looked at the history to see if handing out flyers led to more tickets being purchased than not. I also looked at how many tickets were successfully purchased after the flyers were simply available for pickup. ,Female,Asian,366952,2022-01-05 21:26:58,
183,observational_left,1,21,31,Non-Hispanic,I looked at the history to see if handing out flyers led to more tickets being purchased than not. I also looked at how many tickets were successfully purchased after the flyers were simply available for pickup. ,Female,Asian,366952,2022-01-05 21:26:58,
183,observational_left,1,20,31,Non-Hispanic,I looked at the history to see if handing out flyers led to more tickets being purchased than not. I also looked at how many tickets were successfully purchased after the flyers were simply available for pickup. ,Female,Asian,366952,2022-01-05 21:26:58,
183,observational_left,0,3,31,Non-Hispanic,I looked at the history to see if handing out flyers led to more tickets being purchased than not. I also looked at how many tickets were successfully purchased after the flyers were simply available for pickup. ,Female,Asian,366952,2022-01-05 21:26:58,
183,observational_left,1,5,31,Non-Hispanic,I looked at the history to see if handing out flyers led to more tickets being purchased than not. I also looked at how many tickets were successfully purchased after the flyers were simply available for pickup. ,Female,Asian,366952,2022-01-05 21:26:58,
183,observational_left,0,4,31,Non-Hispanic,I looked at the history to see if handing out flyers led to more tickets being purchased than not. I also looked at how many tickets were successfully purchased after the flyers were simply available for pickup. ,Female,Asian,366952,2022-01-05 21:26:58,
183,observational_left,1,16,31,Non-Hispanic,I looked at the history to see if handing out flyers led to more tickets being purchased than not. I also looked at how many tickets were successfully purchased after the flyers were simply available for pickup. ,Female,Asian,366952,2022-01-05 21:26:58,
183,observational_left,1,6,31,Non-Hispanic,I looked at the history to see if handing out flyers led to more tickets being purchased than not. I also looked at how many tickets were successfully purchased after the flyers were simply available for pickup. ,Female,Asian,366952,2022-01-05 21:26:58,
183,observational_left,1,10,31,Non-Hispanic,I looked at the history to see if handing out flyers led to more tickets being purchased than not. I also looked at how many tickets were successfully purchased after the flyers were simply available for pickup. ,Female,Asian,366952,2022-01-05 21:26:58,
183,observational_left,1,13,31,Non-Hispanic,I looked at the history to see if handing out flyers led to more tickets being purchased than not. I also looked at how many tickets were successfully purchased after the flyers were simply available for pickup. ,Female,Asian,366952,2022-01-05 21:26:58,
183,observational_left,1,18,31,Non-Hispanic,I looked at the history to see if handing out flyers led to more tickets being purchased than not. I also looked at how many tickets were successfully purchased after the flyers were simply available for pickup. ,Female,Asian,366952,2022-01-05 21:26:58,
183,observational_left,1,22,31,Non-Hispanic,I looked at the history to see if handing out flyers led to more tickets being purchased than not. I also looked at how many tickets were successfully purchased after the flyers were simply available for pickup. ,Female,Asian,366952,2022-01-05 21:26:58,
183,observational_left,1,17,31,Non-Hispanic,I looked at the history to see if handing out flyers led to more tickets being purchased than not. I also looked at how many tickets were successfully purchased after the flyers were simply available for pickup. ,Female,Asian,366952,2022-01-05 21:26:58,
183,observational_left,1,15,31,Non-Hispanic,I looked at the history to see if handing out flyers led to more tickets being purchased than not. I also looked at how many tickets were successfully purchased after the flyers were simply available for pickup. ,Female,Asian,366952,2022-01-05 21:26:58,
183,observational_left,0,8,31,Non-Hispanic,I looked at the history to see if handing out flyers led to more tickets being purchased than not. I also looked at how many tickets were successfully purchased after the flyers were simply available for pickup. ,Female,Asian,366952,2022-01-05 21:26:58,
166,observational_left,0,1,24,Non-Hispanic,Whether the handout column was over 50/50 for returns. It was kind of unclear how the obtainable flyers were relevant to this?,Female,Asian,361216,2022-01-05 21:25:04,
166,observational_left,1,2,24,Non-Hispanic,Whether the handout column was over 50/50 for returns. It was kind of unclear how the obtainable flyers were relevant to this?,Female,Asian,361216,2022-01-05 21:25:04,
166,observational_left,1,5,24,Non-Hispanic,Whether the handout column was over 50/50 for returns. It was kind of unclear how the obtainable flyers were relevant to this?,Female,Asian,361216,2022-01-05 21:25:04,
166,observational_left,0,7,24,Non-Hispanic,Whether the handout column was over 50/50 for returns. It was kind of unclear how the obtainable flyers were relevant to this?,Female,Asian,361216,2022-01-05 21:25:04,
166,observational_left,0,8,24,Non-Hispanic,Whether the handout column was over 50/50 for returns. It was kind of unclear how the obtainable flyers were relevant to this?,Female,Asian,361216,2022-01-05 21:25:04,
166,observational_left,0,4,24,Non-Hispanic,Whether the handout column was over 50/50 for returns. It was kind of unclear how the obtainable flyers were relevant to this?,Female,Asian,361216,2022-01-05 21:25:04,
166,observational_left,0,16,24,Non-Hispanic,Whether the handout column was over 50/50 for returns. It was kind of unclear how the obtainable flyers were relevant to this?,Female,Asian,361216,2022-01-05 21:25:04,
166,observational_left,1,20,24,Non-Hispanic,Whether the handout column was over 50/50 for returns. It was kind of unclear how the obtainable flyers were relevant to this?,Female,Asian,361216,2022-01-05 21:25:04,
166,observational_left,1,17,24,Non-Hispanic,Whether the handout column was over 50/50 for returns. It was kind of unclear how the obtainable flyers were relevant to this?,Female,Asian,361216,2022-01-05 21:25:04,
166,observational_left,0,10,24,Non-Hispanic,Whether the handout column was over 50/50 for returns. It was kind of unclear how the obtainable flyers were relevant to this?,Female,Asian,361216,2022-01-05 21:25:04,
166,observational_left,0,13,24,Non-Hispanic,Whether the handout column was over 50/50 for returns. It was kind of unclear how the obtainable flyers were relevant to this?,Female,Asian,361216,2022-01-05 21:25:04,
166,observational_left,1,15,24,Non-Hispanic,Whether the handout column was over 50/50 for returns. It was kind of unclear how the obtainable flyers were relevant to this?,Female,Asian,361216,2022-01-05 21:25:04,
166,observational_left,0,9,24,Non-Hispanic,Whether the handout column was over 50/50 for returns. It was kind of unclear how the obtainable flyers were relevant to this?,Female,Asian,361216,2022-01-05 21:25:04,
166,observational_left,0,14,24,Non-Hispanic,Whether the handout column was over 50/50 for returns. It was kind of unclear how the obtainable flyers were relevant to this?,Female,Asian,361216,2022-01-05 21:25:04,
166,observational_left,1,22,24,Non-Hispanic,Whether the handout column was over 50/50 for returns. It was kind of unclear how the obtainable flyers were relevant to this?,Female,Asian,361216,2022-01-05 21:25:04,
166,observational_left,1,11,24,Non-Hispanic,Whether the handout column was over 50/50 for returns. It was kind of unclear how the obtainable flyers were relevant to this?,Female,Asian,361216,2022-01-05 21:25:04,
166,observational_left,1,21,24,Non-Hispanic,Whether the handout column was over 50/50 for returns. It was kind of unclear how the obtainable flyers were relevant to this?,Female,Asian,361216,2022-01-05 21:25:04,
166,observational_left,1,12,24,Non-Hispanic,Whether the handout column was over 50/50 for returns. It was kind of unclear how the obtainable flyers were relevant to this?,Female,Asian,361216,2022-01-05 21:25:04,
166,observational_left,1,19,24,Non-Hispanic,Whether the handout column was over 50/50 for returns. It was kind of unclear how the obtainable flyers were relevant to this?,Female,Asian,361216,2022-01-05 21:25:04,
166,observational_left,0,3,24,Non-Hispanic,Whether the handout column was over 50/50 for returns. It was kind of unclear how the obtainable flyers were relevant to this?,Female,Asian,361216,2022-01-05 21:25:04,
166,observational_left,0,6,24,Non-Hispanic,Whether the handout column was over 50/50 for returns. It was kind of unclear how the obtainable flyers were relevant to this?,Female,Asian,361216,2022-01-05 21:25:04,
166,observational_left,0,18,24,Non-Hispanic,Whether the handout column was over 50/50 for returns. It was kind of unclear how the obtainable flyers were relevant to this?,Female,Asian,361216,2022-01-05 21:25:04,
148,observational_left,0,1,65,Non-Hispanic,,Male,White,876788,2022-01-05 21:27:52,
148,observational_left,0,2,65,Non-Hispanic,,Male,White,876788,2022-01-05 21:27:52,
148,observational_left,1,9,65,Non-Hispanic,,Male,White,876788,2022-01-05 21:27:52,
148,observational_left,0,6,65,Non-Hispanic,,Male,White,876788,2022-01-05 21:27:52,
148,observational_left,0,19,65,Non-Hispanic,,Male,White,876788,2022-01-05 21:27:52,
148,observational_left,0,11,65,Non-Hispanic,,Male,White,876788,2022-01-05 21:27:52,
148,observational_left,0,3,65,Non-Hispanic,,Male,White,876788,2022-01-05 21:27:52,
148,observational_left,0,14,65,Non-Hispanic,,Male,White,876788,2022-01-05 21:27:52,
148,observational_left,0,5,65,Non-Hispanic,,Male,White,876788,2022-01-05 21:27:52,
148,observational_left,0,16,65,Non-Hispanic,,Male,White,876788,2022-01-05 21:27:52,
148,observational_left,0,17,65,Non-Hispanic,,Male,White,876788,2022-01-05 21:27:52,
148,observational_left,1,8,65,Non-Hispanic,,Male,White,876788,2022-01-05 21:27:52,
148,observational_left,0,10,65,Non-Hispanic,,Male,White,876788,2022-01-05 21:27:52,
148,observational_left,0,12,65,Non-Hispanic,,Male,White,876788,2022-01-05 21:27:52,
148,observational_left,0,20,65,Non-Hispanic,,Male,White,876788,2022-01-05 21:27:52,
148,observational_left,0,13,65,Non-Hispanic,,Male,White,876788,2022-01-05 21:27:52,
148,observational_left,0,22,65,Non-Hispanic,,Male,White,876788,2022-01-05 21:27:52,
148,observational_left,1,21,65,Non-Hispanic,,Male,White,876788,2022-01-05 21:27:52,
148,observational_left,0,4,65,Non-Hispanic,,Male,White,876788,2022-01-05 21:27:52,
148,observational_left,0,15,65,Non-Hispanic,,Male,White,876788,2022-01-05 21:27:52,
148,observational_left,0,18,65,Non-Hispanic,,Male,White,876788,2022-01-05 21:27:52,
148,observational_left,0,7,65,Non-Hispanic,,Male,White,876788,2022-01-05 21:27:52,
160,observational_left,1,1,23,Non-Hispanic,If handing out a flyer made significant difference or if people would go or not go anyway,Female,White,710352,2022-01-05 21:28:44,
160,observational_left,0,2,23,Non-Hispanic,If handing out a flyer made significant difference or if people would go or not go anyway,Female,White,710352,2022-01-05 21:28:44,
160,observational_left,0,14,23,Non-Hispanic,If handing out a flyer made significant difference or if people would go or not go anyway,Female,White,710352,2022-01-05 21:28:44,
160,observational_left,1,13,23,Non-Hispanic,If handing out a flyer made significant difference or if people would go or not go anyway,Female,White,710352,2022-01-05 21:28:44,
160,observational_left,1,20,23,Non-Hispanic,If handing out a flyer made significant difference or if people would go or not go anyway,Female,White,710352,2022-01-05 21:28:44,
160,observational_left,0,8,23,Non-Hispanic,If handing out a flyer made significant difference or if people would go or not go anyway,Female,White,710352,2022-01-05 21:28:44,
160,observational_left,0,4,23,Non-Hispanic,If handing out a flyer made significant difference or if people would go or not go anyway,Female,White,710352,2022-01-05 21:28:44,
160,observational_left,0,17,23,Non-Hispanic,If handing out a flyer made significant difference or if people would go or not go anyway,Female,White,710352,2022-01-05 21:28:44,
160,observational_left,0,10,23,Non-Hispanic,If handing out a flyer made significant difference or if people would go or not go anyway,Female,White,710352,2022-01-05 21:28:44,
160,observational_left,1,22,23,Non-Hispanic,If handing out a flyer made significant difference or if people would go or not go anyway,Female,White,710352,2022-01-05 21:28:44,
160,observational_left,1,6,23,Non-Hispanic,If handing out a flyer made significant difference or if people would go or not go anyway,Female,White,710352,2022-01-05 21:28:44,
160,observational_left,0,19,23,Non-Hispanic,If handing out a flyer made significant difference or if people would go or not go anyway,Female,White,710352,2022-01-05 21:28:44,
160,observational_left,1,18,23,Non-Hispanic,If handing out a flyer made significant difference or if people would go or not go anyway,Female,White,710352,2022-01-05 21:28:44,
160,observational_left,1,3,23,Non-Hispanic,If handing out a flyer made significant difference or if people would go or not go anyway,Female,White,710352,2022-01-05 21:28:44,
160,observational_left,1,21,23,Non-Hispanic,If handing out a flyer made significant difference or if people would go or not go anyway,Female,White,710352,2022-01-05 21:28:44,
160,observational_left,1,15,23,Non-Hispanic,If handing out a flyer made significant difference or if people would go or not go anyway,Female,White,710352,2022-01-05 21:28:44,
160,observational_left,0,11,23,Non-Hispanic,If handing out a flyer made significant difference or if people would go or not go anyway,Female,White,710352,2022-01-05 21:28:44,
160,observational_left,0,5,23,Non-Hispanic,If handing out a flyer made significant difference or if people would go or not go anyway,Female,White,710352,2022-01-05 21:28:44,
160,observational_left,0,16,23,Non-Hispanic,If handing out a flyer made significant difference or if people would go or not go anyway,Female,White,710352,2022-01-05 21:28:44,
160,observational_left,0,7,23,Non-Hispanic,If handing out a flyer made significant difference or if people would go or not go anyway,Female,White,710352,2022-01-05 21:28:44,
160,observational_left,0,12,23,Non-Hispanic,If handing out a flyer made significant difference or if people would go or not go anyway,Female,White,710352,2022-01-05 21:28:44,
160,observational_left,1,9,23,Non-Hispanic,If handing out a flyer made significant difference or if people would go or not go anyway,Female,White,710352,2022-01-05 21:28:44,
129,observational_left,1,1,27,Hispanic,The number of people that was going to watch the movie no matter if they hang a flyer,Male,White,928485,2022-01-05 21:22:49,
129,observational_left,0,2,27,Hispanic,The number of people that was going to watch the movie no matter if they hang a flyer,Male,White,928485,2022-01-05 21:22:49,
129,observational_left,0,4,27,Hispanic,The number of people that was going to watch the movie no matter if they hang a flyer,Male,White,928485,2022-01-05 21:22:49,
129,observational_left,1,15,27,Hispanic,The number of people that was going to watch the movie no matter if they hang a flyer,Male,White,928485,2022-01-05 21:22:49,
129,observational_left,1,12,27,Hispanic,The number of people that was going to watch the movie no matter if they hang a flyer,Male,White,928485,2022-01-05 21:22:49,
129,observational_left,1,13,27,Hispanic,The number of people that was going to watch the movie no matter if they hang a flyer,Male,White,928485,2022-01-05 21:22:49,
129,observational_left,1,7,27,Hispanic,The number of people that was going to watch the movie no matter if they hang a flyer,Male,White,928485,2022-01-05 21:22:49,
129,observational_left,1,11,27,Hispanic,The number of people that was going to watch the movie no matter if they hang a flyer,Male,White,928485,2022-01-05 21:22:49,
129,observational_left,1,3,27,Hispanic,The number of people that was going to watch the movie no matter if they hang a flyer,Male,White,928485,2022-01-05 21:22:49,
129,observational_left,0,14,27,Hispanic,The number of people that was going to watch the movie no matter if they hang a flyer,Male,White,928485,2022-01-05 21:22:49,
129,observational_left,0,16,27,Hispanic,The number of people that was going to watch the movie no matter if they hang a flyer,Male,White,928485,2022-01-05 21:22:49,
129,observational_left,1,19,27,Hispanic,The number of people that was going to watch the movie no matter if they hang a flyer,Male,White,928485,2022-01-05 21:22:49,
129,observational_left,1,18,27,Hispanic,The number of people that was going to watch the movie no matter if they hang a flyer,Male,White,928485,2022-01-05 21:22:49,
129,observational_left,1,20,27,Hispanic,The number of people that was going to watch the movie no matter if they hang a flyer,Male,White,928485,2022-01-05 21:22:49,
129,observational_left,1,17,27,Hispanic,The number of people that was going to watch the movie no matter if they hang a flyer,Male,White,928485,2022-01-05 21:22:49,
129,observational_left,0,8,27,Hispanic,The number of people that was going to watch the movie no matter if they hang a flyer,Male,White,928485,2022-01-05 21:22:49,
129,observational_left,1,9,27,Hispanic,The number of people that was going to watch the movie no matter if they hang a flyer,Male,White,928485,2022-01-05 21:22:49,
129,observational_left,1,22,27,Hispanic,The number of people that was going to watch the movie no matter if they hang a flyer,Male,White,928485,2022-01-05 21:22:49,
129,observational_left,0,10,27,Hispanic,The number of people that was going to watch the movie no matter if they hang a flyer,Male,White,928485,2022-01-05 21:22:49,
129,observational_left,1,21,27,Hispanic,The number of people that was going to watch the movie no matter if they hang a flyer,Male,White,928485,2022-01-05 21:22:49,
129,observational_left,1,5,27,Hispanic,The number of people that was going to watch the movie no matter if they hang a flyer,Male,White,928485,2022-01-05 21:22:49,
129,observational_left,1,6,27,Hispanic,The number of people that was going to watch the movie no matter if they hang a flyer,Male,White,928485,2022-01-05 21:22:49,
147,observational_left,1,1,24,Non-Hispanic,"If the trend generally favored receiving a flier, regardless of method then I would be more inclined to give a flier, unless the stats for handing out disfavored handing a flier. ",Male,,839999,2022-01-05 21:27:09,
147,observational_left,0,2,24,Non-Hispanic,"If the trend generally favored receiving a flier, regardless of method then I would be more inclined to give a flier, unless the stats for handing out disfavored handing a flier. ",Male,,839999,2022-01-05 21:27:09,
147,observational_left,1,7,24,Non-Hispanic,"If the trend generally favored receiving a flier, regardless of method then I would be more inclined to give a flier, unless the stats for handing out disfavored handing a flier. ",Male,,839999,2022-01-05 21:27:09,
147,observational_left,1,5,24,Non-Hispanic,"If the trend generally favored receiving a flier, regardless of method then I would be more inclined to give a flier, unless the stats for handing out disfavored handing a flier. ",Male,,839999,2022-01-05 21:27:09,
147,observational_left,1,15,24,Non-Hispanic,"If the trend generally favored receiving a flier, regardless of method then I would be more inclined to give a flier, unless the stats for handing out disfavored handing a flier. ",Male,,839999,2022-01-05 21:27:09,
147,observational_left,1,14,24,Non-Hispanic,"If the trend generally favored receiving a flier, regardless of method then I would be more inclined to give a flier, unless the stats for handing out disfavored handing a flier. ",Male,,839999,2022-01-05 21:27:09,
147,observational_left,1,21,24,Non-Hispanic,"If the trend generally favored receiving a flier, regardless of method then I would be more inclined to give a flier, unless the stats for handing out disfavored handing a flier. ",Male,,839999,2022-01-05 21:27:09,
147,observational_left,1,18,24,Non-Hispanic,"If the trend generally favored receiving a flier, regardless of method then I would be more inclined to give a flier, unless the stats for handing out disfavored handing a flier. ",Male,,839999,2022-01-05 21:27:09,
147,observational_left,1,9,24,Non-Hispanic,"If the trend generally favored receiving a flier, regardless of method then I would be more inclined to give a flier, unless the stats for handing out disfavored handing a flier. ",Male,,839999,2022-01-05 21:27:09,
147,observational_left,1,20,24,Non-Hispanic,"If the trend generally favored receiving a flier, regardless of method then I would be more inclined to give a flier, unless the stats for handing out disfavored handing a flier. ",Male,,839999,2022-01-05 21:27:09,
147,observational_left,1,13,24,Non-Hispanic,"If the trend generally favored receiving a flier, regardless of method then I would be more inclined to give a flier, unless the stats for handing out disfavored handing a flier. ",Male,,839999,2022-01-05 21:27:09,
147,observational_left,1,22,24,Non-Hispanic,"If the trend generally favored receiving a flier, regardless of method then I would be more inclined to give a flier, unless the stats for handing out disfavored handing a flier. ",Male,,839999,2022-01-05 21:27:09,
147,observational_left,1,17,24,Non-Hispanic,"If the trend generally favored receiving a flier, regardless of method then I would be more inclined to give a flier, unless the stats for handing out disfavored handing a flier. ",Male,,839999,2022-01-05 21:27:09,
147,observational_left,1,11,24,Non-Hispanic,"If the trend generally favored receiving a flier, regardless of method then I would be more inclined to give a flier, unless the stats for handing out disfavored handing a flier. ",Male,,839999,2022-01-05 21:27:09,
147,observational_left,1,12,24,Non-Hispanic,"If the trend generally favored receiving a flier, regardless of method then I would be more inclined to give a flier, unless the stats for handing out disfavored handing a flier. ",Male,,839999,2022-01-05 21:27:09,
147,observational_left,1,16,24,Non-Hispanic,"If the trend generally favored receiving a flier, regardless of method then I would be more inclined to give a flier, unless the stats for handing out disfavored handing a flier. ",Male,,839999,2022-01-05 21:27:09,
147,observational_left,1,3,24,Non-Hispanic,"If the trend generally favored receiving a flier, regardless of method then I would be more inclined to give a flier, unless the stats for handing out disfavored handing a flier. ",Male,,839999,2022-01-05 21:27:09,
147,observational_left,1,19,24,Non-Hispanic,"If the trend generally favored receiving a flier, regardless of method then I would be more inclined to give a flier, unless the stats for handing out disfavored handing a flier. ",Male,,839999,2022-01-05 21:27:09,
147,observational_left,1,8,24,Non-Hispanic,"If the trend generally favored receiving a flier, regardless of method then I would be more inclined to give a flier, unless the stats for handing out disfavored handing a flier. ",Male,,839999,2022-01-05 21:27:09,
147,observational_left,1,10,24,Non-Hispanic,"If the trend generally favored receiving a flier, regardless of method then I would be more inclined to give a flier, unless the stats for handing out disfavored handing a flier. ",Male,,839999,2022-01-05 21:27:09,
147,observational_left,1,4,24,Non-Hispanic,"If the trend generally favored receiving a flier, regardless of method then I would be more inclined to give a flier, unless the stats for handing out disfavored handing a flier. ",Male,,839999,2022-01-05 21:27:09,
147,observational_left,1,6,24,Non-Hispanic,"If the trend generally favored receiving a flier, regardless of method then I would be more inclined to give a flier, unless the stats for handing out disfavored handing a flier. ",Male,,839999,2022-01-05 21:27:09,
118,observational_left,0,1,20,Non-Hispanic,The more tickets on the one of the sides sold +/- 1,Male,White,662250,2022-01-05 21:15:52,
118,observational_left,1,2,20,Non-Hispanic,The more tickets on the one of the sides sold +/- 1,Male,White,662250,2022-01-05 21:15:52,
118,observational_left,1,14,20,Non-Hispanic,The more tickets on the one of the sides sold +/- 1,Male,White,662250,2022-01-05 21:15:52,
118,observational_left,0,12,20,Non-Hispanic,The more tickets on the one of the sides sold +/- 1,Male,White,662250,2022-01-05 21:15:52,
118,observational_left,1,5,20,Non-Hispanic,The more tickets on the one of the sides sold +/- 1,Male,White,662250,2022-01-05 21:15:52,
118,observational_left,1,21,20,Non-Hispanic,The more tickets on the one of the sides sold +/- 1,Male,White,662250,2022-01-05 21:15:52,
118,observational_left,0,3,20,Non-Hispanic,The more tickets on the one of the sides sold +/- 1,Male,White,662250,2022-01-05 21:15:52,
118,observational_left,0,8,20,Non-Hispanic,The more tickets on the one of the sides sold +/- 1,Male,White,662250,2022-01-05 21:15:52,
118,observational_left,1,11,20,Non-Hispanic,The more tickets on the one of the sides sold +/- 1,Male,White,662250,2022-01-05 21:15:52,
118,observational_left,1,13,20,Non-Hispanic,The more tickets on the one of the sides sold +/- 1,Male,White,662250,2022-01-05 21:15:52,
118,observational_left,0,16,20,Non-Hispanic,The more tickets on the one of the sides sold +/- 1,Male,White,662250,2022-01-05 21:15:52,
118,observational_left,0,18,20,Non-Hispanic,The more tickets on the one of the sides sold +/- 1,Male,White,662250,2022-01-05 21:15:52,
118,observational_left,0,20,20,Non-Hispanic,The more tickets on the one of the sides sold +/- 1,Male,White,662250,2022-01-05 21:15:52,
118,observational_left,1,17,20,Non-Hispanic,The more tickets on the one of the sides sold +/- 1,Male,White,662250,2022-01-05 21:15:52,
118,observational_left,0,4,20,Non-Hispanic,The more tickets on the one of the sides sold +/- 1,Male,White,662250,2022-01-05 21:15:52,
118,observational_left,1,9,20,Non-Hispanic,The more tickets on the one of the sides sold +/- 1,Male,White,662250,2022-01-05 21:15:52,
118,observational_left,1,6,20,Non-Hispanic,The more tickets on the one of the sides sold +/- 1,Male,White,662250,2022-01-05 21:15:52,
118,observational_left,1,19,20,Non-Hispanic,The more tickets on the one of the sides sold +/- 1,Male,White,662250,2022-01-05 21:15:52,
118,observational_left,1,7,20,Non-Hispanic,The more tickets on the one of the sides sold +/- 1,Male,White,662250,2022-01-05 21:15:52,
118,observational_left,0,10,20,Non-Hispanic,The more tickets on the one of the sides sold +/- 1,Male,White,662250,2022-01-05 21:15:52,
118,observational_left,1,15,20,Non-Hispanic,The more tickets on the one of the sides sold +/- 1,Male,White,662250,2022-01-05 21:15:52,
118,observational_left,0,22,20,Non-Hispanic,The more tickets on the one of the sides sold +/- 1,Male,White,662250,2022-01-05 21:15:52,
154,observational_left,1,1,42,Non-Hispanic,I looked at returning people who obtained a flier mostly. This helped me determine how success the flier itself was in trying to convince someone to return.,Female,White,767213,2022-01-05 21:29:02,
154,observational_left,0,2,42,Non-Hispanic,I looked at returning people who obtained a flier mostly. This helped me determine how success the flier itself was in trying to convince someone to return.,Female,White,767213,2022-01-05 21:29:02,
154,observational_left,1,5,42,Non-Hispanic,I looked at returning people who obtained a flier mostly. This helped me determine how success the flier itself was in trying to convince someone to return.,Female,White,767213,2022-01-05 21:29:02,
154,observational_left,0,4,42,Non-Hispanic,I looked at returning people who obtained a flier mostly. This helped me determine how success the flier itself was in trying to convince someone to return.,Female,White,767213,2022-01-05 21:29:02,
154,observational_left,0,20,42,Non-Hispanic,I looked at returning people who obtained a flier mostly. This helped me determine how success the flier itself was in trying to convince someone to return.,Female,White,767213,2022-01-05 21:29:02,
154,observational_left,0,21,42,Non-Hispanic,I looked at returning people who obtained a flier mostly. This helped me determine how success the flier itself was in trying to convince someone to return.,Female,White,767213,2022-01-05 21:29:02,
154,observational_left,0,12,42,Non-Hispanic,I looked at returning people who obtained a flier mostly. This helped me determine how success the flier itself was in trying to convince someone to return.,Female,White,767213,2022-01-05 21:29:02,
154,observational_left,1,3,42,Non-Hispanic,I looked at returning people who obtained a flier mostly. This helped me determine how success the flier itself was in trying to convince someone to return.,Female,White,767213,2022-01-05 21:29:02,
154,observational_left,0,18,42,Non-Hispanic,I looked at returning people who obtained a flier mostly. This helped me determine how success the flier itself was in trying to convince someone to return.,Female,White,767213,2022-01-05 21:29:02,
154,observational_left,0,6,42,Non-Hispanic,I looked at returning people who obtained a flier mostly. This helped me determine how success the flier itself was in trying to convince someone to return.,Female,White,767213,2022-01-05 21:29:02,
154,observational_left,1,13,42,Non-Hispanic,I looked at returning people who obtained a flier mostly. This helped me determine how success the flier itself was in trying to convince someone to return.,Female,White,767213,2022-01-05 21:29:02,
154,observational_left,1,16,42,Non-Hispanic,I looked at returning people who obtained a flier mostly. This helped me determine how success the flier itself was in trying to convince someone to return.,Female,White,767213,2022-01-05 21:29:02,
154,observational_left,1,8,42,Non-Hispanic,I looked at returning people who obtained a flier mostly. This helped me determine how success the flier itself was in trying to convince someone to return.,Female,White,767213,2022-01-05 21:29:02,
154,observational_left,1,14,42,Non-Hispanic,I looked at returning people who obtained a flier mostly. This helped me determine how success the flier itself was in trying to convince someone to return.,Female,White,767213,2022-01-05 21:29:02,
154,observational_left,0,11,42,Non-Hispanic,I looked at returning people who obtained a flier mostly. This helped me determine how success the flier itself was in trying to convince someone to return.,Female,White,767213,2022-01-05 21:29:02,
154,observational_left,0,9,42,Non-Hispanic,I looked at returning people who obtained a flier mostly. This helped me determine how success the flier itself was in trying to convince someone to return.,Female,White,767213,2022-01-05 21:29:02,
154,observational_left,0,15,42,Non-Hispanic,I looked at returning people who obtained a flier mostly. This helped me determine how success the flier itself was in trying to convince someone to return.,Female,White,767213,2022-01-05 21:29:02,
154,observational_left,1,10,42,Non-Hispanic,I looked at returning people who obtained a flier mostly. This helped me determine how success the flier itself was in trying to convince someone to return.,Female,White,767213,2022-01-05 21:29:02,
154,observational_left,1,22,42,Non-Hispanic,I looked at returning people who obtained a flier mostly. This helped me determine how success the flier itself was in trying to convince someone to return.,Female,White,767213,2022-01-05 21:29:02,
154,observational_left,0,17,42,Non-Hispanic,I looked at returning people who obtained a flier mostly. This helped me determine how success the flier itself was in trying to convince someone to return.,Female,White,767213,2022-01-05 21:29:02,
154,observational_left,0,7,42,Non-Hispanic,I looked at returning people who obtained a flier mostly. This helped me determine how success the flier itself was in trying to convince someone to return.,Female,White,767213,2022-01-05 21:29:02,
154,observational_left,0,19,42,Non-Hispanic,I looked at returning people who obtained a flier mostly. This helped me determine how success the flier itself was in trying to convince someone to return.,Female,White,767213,2022-01-05 21:29:02,
139,observational_left,1,1,25,Non-Hispanic,Whether or not the groups had bought tickets after being given flyers. ,Female,White,1109104,2022-01-05 21:30:27,
139,observational_left,0,2,25,Non-Hispanic,Whether or not the groups had bought tickets after being given flyers. ,Female,White,1109104,2022-01-05 21:30:27,
139,observational_left,1,18,25,Non-Hispanic,Whether or not the groups had bought tickets after being given flyers. ,Female,White,1109104,2022-01-05 21:30:27,
139,observational_left,0,20,25,Non-Hispanic,Whether or not the groups had bought tickets after being given flyers. ,Female,White,1109104,2022-01-05 21:30:27,
139,observational_left,1,14,25,Non-Hispanic,Whether or not the groups had bought tickets after being given flyers. ,Female,White,1109104,2022-01-05 21:30:27,
139,observational_left,1,22,25,Non-Hispanic,Whether or not the groups had bought tickets after being given flyers. ,Female,White,1109104,2022-01-05 21:30:27,
139,observational_left,1,6,25,Non-Hispanic,Whether or not the groups had bought tickets after being given flyers. ,Female,White,1109104,2022-01-05 21:30:27,
139,observational_left,1,13,25,Non-Hispanic,Whether or not the groups had bought tickets after being given flyers. ,Female,White,1109104,2022-01-05 21:30:27,
139,observational_left,0,4,25,Non-Hispanic,Whether or not the groups had bought tickets after being given flyers. ,Female,White,1109104,2022-01-05 21:30:27,
139,observational_left,0,21,25,Non-Hispanic,Whether or not the groups had bought tickets after being given flyers. ,Female,White,1109104,2022-01-05 21:30:27,
139,observational_left,1,15,25,Non-Hispanic,Whether or not the groups had bought tickets after being given flyers. ,Female,White,1109104,2022-01-05 21:30:27,
139,observational_left,1,5,25,Non-Hispanic,Whether or not the groups had bought tickets after being given flyers. ,Female,White,1109104,2022-01-05 21:30:27,
139,observational_left,1,17,25,Non-Hispanic,Whether or not the groups had bought tickets after being given flyers. ,Female,White,1109104,2022-01-05 21:30:27,
139,observational_left,1,9,25,Non-Hispanic,Whether or not the groups had bought tickets after being given flyers. ,Female,White,1109104,2022-01-05 21:30:27,
139,observational_left,1,19,25,Non-Hispanic,Whether or not the groups had bought tickets after being given flyers. ,Female,White,1109104,2022-01-05 21:30:27,
139,observational_left,0,10,25,Non-Hispanic,Whether or not the groups had bought tickets after being given flyers. ,Female,White,1109104,2022-01-05 21:30:27,
139,observational_left,1,11,25,Non-Hispanic,Whether or not the groups had bought tickets after being given flyers. ,Female,White,1109104,2022-01-05 21:30:27,
139,observational_left,1,7,25,Non-Hispanic,Whether or not the groups had bought tickets after being given flyers. ,Female,White,1109104,2022-01-05 21:30:27,
139,observational_left,0,8,25,Non-Hispanic,Whether or not the groups had bought tickets after being given flyers. ,Female,White,1109104,2022-01-05 21:30:27,
139,observational_left,0,16,25,Non-Hispanic,Whether or not the groups had bought tickets after being given flyers. ,Female,White,1109104,2022-01-05 21:30:27,
139,observational_left,1,12,25,Non-Hispanic,Whether or not the groups had bought tickets after being given flyers. ,Female,White,1109104,2022-01-05 21:30:27,
139,observational_left,1,3,25,Non-Hispanic,Whether or not the groups had bought tickets after being given flyers. ,Female,White,1109104,2022-01-05 21:30:27,
98,observational_left,1,1,19,Non-Hispanic,the amount of people purchasing a ticket with the flyer,Female,White,972355,2022-01-05 21:13:17,
98,observational_left,1,2,19,Non-Hispanic,the amount of people purchasing a ticket with the flyer,Female,White,972355,2022-01-05 21:13:17,
98,observational_left,1,6,19,Non-Hispanic,the amount of people purchasing a ticket with the flyer,Female,White,972355,2022-01-05 21:13:17,
98,observational_left,1,7,19,Non-Hispanic,the amount of people purchasing a ticket with the flyer,Female,White,972355,2022-01-05 21:13:17,
98,observational_left,1,17,19,Non-Hispanic,the amount of people purchasing a ticket with the flyer,Female,White,972355,2022-01-05 21:13:17,
98,observational_left,1,22,19,Non-Hispanic,the amount of people purchasing a ticket with the flyer,Female,White,972355,2022-01-05 21:13:17,
98,observational_left,1,13,19,Non-Hispanic,the amount of people purchasing a ticket with the flyer,Female,White,972355,2022-01-05 21:13:17,
98,observational_left,1,19,19,Non-Hispanic,the amount of people purchasing a ticket with the flyer,Female,White,972355,2022-01-05 21:13:17,
98,observational_left,1,5,19,Non-Hispanic,the amount of people purchasing a ticket with the flyer,Female,White,972355,2022-01-05 21:13:17,
98,observational_left,1,16,19,Non-Hispanic,the amount of people purchasing a ticket with the flyer,Female,White,972355,2022-01-05 21:13:17,
98,observational_left,1,20,19,Non-Hispanic,the amount of people purchasing a ticket with the flyer,Female,White,972355,2022-01-05 21:13:17,
98,observational_left,1,12,19,Non-Hispanic,the amount of people purchasing a ticket with the flyer,Female,White,972355,2022-01-05 21:13:17,
98,observational_left,1,18,19,Non-Hispanic,the amount of people purchasing a ticket with the flyer,Female,White,972355,2022-01-05 21:13:17,
98,observational_left,0,14,19,Non-Hispanic,the amount of people purchasing a ticket with the flyer,Female,White,972355,2022-01-05 21:13:17,
98,observational_left,1,11,19,Non-Hispanic,the amount of people purchasing a ticket with the flyer,Female,White,972355,2022-01-05 21:13:17,
98,observational_left,0,8,19,Non-Hispanic,the amount of people purchasing a ticket with the flyer,Female,White,972355,2022-01-05 21:13:17,
98,observational_left,1,9,19,Non-Hispanic,the amount of people purchasing a ticket with the flyer,Female,White,972355,2022-01-05 21:13:17,
98,observational_left,1,3,19,Non-Hispanic,the amount of people purchasing a ticket with the flyer,Female,White,972355,2022-01-05 21:13:17,
98,observational_left,0,10,19,Non-Hispanic,the amount of people purchasing a ticket with the flyer,Female,White,972355,2022-01-05 21:13:17,
98,observational_left,0,4,19,Non-Hispanic,the amount of people purchasing a ticket with the flyer,Female,White,972355,2022-01-05 21:13:17,
98,observational_left,1,21,19,Non-Hispanic,the amount of people purchasing a ticket with the flyer,Female,White,972355,2022-01-05 21:13:17,
98,observational_left,1,15,19,Non-Hispanic,the amount of people purchasing a ticket with the flyer,Female,White,972355,2022-01-05 21:13:17,
94,observational_left,0,1,36,Non-Hispanic,,Male,White,905706,2022-01-05 21:11:24,
94,observational_left,0,2,36,Non-Hispanic,,Male,White,905706,2022-01-05 21:11:24,
94,observational_left,0,20,36,Non-Hispanic,,Male,White,905706,2022-01-05 21:11:24,
94,observational_left,1,7,36,Non-Hispanic,,Male,White,905706,2022-01-05 21:11:24,
94,observational_left,1,3,36,Non-Hispanic,,Male,White,905706,2022-01-05 21:11:24,
94,observational_left,1,17,36,Non-Hispanic,,Male,White,905706,2022-01-05 21:11:24,
94,observational_left,0,18,36,Non-Hispanic,,Male,White,905706,2022-01-05 21:11:24,
94,observational_left,0,4,36,Non-Hispanic,,Male,White,905706,2022-01-05 21:11:24,
94,observational_left,1,21,36,Non-Hispanic,,Male,White,905706,2022-01-05 21:11:24,
94,observational_left,0,14,36,Non-Hispanic,,Male,White,905706,2022-01-05 21:11:24,
94,observational_left,0,22,36,Non-Hispanic,,Male,White,905706,2022-01-05 21:11:24,
94,observational_left,0,6,36,Non-Hispanic,,Male,White,905706,2022-01-05 21:11:24,
94,observational_left,0,8,36,Non-Hispanic,,Male,White,905706,2022-01-05 21:11:24,
94,observational_left,0,10,36,Non-Hispanic,,Male,White,905706,2022-01-05 21:11:24,
94,observational_left,1,13,36,Non-Hispanic,,Male,White,905706,2022-01-05 21:11:24,
94,observational_left,1,19,36,Non-Hispanic,,Male,White,905706,2022-01-05 21:11:24,
94,observational_left,1,12,36,Non-Hispanic,,Male,White,905706,2022-01-05 21:11:24,
94,observational_left,0,16,36,Non-Hispanic,,Male,White,905706,2022-01-05 21:11:24,
94,observational_left,1,5,36,Non-Hispanic,,Male,White,905706,2022-01-05 21:11:24,
94,observational_left,1,11,36,Non-Hispanic,,Male,White,905706,2022-01-05 21:11:24,
94,observational_left,1,9,36,Non-Hispanic,,Male,White,905706,2022-01-05 21:11:24,
94,observational_left,1,15,36,Non-Hispanic,,Male,White,905706,2022-01-05 21:11:24,
126,observational_left,1,1,31,Hispanic,"The amount of returning customers with versus without a flyer being handed to them, as well as comparing the effect of a flyer being obtainable versus being handed-out.",Female,White,1695758,2022-01-05 21:34:28,
126,observational_left,0,2,31,Hispanic,"The amount of returning customers with versus without a flyer being handed to them, as well as comparing the effect of a flyer being obtainable versus being handed-out.",Female,White,1695758,2022-01-05 21:34:28,
126,observational_left,1,3,31,Hispanic,"The amount of returning customers with versus without a flyer being handed to them, as well as comparing the effect of a flyer being obtainable versus being handed-out.",Female,White,1695758,2022-01-05 21:34:28,
126,observational_left,0,15,31,Hispanic,"The amount of returning customers with versus without a flyer being handed to them, as well as comparing the effect of a flyer being obtainable versus being handed-out.",Female,White,1695758,2022-01-05 21:34:28,
126,observational_left,0,9,31,Hispanic,"The amount of returning customers with versus without a flyer being handed to them, as well as comparing the effect of a flyer being obtainable versus being handed-out.",Female,White,1695758,2022-01-05 21:34:28,
126,observational_left,1,22,31,Hispanic,"The amount of returning customers with versus without a flyer being handed to them, as well as comparing the effect of a flyer being obtainable versus being handed-out.",Female,White,1695758,2022-01-05 21:34:28,
126,observational_left,1,18,31,Hispanic,"The amount of returning customers with versus without a flyer being handed to them, as well as comparing the effect of a flyer being obtainable versus being handed-out.",Female,White,1695758,2022-01-05 21:34:28,
126,observational_left,1,19,31,Hispanic,"The amount of returning customers with versus without a flyer being handed to them, as well as comparing the effect of a flyer being obtainable versus being handed-out.",Female,White,1695758,2022-01-05 21:34:28,
126,observational_left,1,21,31,Hispanic,"The amount of returning customers with versus without a flyer being handed to them, as well as comparing the effect of a flyer being obtainable versus being handed-out.",Female,White,1695758,2022-01-05 21:34:28,
126,observational_left,1,14,31,Hispanic,"The amount of returning customers with versus without a flyer being handed to them, as well as comparing the effect of a flyer being obtainable versus being handed-out.",Female,White,1695758,2022-01-05 21:34:28,
126,observational_left,1,7,31,Hispanic,"The amount of returning customers with versus without a flyer being handed to them, as well as comparing the effect of a flyer being obtainable versus being handed-out.",Female,White,1695758,2022-01-05 21:34:28,
126,observational_left,0,8,31,Hispanic,"The amount of returning customers with versus without a flyer being handed to them, as well as comparing the effect of a flyer being obtainable versus being handed-out.",Female,White,1695758,2022-01-05 21:34:28,
126,observational_left,0,6,31,Hispanic,"The amount of returning customers with versus without a flyer being handed to them, as well as comparing the effect of a flyer being obtainable versus being handed-out.",Female,White,1695758,2022-01-05 21:34:28,
126,observational_left,1,11,31,Hispanic,"The amount of returning customers with versus without a flyer being handed to them, as well as comparing the effect of a flyer being obtainable versus being handed-out.",Female,White,1695758,2022-01-05 21:34:28,
126,observational_left,1,13,31,Hispanic,"The amount of returning customers with versus without a flyer being handed to them, as well as comparing the effect of a flyer being obtainable versus being handed-out.",Female,White,1695758,2022-01-05 21:34:28,
126,observational_left,0,4,31,Hispanic,"The amount of returning customers with versus without a flyer being handed to them, as well as comparing the effect of a flyer being obtainable versus being handed-out.",Female,White,1695758,2022-01-05 21:34:28,
126,observational_left,0,16,31,Hispanic,"The amount of returning customers with versus without a flyer being handed to them, as well as comparing the effect of a flyer being obtainable versus being handed-out.",Female,White,1695758,2022-01-05 21:34:28,
126,observational_left,0,10,31,Hispanic,"The amount of returning customers with versus without a flyer being handed to them, as well as comparing the effect of a flyer being obtainable versus being handed-out.",Female,White,1695758,2022-01-05 21:34:28,
126,observational_left,1,20,31,Hispanic,"The amount of returning customers with versus without a flyer being handed to them, as well as comparing the effect of a flyer being obtainable versus being handed-out.",Female,White,1695758,2022-01-05 21:34:28,
126,observational_left,1,5,31,Hispanic,"The amount of returning customers with versus without a flyer being handed to them, as well as comparing the effect of a flyer being obtainable versus being handed-out.",Female,White,1695758,2022-01-05 21:34:28,
126,observational_left,1,12,31,Hispanic,"The amount of returning customers with versus without a flyer being handed to them, as well as comparing the effect of a flyer being obtainable versus being handed-out.",Female,White,1695758,2022-01-05 21:34:28,
126,observational_left,1,17,31,Hispanic,"The amount of returning customers with versus without a flyer being handed to them, as well as comparing the effect of a flyer being obtainable versus being handed-out.",Female,White,1695758,2022-01-05 21:34:28,
173,observational_left,0,1,36,Non-Hispanic,I based decisions on what seemed like it would have the best outcome.,Male,White,1619928,2022-01-05 21:46:26,
173,observational_left,0,2,36,Non-Hispanic,I based decisions on what seemed like it would have the best outcome.,Male,White,1619928,2022-01-05 21:46:26,
173,observational_left,1,11,36,Non-Hispanic,I based decisions on what seemed like it would have the best outcome.,Male,White,1619928,2022-01-05 21:46:26,
173,observational_left,0,18,36,Non-Hispanic,I based decisions on what seemed like it would have the best outcome.,Male,White,1619928,2022-01-05 21:46:26,
173,observational_left,1,22,36,Non-Hispanic,I based decisions on what seemed like it would have the best outcome.,Male,White,1619928,2022-01-05 21:46:26,
173,observational_left,1,21,36,Non-Hispanic,I based decisions on what seemed like it would have the best outcome.,Male,White,1619928,2022-01-05 21:46:26,
173,observational_left,0,17,36,Non-Hispanic,I based decisions on what seemed like it would have the best outcome.,Male,White,1619928,2022-01-05 21:46:26,
173,observational_left,0,3,36,Non-Hispanic,I based decisions on what seemed like it would have the best outcome.,Male,White,1619928,2022-01-05 21:46:26,
173,observational_left,0,9,36,Non-Hispanic,I based decisions on what seemed like it would have the best outcome.,Male,White,1619928,2022-01-05 21:46:26,
173,observational_left,1,14,36,Non-Hispanic,I based decisions on what seemed like it would have the best outcome.,Male,White,1619928,2022-01-05 21:46:26,
173,observational_left,0,12,36,Non-Hispanic,I based decisions on what seemed like it would have the best outcome.,Male,White,1619928,2022-01-05 21:46:26,
173,observational_left,1,15,36,Non-Hispanic,I based decisions on what seemed like it would have the best outcome.,Male,White,1619928,2022-01-05 21:46:26,
173,observational_left,0,4,36,Non-Hispanic,I based decisions on what seemed like it would have the best outcome.,Male,White,1619928,2022-01-05 21:46:26,
173,observational_left,0,6,36,Non-Hispanic,I based decisions on what seemed like it would have the best outcome.,Male,White,1619928,2022-01-05 21:46:26,
173,observational_left,1,16,36,Non-Hispanic,I based decisions on what seemed like it would have the best outcome.,Male,White,1619928,2022-01-05 21:46:26,
173,observational_left,0,19,36,Non-Hispanic,I based decisions on what seemed like it would have the best outcome.,Male,White,1619928,2022-01-05 21:46:26,
173,observational_left,0,20,36,Non-Hispanic,I based decisions on what seemed like it would have the best outcome.,Male,White,1619928,2022-01-05 21:46:26,
173,observational_left,0,5,36,Non-Hispanic,I based decisions on what seemed like it would have the best outcome.,Male,White,1619928,2022-01-05 21:46:26,
173,observational_left,1,7,36,Non-Hispanic,I based decisions on what seemed like it would have the best outcome.,Male,White,1619928,2022-01-05 21:46:26,
173,observational_left,1,13,36,Non-Hispanic,I based decisions on what seemed like it would have the best outcome.,Male,White,1619928,2022-01-05 21:46:26,
173,observational_left,0,8,36,Non-Hispanic,I based decisions on what seemed like it would have the best outcome.,Male,White,1619928,2022-01-05 21:46:26,
173,observational_left,1,10,36,Non-Hispanic,I based decisions on what seemed like it would have the best outcome.,Male,White,1619928,2022-01-05 21:46:26,
151,observational_left,1,1,33,Non-Hispanic,I tried to make my decision on handing out the flyer by looking at whether the flyer was deterring people from coming back or helping with sales.  ,Female,White,1240897,2022-01-05 21:36:06,
151,observational_left,0,2,33,Non-Hispanic,I tried to make my decision on handing out the flyer by looking at whether the flyer was deterring people from coming back or helping with sales.  ,Female,White,1240897,2022-01-05 21:36:06,
151,observational_left,1,6,33,Non-Hispanic,I tried to make my decision on handing out the flyer by looking at whether the flyer was deterring people from coming back or helping with sales.  ,Female,White,1240897,2022-01-05 21:36:06,
151,observational_left,1,19,33,Non-Hispanic,I tried to make my decision on handing out the flyer by looking at whether the flyer was deterring people from coming back or helping with sales.  ,Female,White,1240897,2022-01-05 21:36:06,
151,observational_left,1,3,33,Non-Hispanic,I tried to make my decision on handing out the flyer by looking at whether the flyer was deterring people from coming back or helping with sales.  ,Female,White,1240897,2022-01-05 21:36:06,
151,observational_left,0,22,33,Non-Hispanic,I tried to make my decision on handing out the flyer by looking at whether the flyer was deterring people from coming back or helping with sales.  ,Female,White,1240897,2022-01-05 21:36:06,
151,observational_left,1,17,33,Non-Hispanic,I tried to make my decision on handing out the flyer by looking at whether the flyer was deterring people from coming back or helping with sales.  ,Female,White,1240897,2022-01-05 21:36:06,
151,observational_left,0,8,33,Non-Hispanic,I tried to make my decision on handing out the flyer by looking at whether the flyer was deterring people from coming back or helping with sales.  ,Female,White,1240897,2022-01-05 21:36:06,
151,observational_left,1,21,33,Non-Hispanic,I tried to make my decision on handing out the flyer by looking at whether the flyer was deterring people from coming back or helping with sales.  ,Female,White,1240897,2022-01-05 21:36:06,
151,observational_left,0,10,33,Non-Hispanic,I tried to make my decision on handing out the flyer by looking at whether the flyer was deterring people from coming back or helping with sales.  ,Female,White,1240897,2022-01-05 21:36:06,
151,observational_left,1,11,33,Non-Hispanic,I tried to make my decision on handing out the flyer by looking at whether the flyer was deterring people from coming back or helping with sales.  ,Female,White,1240897,2022-01-05 21:36:06,
151,observational_left,0,4,33,Non-Hispanic,I tried to make my decision on handing out the flyer by looking at whether the flyer was deterring people from coming back or helping with sales.  ,Female,White,1240897,2022-01-05 21:36:06,
151,observational_left,0,14,33,Non-Hispanic,I tried to make my decision on handing out the flyer by looking at whether the flyer was deterring people from coming back or helping with sales.  ,Female,White,1240897,2022-01-05 21:36:06,
151,observational_left,1,18,33,Non-Hispanic,I tried to make my decision on handing out the flyer by looking at whether the flyer was deterring people from coming back or helping with sales.  ,Female,White,1240897,2022-01-05 21:36:06,
151,observational_left,0,16,33,Non-Hispanic,I tried to make my decision on handing out the flyer by looking at whether the flyer was deterring people from coming back or helping with sales.  ,Female,White,1240897,2022-01-05 21:36:06,
151,observational_left,0,7,33,Non-Hispanic,I tried to make my decision on handing out the flyer by looking at whether the flyer was deterring people from coming back or helping with sales.  ,Female,White,1240897,2022-01-05 21:36:06,
151,observational_left,1,12,33,Non-Hispanic,I tried to make my decision on handing out the flyer by looking at whether the flyer was deterring people from coming back or helping with sales.  ,Female,White,1240897,2022-01-05 21:36:06,
151,observational_left,1,15,33,Non-Hispanic,I tried to make my decision on handing out the flyer by looking at whether the flyer was deterring people from coming back or helping with sales.  ,Female,White,1240897,2022-01-05 21:36:06,
151,observational_left,0,5,33,Non-Hispanic,I tried to make my decision on handing out the flyer by looking at whether the flyer was deterring people from coming back or helping with sales.  ,Female,White,1240897,2022-01-05 21:36:06,
151,observational_left,1,9,33,Non-Hispanic,I tried to make my decision on handing out the flyer by looking at whether the flyer was deterring people from coming back or helping with sales.  ,Female,White,1240897,2022-01-05 21:36:06,
151,observational_left,1,20,33,Non-Hispanic,I tried to make my decision on handing out the flyer by looking at whether the flyer was deterring people from coming back or helping with sales.  ,Female,White,1240897,2022-01-05 21:36:06,
151,observational_left,0,13,33,Non-Hispanic,I tried to make my decision on handing out the flyer by looking at whether the flyer was deterring people from coming back or helping with sales.  ,Female,White,1240897,2022-01-05 21:36:06,
135,observational_left,0,1,28,Non-Hispanic,"I looked at how many people went to see the movie with a flyer and without a flyer. If there were more people who went to see the movie with the flyer, I thought it would be better to hand them a flyer. ",Female,White,700067,2022-01-05 21:22:07,
135,observational_left,0,2,28,Non-Hispanic,"I looked at how many people went to see the movie with a flyer and without a flyer. If there were more people who went to see the movie with the flyer, I thought it would be better to hand them a flyer. ",Female,White,700067,2022-01-05 21:22:07,
135,observational_left,1,16,28,Non-Hispanic,"I looked at how many people went to see the movie with a flyer and without a flyer. If there were more people who went to see the movie with the flyer, I thought it would be better to hand them a flyer. ",Female,White,700067,2022-01-05 21:22:07,
135,observational_left,1,19,28,Non-Hispanic,"I looked at how many people went to see the movie with a flyer and without a flyer. If there were more people who went to see the movie with the flyer, I thought it would be better to hand them a flyer. ",Female,White,700067,2022-01-05 21:22:07,
135,observational_left,0,8,28,Non-Hispanic,"I looked at how many people went to see the movie with a flyer and without a flyer. If there were more people who went to see the movie with the flyer, I thought it would be better to hand them a flyer. ",Female,White,700067,2022-01-05 21:22:07,
135,observational_left,1,17,28,Non-Hispanic,"I looked at how many people went to see the movie with a flyer and without a flyer. If there were more people who went to see the movie with the flyer, I thought it would be better to hand them a flyer. ",Female,White,700067,2022-01-05 21:22:07,
135,observational_left,1,11,28,Non-Hispanic,"I looked at how many people went to see the movie with a flyer and without a flyer. If there were more people who went to see the movie with the flyer, I thought it would be better to hand them a flyer. ",Female,White,700067,2022-01-05 21:22:07,
135,observational_left,0,14,28,Non-Hispanic,"I looked at how many people went to see the movie with a flyer and without a flyer. If there were more people who went to see the movie with the flyer, I thought it would be better to hand them a flyer. ",Female,White,700067,2022-01-05 21:22:07,
135,observational_left,1,7,28,Non-Hispanic,"I looked at how many people went to see the movie with a flyer and without a flyer. If there were more people who went to see the movie with the flyer, I thought it would be better to hand them a flyer. ",Female,White,700067,2022-01-05 21:22:07,
135,observational_left,1,3,28,Non-Hispanic,"I looked at how many people went to see the movie with a flyer and without a flyer. If there were more people who went to see the movie with the flyer, I thought it would be better to hand them a flyer. ",Female,White,700067,2022-01-05 21:22:07,
135,observational_left,1,22,28,Non-Hispanic,"I looked at how many people went to see the movie with a flyer and without a flyer. If there were more people who went to see the movie with the flyer, I thought it would be better to hand them a flyer. ",Female,White,700067,2022-01-05 21:22:07,
135,observational_left,0,4,28,Non-Hispanic,"I looked at how many people went to see the movie with a flyer and without a flyer. If there were more people who went to see the movie with the flyer, I thought it would be better to hand them a flyer. ",Female,White,700067,2022-01-05 21:22:07,
135,observational_left,1,21,28,Non-Hispanic,"I looked at how many people went to see the movie with a flyer and without a flyer. If there were more people who went to see the movie with the flyer, I thought it would be better to hand them a flyer. ",Female,White,700067,2022-01-05 21:22:07,
135,observational_left,1,10,28,Non-Hispanic,"I looked at how many people went to see the movie with a flyer and without a flyer. If there were more people who went to see the movie with the flyer, I thought it would be better to hand them a flyer. ",Female,White,700067,2022-01-05 21:22:07,
135,observational_left,1,6,28,Non-Hispanic,"I looked at how many people went to see the movie with a flyer and without a flyer. If there were more people who went to see the movie with the flyer, I thought it would be better to hand them a flyer. ",Female,White,700067,2022-01-05 21:22:07,
135,observational_left,1,12,28,Non-Hispanic,"I looked at how many people went to see the movie with a flyer and without a flyer. If there were more people who went to see the movie with the flyer, I thought it would be better to hand them a flyer. ",Female,White,700067,2022-01-05 21:22:07,
135,observational_left,1,13,28,Non-Hispanic,"I looked at how many people went to see the movie with a flyer and without a flyer. If there were more people who went to see the movie with the flyer, I thought it would be better to hand them a flyer. ",Female,White,700067,2022-01-05 21:22:07,
135,observational_left,1,5,28,Non-Hispanic,"I looked at how many people went to see the movie with a flyer and without a flyer. If there were more people who went to see the movie with the flyer, I thought it would be better to hand them a flyer. ",Female,White,700067,2022-01-05 21:22:07,
135,observational_left,1,15,28,Non-Hispanic,"I looked at how many people went to see the movie with a flyer and without a flyer. If there were more people who went to see the movie with the flyer, I thought it would be better to hand them a flyer. ",Female,White,700067,2022-01-05 21:22:07,
135,observational_left,1,9,28,Non-Hispanic,"I looked at how many people went to see the movie with a flyer and without a flyer. If there were more people who went to see the movie with the flyer, I thought it would be better to hand them a flyer. ",Female,White,700067,2022-01-05 21:22:07,
135,observational_left,1,20,28,Non-Hispanic,"I looked at how many people went to see the movie with a flyer and without a flyer. If there were more people who went to see the movie with the flyer, I thought it would be better to hand them a flyer. ",Female,White,700067,2022-01-05 21:22:07,
135,observational_left,1,18,28,Non-Hispanic,"I looked at how many people went to see the movie with a flyer and without a flyer. If there were more people who went to see the movie with the flyer, I thought it would be better to hand them a flyer. ",Female,White,700067,2022-01-05 21:22:07,
114,observational_left,1,1,27,Non-Hispanic,"I looked the most at the favorable rates when the flyers were obtainable to consider if it was worth while enough to hand out a flyer, risking the discouragement.",Female,White,692224,2022-01-05 21:14:59,
114,observational_left,0,2,27,Non-Hispanic,"I looked the most at the favorable rates when the flyers were obtainable to consider if it was worth while enough to hand out a flyer, risking the discouragement.",Female,White,692224,2022-01-05 21:14:59,
114,observational_left,1,21,27,Non-Hispanic,"I looked the most at the favorable rates when the flyers were obtainable to consider if it was worth while enough to hand out a flyer, risking the discouragement.",Female,White,692224,2022-01-05 21:14:59,
114,observational_left,0,3,27,Non-Hispanic,"I looked the most at the favorable rates when the flyers were obtainable to consider if it was worth while enough to hand out a flyer, risking the discouragement.",Female,White,692224,2022-01-05 21:14:59,
114,observational_left,1,17,27,Non-Hispanic,"I looked the most at the favorable rates when the flyers were obtainable to consider if it was worth while enough to hand out a flyer, risking the discouragement.",Female,White,692224,2022-01-05 21:14:59,
114,observational_left,1,13,27,Non-Hispanic,"I looked the most at the favorable rates when the flyers were obtainable to consider if it was worth while enough to hand out a flyer, risking the discouragement.",Female,White,692224,2022-01-05 21:14:59,
114,observational_left,0,10,27,Non-Hispanic,"I looked the most at the favorable rates when the flyers were obtainable to consider if it was worth while enough to hand out a flyer, risking the discouragement.",Female,White,692224,2022-01-05 21:14:59,
114,observational_left,1,9,27,Non-Hispanic,"I looked the most at the favorable rates when the flyers were obtainable to consider if it was worth while enough to hand out a flyer, risking the discouragement.",Female,White,692224,2022-01-05 21:14:59,
114,observational_left,0,8,27,Non-Hispanic,"I looked the most at the favorable rates when the flyers were obtainable to consider if it was worth while enough to hand out a flyer, risking the discouragement.",Female,White,692224,2022-01-05 21:14:59,
114,observational_left,1,7,27,Non-Hispanic,"I looked the most at the favorable rates when the flyers were obtainable to consider if it was worth while enough to hand out a flyer, risking the discouragement.",Female,White,692224,2022-01-05 21:14:59,
114,observational_left,0,22,27,Non-Hispanic,"I looked the most at the favorable rates when the flyers were obtainable to consider if it was worth while enough to hand out a flyer, risking the discouragement.",Female,White,692224,2022-01-05 21:14:59,
114,observational_left,0,20,27,Non-Hispanic,"I looked the most at the favorable rates when the flyers were obtainable to consider if it was worth while enough to hand out a flyer, risking the discouragement.",Female,White,692224,2022-01-05 21:14:59,
114,observational_left,0,15,27,Non-Hispanic,"I looked the most at the favorable rates when the flyers were obtainable to consider if it was worth while enough to hand out a flyer, risking the discouragement.",Female,White,692224,2022-01-05 21:14:59,
114,observational_left,0,12,27,Non-Hispanic,"I looked the most at the favorable rates when the flyers were obtainable to consider if it was worth while enough to hand out a flyer, risking the discouragement.",Female,White,692224,2022-01-05 21:14:59,
114,observational_left,0,18,27,Non-Hispanic,"I looked the most at the favorable rates when the flyers were obtainable to consider if it was worth while enough to hand out a flyer, risking the discouragement.",Female,White,692224,2022-01-05 21:14:59,
114,observational_left,0,6,27,Non-Hispanic,"I looked the most at the favorable rates when the flyers were obtainable to consider if it was worth while enough to hand out a flyer, risking the discouragement.",Female,White,692224,2022-01-05 21:14:59,
114,observational_left,1,5,27,Non-Hispanic,"I looked the most at the favorable rates when the flyers were obtainable to consider if it was worth while enough to hand out a flyer, risking the discouragement.",Female,White,692224,2022-01-05 21:14:59,
114,observational_left,0,11,27,Non-Hispanic,"I looked the most at the favorable rates when the flyers were obtainable to consider if it was worth while enough to hand out a flyer, risking the discouragement.",Female,White,692224,2022-01-05 21:14:59,
114,observational_left,1,14,27,Non-Hispanic,"I looked the most at the favorable rates when the flyers were obtainable to consider if it was worth while enough to hand out a flyer, risking the discouragement.",Female,White,692224,2022-01-05 21:14:59,
114,observational_left,0,4,27,Non-Hispanic,"I looked the most at the favorable rates when the flyers were obtainable to consider if it was worth while enough to hand out a flyer, risking the discouragement.",Female,White,692224,2022-01-05 21:14:59,
114,observational_left,1,19,27,Non-Hispanic,"I looked the most at the favorable rates when the flyers were obtainable to consider if it was worth while enough to hand out a flyer, risking the discouragement.",Female,White,692224,2022-01-05 21:14:59,
114,observational_left,0,16,27,Non-Hispanic,"I looked the most at the favorable rates when the flyers were obtainable to consider if it was worth while enough to hand out a flyer, risking the discouragement.",Female,White,692224,2022-01-05 21:14:59,
124,observational_left,1,1,38,Non-Hispanic,How many came back if flyers were available.,Female,White,633251,2022-01-05 21:16:01,
124,observational_left,0,2,38,Non-Hispanic,How many came back if flyers were available.,Female,White,633251,2022-01-05 21:16:01,
124,observational_left,1,19,38,Non-Hispanic,How many came back if flyers were available.,Female,White,633251,2022-01-05 21:16:01,
124,observational_left,0,10,38,Non-Hispanic,How many came back if flyers were available.,Female,White,633251,2022-01-05 21:16:01,
124,observational_left,1,13,38,Non-Hispanic,How many came back if flyers were available.,Female,White,633251,2022-01-05 21:16:01,
124,observational_left,1,12,38,Non-Hispanic,How many came back if flyers were available.,Female,White,633251,2022-01-05 21:16:01,
124,observational_left,1,21,38,Non-Hispanic,How many came back if flyers were available.,Female,White,633251,2022-01-05 21:16:01,
124,observational_left,1,5,38,Non-Hispanic,How many came back if flyers were available.,Female,White,633251,2022-01-05 21:16:01,
124,observational_left,0,14,38,Non-Hispanic,How many came back if flyers were available.,Female,White,633251,2022-01-05 21:16:01,
124,observational_left,1,11,38,Non-Hispanic,How many came back if flyers were available.,Female,White,633251,2022-01-05 21:16:01,
124,observational_left,1,7,38,Non-Hispanic,How many came back if flyers were available.,Female,White,633251,2022-01-05 21:16:01,
124,observational_left,1,20,38,Non-Hispanic,How many came back if flyers were available.,Female,White,633251,2022-01-05 21:16:01,
124,observational_left,1,15,38,Non-Hispanic,How many came back if flyers were available.,Female,White,633251,2022-01-05 21:16:01,
124,observational_left,1,16,38,Non-Hispanic,How many came back if flyers were available.,Female,White,633251,2022-01-05 21:16:01,
124,observational_left,1,18,38,Non-Hispanic,How many came back if flyers were available.,Female,White,633251,2022-01-05 21:16:01,
124,observational_left,1,9,38,Non-Hispanic,How many came back if flyers were available.,Female,White,633251,2022-01-05 21:16:01,
124,observational_left,0,22,38,Non-Hispanic,How many came back if flyers were available.,Female,White,633251,2022-01-05 21:16:01,
124,observational_left,1,17,38,Non-Hispanic,How many came back if flyers were available.,Female,White,633251,2022-01-05 21:16:01,
124,observational_left,0,8,38,Non-Hispanic,How many came back if flyers were available.,Female,White,633251,2022-01-05 21:16:01,
124,observational_left,1,3,38,Non-Hispanic,How many came back if flyers were available.,Female,White,633251,2022-01-05 21:16:01,
124,observational_left,0,4,38,Non-Hispanic,How many came back if flyers were available.,Female,White,633251,2022-01-05 21:16:01,
124,observational_left,1,6,38,Non-Hispanic,How many came back if flyers were available.,Female,White,633251,2022-01-05 21:16:01,
186,observational_left,0,1,29,Hispanic,I compared the number of customers that went to see the movie with the flyer taking into account what the response was when they could obtain or not a flyer.,Male,Latino,832578,2022-01-05 21:36:35,
186,observational_left,0,2,29,Hispanic,I compared the number of customers that went to see the movie with the flyer taking into account what the response was when they could obtain or not a flyer.,Male,Latino,832578,2022-01-05 21:36:35,
186,observational_left,1,12,29,Hispanic,I compared the number of customers that went to see the movie with the flyer taking into account what the response was when they could obtain or not a flyer.,Male,Latino,832578,2022-01-05 21:36:35,
186,observational_left,0,19,29,Hispanic,I compared the number of customers that went to see the movie with the flyer taking into account what the response was when they could obtain or not a flyer.,Male,Latino,832578,2022-01-05 21:36:35,
186,observational_left,1,3,29,Hispanic,I compared the number of customers that went to see the movie with the flyer taking into account what the response was when they could obtain or not a flyer.,Male,Latino,832578,2022-01-05 21:36:35,
186,observational_left,1,21,29,Hispanic,I compared the number of customers that went to see the movie with the flyer taking into account what the response was when they could obtain or not a flyer.,Male,Latino,832578,2022-01-05 21:36:35,
186,observational_left,0,15,29,Hispanic,I compared the number of customers that went to see the movie with the flyer taking into account what the response was when they could obtain or not a flyer.,Male,Latino,832578,2022-01-05 21:36:35,
186,observational_left,1,18,29,Hispanic,I compared the number of customers that went to see the movie with the flyer taking into account what the response was when they could obtain or not a flyer.,Male,Latino,832578,2022-01-05 21:36:35,
186,observational_left,0,17,29,Hispanic,I compared the number of customers that went to see the movie with the flyer taking into account what the response was when they could obtain or not a flyer.,Male,Latino,832578,2022-01-05 21:36:35,
186,observational_left,1,6,29,Hispanic,I compared the number of customers that went to see the movie with the flyer taking into account what the response was when they could obtain or not a flyer.,Male,Latino,832578,2022-01-05 21:36:35,
186,observational_left,1,22,29,Hispanic,I compared the number of customers that went to see the movie with the flyer taking into account what the response was when they could obtain or not a flyer.,Male,Latino,832578,2022-01-05 21:36:35,
186,observational_left,1,14,29,Hispanic,I compared the number of customers that went to see the movie with the flyer taking into account what the response was when they could obtain or not a flyer.,Male,Latino,832578,2022-01-05 21:36:35,
186,observational_left,0,5,29,Hispanic,I compared the number of customers that went to see the movie with the flyer taking into account what the response was when they could obtain or not a flyer.,Male,Latino,832578,2022-01-05 21:36:35,
186,observational_left,1,4,29,Hispanic,I compared the number of customers that went to see the movie with the flyer taking into account what the response was when they could obtain or not a flyer.,Male,Latino,832578,2022-01-05 21:36:35,
186,observational_left,1,10,29,Hispanic,I compared the number of customers that went to see the movie with the flyer taking into account what the response was when they could obtain or not a flyer.,Male,Latino,832578,2022-01-05 21:36:35,
186,observational_left,0,16,29,Hispanic,I compared the number of customers that went to see the movie with the flyer taking into account what the response was when they could obtain or not a flyer.,Male,Latino,832578,2022-01-05 21:36:35,
186,observational_left,1,7,29,Hispanic,I compared the number of customers that went to see the movie with the flyer taking into account what the response was when they could obtain or not a flyer.,Male,Latino,832578,2022-01-05 21:36:35,
186,observational_left,0,8,29,Hispanic,I compared the number of customers that went to see the movie with the flyer taking into account what the response was when they could obtain or not a flyer.,Male,Latino,832578,2022-01-05 21:36:35,
186,observational_left,1,9,29,Hispanic,I compared the number of customers that went to see the movie with the flyer taking into account what the response was when they could obtain or not a flyer.,Male,Latino,832578,2022-01-05 21:36:35,
186,observational_left,1,20,29,Hispanic,I compared the number of customers that went to see the movie with the flyer taking into account what the response was when they could obtain or not a flyer.,Male,Latino,832578,2022-01-05 21:36:35,
186,observational_left,1,11,29,Hispanic,I compared the number of customers that went to see the movie with the flyer taking into account what the response was when they could obtain or not a flyer.,Male,Latino,832578,2022-01-05 21:36:35,
186,observational_left,1,13,29,Hispanic,I compared the number of customers that went to see the movie with the flyer taking into account what the response was when they could obtain or not a flyer.,Male,Latino,832578,2022-01-05 21:36:35,
162,observational_left,1,1,18,Non-Hispanic,The amount of tickets on each side ,Male,White,1512202,2022-01-05 21:42:46,
162,observational_left,0,2,18,Non-Hispanic,The amount of tickets on each side ,Male,White,1512202,2022-01-05 21:42:46,
162,observational_left,0,4,18,Non-Hispanic,The amount of tickets on each side ,Male,White,1512202,2022-01-05 21:42:46,
162,observational_left,1,19,18,Non-Hispanic,The amount of tickets on each side ,Male,White,1512202,2022-01-05 21:42:46,
162,observational_left,1,7,18,Non-Hispanic,The amount of tickets on each side ,Male,White,1512202,2022-01-05 21:42:46,
162,observational_left,1,11,18,Non-Hispanic,The amount of tickets on each side ,Male,White,1512202,2022-01-05 21:42:46,
162,observational_left,0,16,18,Non-Hispanic,The amount of tickets on each side ,Male,White,1512202,2022-01-05 21:42:46,
162,observational_left,0,21,18,Non-Hispanic,The amount of tickets on each side ,Male,White,1512202,2022-01-05 21:42:46,
162,observational_left,1,5,18,Non-Hispanic,The amount of tickets on each side ,Male,White,1512202,2022-01-05 21:42:46,
162,observational_left,1,8,18,Non-Hispanic,The amount of tickets on each side ,Male,White,1512202,2022-01-05 21:42:46,
162,observational_left,1,15,18,Non-Hispanic,The amount of tickets on each side ,Male,White,1512202,2022-01-05 21:42:46,
162,observational_left,0,6,18,Non-Hispanic,The amount of tickets on each side ,Male,White,1512202,2022-01-05 21:42:46,
162,observational_left,0,10,18,Non-Hispanic,The amount of tickets on each side ,Male,White,1512202,2022-01-05 21:42:46,
162,observational_left,0,12,18,Non-Hispanic,The amount of tickets on each side ,Male,White,1512202,2022-01-05 21:42:46,
162,observational_left,1,9,18,Non-Hispanic,The amount of tickets on each side ,Male,White,1512202,2022-01-05 21:42:46,
162,observational_left,1,17,18,Non-Hispanic,The amount of tickets on each side ,Male,White,1512202,2022-01-05 21:42:46,
162,observational_left,0,18,18,Non-Hispanic,The amount of tickets on each side ,Male,White,1512202,2022-01-05 21:42:46,
162,observational_left,1,13,18,Non-Hispanic,The amount of tickets on each side ,Male,White,1512202,2022-01-05 21:42:46,
162,observational_left,1,20,18,Non-Hispanic,The amount of tickets on each side ,Male,White,1512202,2022-01-05 21:42:46,
162,observational_left,0,14,18,Non-Hispanic,The amount of tickets on each side ,Male,White,1512202,2022-01-05 21:42:46,
162,observational_left,0,22,18,Non-Hispanic,The amount of tickets on each side ,Male,White,1512202,2022-01-05 21:42:46,
162,observational_left,1,3,18,Non-Hispanic,The amount of tickets on each side ,Male,White,1512202,2022-01-05 21:42:46,
169,observational_left,1,1,30,Non-Hispanic,I went of a gut reaction to the charts rather than figuring out the probability of whether or not the theater would be losing money.,Female,White,767215,2022-01-05 21:32:08,
169,observational_left,0,2,30,Non-Hispanic,I went of a gut reaction to the charts rather than figuring out the probability of whether or not the theater would be losing money.,Female,White,767215,2022-01-05 21:32:08,
169,observational_left,1,18,30,Non-Hispanic,I went of a gut reaction to the charts rather than figuring out the probability of whether or not the theater would be losing money.,Female,White,767215,2022-01-05 21:32:08,
169,observational_left,0,16,30,Non-Hispanic,I went of a gut reaction to the charts rather than figuring out the probability of whether or not the theater would be losing money.,Female,White,767215,2022-01-05 21:32:08,
169,observational_left,1,3,30,Non-Hispanic,I went of a gut reaction to the charts rather than figuring out the probability of whether or not the theater would be losing money.,Female,White,767215,2022-01-05 21:32:08,
169,observational_left,1,20,30,Non-Hispanic,I went of a gut reaction to the charts rather than figuring out the probability of whether or not the theater would be losing money.,Female,White,767215,2022-01-05 21:32:08,
169,observational_left,1,12,30,Non-Hispanic,I went of a gut reaction to the charts rather than figuring out the probability of whether or not the theater would be losing money.,Female,White,767215,2022-01-05 21:32:08,
169,observational_left,0,10,30,Non-Hispanic,I went of a gut reaction to the charts rather than figuring out the probability of whether or not the theater would be losing money.,Female,White,767215,2022-01-05 21:32:08,
169,observational_left,1,22,30,Non-Hispanic,I went of a gut reaction to the charts rather than figuring out the probability of whether or not the theater would be losing money.,Female,White,767215,2022-01-05 21:32:08,
169,observational_left,1,11,30,Non-Hispanic,I went of a gut reaction to the charts rather than figuring out the probability of whether or not the theater would be losing money.,Female,White,767215,2022-01-05 21:32:08,
169,observational_left,1,7,30,Non-Hispanic,I went of a gut reaction to the charts rather than figuring out the probability of whether or not the theater would be losing money.,Female,White,767215,2022-01-05 21:32:08,
169,observational_left,1,5,30,Non-Hispanic,I went of a gut reaction to the charts rather than figuring out the probability of whether or not the theater would be losing money.,Female,White,767215,2022-01-05 21:32:08,
169,observational_left,1,9,30,Non-Hispanic,I went of a gut reaction to the charts rather than figuring out the probability of whether or not the theater would be losing money.,Female,White,767215,2022-01-05 21:32:08,
169,observational_left,0,13,30,Non-Hispanic,I went of a gut reaction to the charts rather than figuring out the probability of whether or not the theater would be losing money.,Female,White,767215,2022-01-05 21:32:08,
169,observational_left,0,14,30,Non-Hispanic,I went of a gut reaction to the charts rather than figuring out the probability of whether or not the theater would be losing money.,Female,White,767215,2022-01-05 21:32:08,
169,observational_left,0,4,30,Non-Hispanic,I went of a gut reaction to the charts rather than figuring out the probability of whether or not the theater would be losing money.,Female,White,767215,2022-01-05 21:32:08,
169,observational_left,0,15,30,Non-Hispanic,I went of a gut reaction to the charts rather than figuring out the probability of whether or not the theater would be losing money.,Female,White,767215,2022-01-05 21:32:08,
169,observational_left,0,8,30,Non-Hispanic,I went of a gut reaction to the charts rather than figuring out the probability of whether or not the theater would be losing money.,Female,White,767215,2022-01-05 21:32:08,
169,observational_left,0,19,30,Non-Hispanic,I went of a gut reaction to the charts rather than figuring out the probability of whether or not the theater would be losing money.,Female,White,767215,2022-01-05 21:32:08,
169,observational_left,1,6,30,Non-Hispanic,I went of a gut reaction to the charts rather than figuring out the probability of whether or not the theater would be losing money.,Female,White,767215,2022-01-05 21:32:08,
169,observational_left,0,17,30,Non-Hispanic,I went of a gut reaction to the charts rather than figuring out the probability of whether or not the theater would be losing money.,Female,White,767215,2022-01-05 21:32:08,
169,observational_left,1,21,30,Non-Hispanic,I went of a gut reaction to the charts rather than figuring out the probability of whether or not the theater would be losing money.,Female,White,767215,2022-01-05 21:32:08,
100,observational_left,1,1,29,Hispanic,how many people returned who were handed the flyer,Female,White,614902,2022-01-05 21:07:32,
100,observational_left,1,2,29,Hispanic,how many people returned who were handed the flyer,Female,White,614902,2022-01-05 21:07:32,
100,observational_left,1,4,29,Hispanic,how many people returned who were handed the flyer,Female,White,614902,2022-01-05 21:07:32,
100,observational_left,1,19,29,Hispanic,how many people returned who were handed the flyer,Female,White,614902,2022-01-05 21:07:32,
100,observational_left,1,15,29,Hispanic,how many people returned who were handed the flyer,Female,White,614902,2022-01-05 21:07:32,
100,observational_left,1,18,29,Hispanic,how many people returned who were handed the flyer,Female,White,614902,2022-01-05 21:07:32,
100,observational_left,1,9,29,Hispanic,how many people returned who were handed the flyer,Female,White,614902,2022-01-05 21:07:32,
100,observational_left,0,17,29,Hispanic,how many people returned who were handed the flyer,Female,White,614902,2022-01-05 21:07:32,
100,observational_left,1,8,29,Hispanic,how many people returned who were handed the flyer,Female,White,614902,2022-01-05 21:07:32,
100,observational_left,0,13,29,Hispanic,how many people returned who were handed the flyer,Female,White,614902,2022-01-05 21:07:32,
100,observational_left,0,7,29,Hispanic,how many people returned who were handed the flyer,Female,White,614902,2022-01-05 21:07:32,
100,observational_left,1,6,29,Hispanic,how many people returned who were handed the flyer,Female,White,614902,2022-01-05 21:07:32,
100,observational_left,1,5,29,Hispanic,how many people returned who were handed the flyer,Female,White,614902,2022-01-05 21:07:32,
100,observational_left,1,22,29,Hispanic,how many people returned who were handed the flyer,Female,White,614902,2022-01-05 21:07:32,
100,observational_left,1,14,29,Hispanic,how many people returned who were handed the flyer,Female,White,614902,2022-01-05 21:07:32,
100,observational_left,0,3,29,Hispanic,how many people returned who were handed the flyer,Female,White,614902,2022-01-05 21:07:32,
100,observational_left,1,21,29,Hispanic,how many people returned who were handed the flyer,Female,White,614902,2022-01-05 21:07:32,
100,observational_left,1,20,29,Hispanic,how many people returned who were handed the flyer,Female,White,614902,2022-01-05 21:07:32,
100,observational_left,1,16,29,Hispanic,how many people returned who were handed the flyer,Female,White,614902,2022-01-05 21:07:32,
100,observational_left,1,12,29,Hispanic,how many people returned who were handed the flyer,Female,White,614902,2022-01-05 21:07:32,
100,observational_left,0,10,29,Hispanic,how many people returned who were handed the flyer,Female,White,614902,2022-01-05 21:07:32,
100,observational_left,1,11,29,Hispanic,how many people returned who were handed the flyer,Female,White,614902,2022-01-05 21:07:32,
110,observational_left,0,1,35,Non-Hispanic,I looked at how many people came back when handed a flyer and if it was greater than the number of people not given a flyer I chose to give them a flyer.,Male,White,685953,2022-01-05 21:13:09,
110,observational_left,0,2,35,Non-Hispanic,I looked at how many people came back when handed a flyer and if it was greater than the number of people not given a flyer I chose to give them a flyer.,Male,White,685953,2022-01-05 21:13:09,
110,observational_left,1,4,35,Non-Hispanic,I looked at how many people came back when handed a flyer and if it was greater than the number of people not given a flyer I chose to give them a flyer.,Male,White,685953,2022-01-05 21:13:09,
110,observational_left,1,16,35,Non-Hispanic,I looked at how many people came back when handed a flyer and if it was greater than the number of people not given a flyer I chose to give them a flyer.,Male,White,685953,2022-01-05 21:13:09,
110,observational_left,1,14,35,Non-Hispanic,I looked at how many people came back when handed a flyer and if it was greater than the number of people not given a flyer I chose to give them a flyer.,Male,White,685953,2022-01-05 21:13:09,
110,observational_left,1,7,35,Non-Hispanic,I looked at how many people came back when handed a flyer and if it was greater than the number of people not given a flyer I chose to give them a flyer.,Male,White,685953,2022-01-05 21:13:09,
110,observational_left,1,20,35,Non-Hispanic,I looked at how many people came back when handed a flyer and if it was greater than the number of people not given a flyer I chose to give them a flyer.,Male,White,685953,2022-01-05 21:13:09,
110,observational_left,1,5,35,Non-Hispanic,I looked at how many people came back when handed a flyer and if it was greater than the number of people not given a flyer I chose to give them a flyer.,Male,White,685953,2022-01-05 21:13:09,
110,observational_left,1,10,35,Non-Hispanic,I looked at how many people came back when handed a flyer and if it was greater than the number of people not given a flyer I chose to give them a flyer.,Male,White,685953,2022-01-05 21:13:09,
110,observational_left,1,9,35,Non-Hispanic,I looked at how many people came back when handed a flyer and if it was greater than the number of people not given a flyer I chose to give them a flyer.,Male,White,685953,2022-01-05 21:13:09,
110,observational_left,1,17,35,Non-Hispanic,I looked at how many people came back when handed a flyer and if it was greater than the number of people not given a flyer I chose to give them a flyer.,Male,White,685953,2022-01-05 21:13:09,
110,observational_left,0,22,35,Non-Hispanic,I looked at how many people came back when handed a flyer and if it was greater than the number of people not given a flyer I chose to give them a flyer.,Male,White,685953,2022-01-05 21:13:09,
110,observational_left,1,13,35,Non-Hispanic,I looked at how many people came back when handed a flyer and if it was greater than the number of people not given a flyer I chose to give them a flyer.,Male,White,685953,2022-01-05 21:13:09,
110,observational_left,0,8,35,Non-Hispanic,I looked at how many people came back when handed a flyer and if it was greater than the number of people not given a flyer I chose to give them a flyer.,Male,White,685953,2022-01-05 21:13:09,
110,observational_left,1,19,35,Non-Hispanic,I looked at how many people came back when handed a flyer and if it was greater than the number of people not given a flyer I chose to give them a flyer.,Male,White,685953,2022-01-05 21:13:09,
110,observational_left,1,15,35,Non-Hispanic,I looked at how many people came back when handed a flyer and if it was greater than the number of people not given a flyer I chose to give them a flyer.,Male,White,685953,2022-01-05 21:13:09,
110,observational_left,0,3,35,Non-Hispanic,I looked at how many people came back when handed a flyer and if it was greater than the number of people not given a flyer I chose to give them a flyer.,Male,White,685953,2022-01-05 21:13:09,
110,observational_left,0,12,35,Non-Hispanic,I looked at how many people came back when handed a flyer and if it was greater than the number of people not given a flyer I chose to give them a flyer.,Male,White,685953,2022-01-05 21:13:09,
110,observational_left,1,6,35,Non-Hispanic,I looked at how many people came back when handed a flyer and if it was greater than the number of people not given a flyer I chose to give them a flyer.,Male,White,685953,2022-01-05 21:13:09,
110,observational_left,1,18,35,Non-Hispanic,I looked at how many people came back when handed a flyer and if it was greater than the number of people not given a flyer I chose to give them a flyer.,Male,White,685953,2022-01-05 21:13:09,
110,observational_left,1,11,35,Non-Hispanic,I looked at how many people came back when handed a flyer and if it was greater than the number of people not given a flyer I chose to give them a flyer.,Male,White,685953,2022-01-05 21:13:09,
110,observational_left,1,21,35,Non-Hispanic,I looked at how many people came back when handed a flyer and if it was greater than the number of people not given a flyer I chose to give them a flyer.,Male,White,685953,2022-01-05 21:13:09,
108,observational_left,1,1,27,Non-Hispanic,So I guess it's not clear why we're shown the stats for when flyers are available if we're only asked if we would hand a flyer to someone. Is that cinema doing both marketing techniques? On different days? I thought that no...,Female,White,923295,2022-01-05 21:15:24,
108,observational_left,0,2,27,Non-Hispanic,So I guess it's not clear why we're shown the stats for when flyers are available if we're only asked if we would hand a flyer to someone. Is that cinema doing both marketing techniques? On different days? I thought that no...,Female,White,923295,2022-01-05 21:15:24,
108,observational_left,1,15,27,Non-Hispanic,So I guess it's not clear why we're shown the stats for when flyers are available if we're only asked if we would hand a flyer to someone. Is that cinema doing both marketing techniques? On different days? I thought that no...,Female,White,923295,2022-01-05 21:15:24,
108,observational_left,1,7,27,Non-Hispanic,So I guess it's not clear why we're shown the stats for when flyers are available if we're only asked if we would hand a flyer to someone. Is that cinema doing both marketing techniques? On different days? I thought that no...,Female,White,923295,2022-01-05 21:15:24,
108,observational_left,0,16,27,Non-Hispanic,So I guess it's not clear why we're shown the stats for when flyers are available if we're only asked if we would hand a flyer to someone. Is that cinema doing both marketing techniques? On different days? I thought that no...,Female,White,923295,2022-01-05 21:15:24,
108,observational_left,0,4,27,Non-Hispanic,So I guess it's not clear why we're shown the stats for when flyers are available if we're only asked if we would hand a flyer to someone. Is that cinema doing both marketing techniques? On different days? I thought that no...,Female,White,923295,2022-01-05 21:15:24,
108,observational_left,1,21,27,Non-Hispanic,So I guess it's not clear why we're shown the stats for when flyers are available if we're only asked if we would hand a flyer to someone. Is that cinema doing both marketing techniques? On different days? I thought that no...,Female,White,923295,2022-01-05 21:15:24,
108,observational_left,1,12,27,Non-Hispanic,So I guess it's not clear why we're shown the stats for when flyers are available if we're only asked if we would hand a flyer to someone. Is that cinema doing both marketing techniques? On different days? I thought that no...,Female,White,923295,2022-01-05 21:15:24,
108,observational_left,1,14,27,Non-Hispanic,So I guess it's not clear why we're shown the stats for when flyers are available if we're only asked if we would hand a flyer to someone. Is that cinema doing both marketing techniques? On different days? I thought that no...,Female,White,923295,2022-01-05 21:15:24,
108,observational_left,1,11,27,Non-Hispanic,So I guess it's not clear why we're shown the stats for when flyers are available if we're only asked if we would hand a flyer to someone. Is that cinema doing both marketing techniques? On different days? I thought that no...,Female,White,923295,2022-01-05 21:15:24,
108,observational_left,0,17,27,Non-Hispanic,So I guess it's not clear why we're shown the stats for when flyers are available if we're only asked if we would hand a flyer to someone. Is that cinema doing both marketing techniques? On different days? I thought that no...,Female,White,923295,2022-01-05 21:15:24,
108,observational_left,0,10,27,Non-Hispanic,So I guess it's not clear why we're shown the stats for when flyers are available if we're only asked if we would hand a flyer to someone. Is that cinema doing both marketing techniques? On different days? I thought that no...,Female,White,923295,2022-01-05 21:15:24,
108,observational_left,1,5,27,Non-Hispanic,So I guess it's not clear why we're shown the stats for when flyers are available if we're only asked if we would hand a flyer to someone. Is that cinema doing both marketing techniques? On different days? I thought that no...,Female,White,923295,2022-01-05 21:15:24,
108,observational_left,1,18,27,Non-Hispanic,So I guess it's not clear why we're shown the stats for when flyers are available if we're only asked if we would hand a flyer to someone. Is that cinema doing both marketing techniques? On different days? I thought that no...,Female,White,923295,2022-01-05 21:15:24,
108,observational_left,1,6,27,Non-Hispanic,So I guess it's not clear why we're shown the stats for when flyers are available if we're only asked if we would hand a flyer to someone. Is that cinema doing both marketing techniques? On different days? I thought that no...,Female,White,923295,2022-01-05 21:15:24,
108,observational_left,1,13,27,Non-Hispanic,So I guess it's not clear why we're shown the stats for when flyers are available if we're only asked if we would hand a flyer to someone. Is that cinema doing both marketing techniques? On different days? I thought that no...,Female,White,923295,2022-01-05 21:15:24,
108,observational_left,1,22,27,Non-Hispanic,So I guess it's not clear why we're shown the stats for when flyers are available if we're only asked if we would hand a flyer to someone. Is that cinema doing both marketing techniques? On different days? I thought that no...,Female,White,923295,2022-01-05 21:15:24,
108,observational_left,1,9,27,Non-Hispanic,So I guess it's not clear why we're shown the stats for when flyers are available if we're only asked if we would hand a flyer to someone. Is that cinema doing both marketing techniques? On different days? I thought that no...,Female,White,923295,2022-01-05 21:15:24,
108,observational_left,0,8,27,Non-Hispanic,So I guess it's not clear why we're shown the stats for when flyers are available if we're only asked if we would hand a flyer to someone. Is that cinema doing both marketing techniques? On different days? I thought that no...,Female,White,923295,2022-01-05 21:15:24,
108,observational_left,0,20,27,Non-Hispanic,So I guess it's not clear why we're shown the stats for when flyers are available if we're only asked if we would hand a flyer to someone. Is that cinema doing both marketing techniques? On different days? I thought that no...,Female,White,923295,2022-01-05 21:15:24,
108,observational_left,1,19,27,Non-Hispanic,So I guess it's not clear why we're shown the stats for when flyers are available if we're only asked if we would hand a flyer to someone. Is that cinema doing both marketing techniques? On different days? I thought that no...,Female,White,923295,2022-01-05 21:15:24,
108,observational_left,1,3,27,Non-Hispanic,So I guess it's not clear why we're shown the stats for when flyers are available if we're only asked if we would hand a flyer to someone. Is that cinema doing both marketing techniques? On different days? I thought that no...,Female,White,923295,2022-01-05 21:15:24,
116,observational_left,0,1,75,Non-Hispanic,"
Tried to reference the math diferences.",Male,White,671695,2022-01-05 21:15:22,
116,observational_left,1,2,75,Non-Hispanic,"
Tried to reference the math diferences.",Male,White,671695,2022-01-05 21:15:22,
116,observational_left,0,18,75,Non-Hispanic,"
Tried to reference the math diferences.",Male,White,671695,2022-01-05 21:15:22,
116,observational_left,1,11,75,Non-Hispanic,"
Tried to reference the math diferences.",Male,White,671695,2022-01-05 21:15:22,
116,observational_left,1,7,75,Non-Hispanic,"
Tried to reference the math diferences.",Male,White,671695,2022-01-05 21:15:22,
116,observational_left,0,14,75,Non-Hispanic,"
Tried to reference the math diferences.",Male,White,671695,2022-01-05 21:15:22,
116,observational_left,1,13,75,Non-Hispanic,"
Tried to reference the math diferences.",Male,White,671695,2022-01-05 21:15:22,
116,observational_left,1,19,75,Non-Hispanic,"
Tried to reference the math diferences.",Male,White,671695,2022-01-05 21:15:22,
116,observational_left,0,10,75,Non-Hispanic,"
Tried to reference the math diferences.",Male,White,671695,2022-01-05 21:15:22,
116,observational_left,0,4,75,Non-Hispanic,"
Tried to reference the math diferences.",Male,White,671695,2022-01-05 21:15:22,
116,observational_left,0,16,75,Non-Hispanic,"
Tried to reference the math diferences.",Male,White,671695,2022-01-05 21:15:22,
116,observational_left,1,15,75,Non-Hispanic,"
Tried to reference the math diferences.",Male,White,671695,2022-01-05 21:15:22,
116,observational_left,0,3,75,Non-Hispanic,"
Tried to reference the math diferences.",Male,White,671695,2022-01-05 21:15:22,
116,observational_left,1,20,75,Non-Hispanic,"
Tried to reference the math diferences.",Male,White,671695,2022-01-05 21:15:22,
116,observational_left,1,21,75,Non-Hispanic,"
Tried to reference the math diferences.",Male,White,671695,2022-01-05 21:15:22,
116,observational_left,1,9,75,Non-Hispanic,"
Tried to reference the math diferences.",Male,White,671695,2022-01-05 21:15:22,
116,observational_left,1,5,75,Non-Hispanic,"
Tried to reference the math diferences.",Male,White,671695,2022-01-05 21:15:22,
116,observational_left,1,8,75,Non-Hispanic,"
Tried to reference the math diferences.",Male,White,671695,2022-01-05 21:15:22,
116,observational_left,1,22,75,Non-Hispanic,"
Tried to reference the math diferences.",Male,White,671695,2022-01-05 21:15:22,
116,observational_left,1,6,75,Non-Hispanic,"
Tried to reference the math diferences.",Male,White,671695,2022-01-05 21:15:22,
116,observational_left,1,17,75,Non-Hispanic,"
Tried to reference the math diferences.",Male,White,671695,2022-01-05 21:15:22,
116,observational_left,0,12,75,Non-Hispanic,"
Tried to reference the math diferences.",Male,White,671695,2022-01-05 21:15:22,
145,observational_left,0,1,53,Non-Hispanic,no comments,Female,White,1039165,2022-01-05 21:30:07,
145,observational_left,0,2,53,Non-Hispanic,no comments,Female,White,1039165,2022-01-05 21:30:07,
145,observational_left,1,15,53,Non-Hispanic,no comments,Female,White,1039165,2022-01-05 21:30:07,
145,observational_left,1,18,53,Non-Hispanic,no comments,Female,White,1039165,2022-01-05 21:30:07,
145,observational_left,1,13,53,Non-Hispanic,no comments,Female,White,1039165,2022-01-05 21:30:07,
145,observational_left,0,19,53,Non-Hispanic,no comments,Female,White,1039165,2022-01-05 21:30:07,
145,observational_left,0,5,53,Non-Hispanic,no comments,Female,White,1039165,2022-01-05 21:30:07,
145,observational_left,0,17,53,Non-Hispanic,no comments,Female,White,1039165,2022-01-05 21:30:07,
145,observational_left,1,10,53,Non-Hispanic,no comments,Female,White,1039165,2022-01-05 21:30:07,
145,observational_left,1,16,53,Non-Hispanic,no comments,Female,White,1039165,2022-01-05 21:30:07,
145,observational_left,0,22,53,Non-Hispanic,no comments,Female,White,1039165,2022-01-05 21:30:07,
145,observational_left,0,3,53,Non-Hispanic,no comments,Female,White,1039165,2022-01-05 21:30:07,
145,observational_left,0,6,53,Non-Hispanic,no comments,Female,White,1039165,2022-01-05 21:30:07,
145,observational_left,0,9,53,Non-Hispanic,no comments,Female,White,1039165,2022-01-05 21:30:07,
145,observational_left,1,11,53,Non-Hispanic,no comments,Female,White,1039165,2022-01-05 21:30:07,
145,observational_left,1,20,53,Non-Hispanic,no comments,Female,White,1039165,2022-01-05 21:30:07,
145,observational_left,1,12,53,Non-Hispanic,no comments,Female,White,1039165,2022-01-05 21:30:07,
145,observational_left,0,14,53,Non-Hispanic,no comments,Female,White,1039165,2022-01-05 21:30:07,
145,observational_left,0,8,53,Non-Hispanic,no comments,Female,White,1039165,2022-01-05 21:30:07,
145,observational_left,1,7,53,Non-Hispanic,no comments,Female,White,1039165,2022-01-05 21:30:07,
145,observational_left,1,4,53,Non-Hispanic,no comments,Female,White,1039165,2022-01-05 21:30:07,
145,observational_left,1,21,53,Non-Hispanic,no comments,Female,White,1039165,2022-01-05 21:30:07,
83,observational_left,1,1,38,Non-Hispanic,The number of people who ended up coming vs who was handed a flyer or had flyer obtainable,Female,White,717201,2022-01-04 00:56:08,
83,observational_left,0,2,38,Non-Hispanic,The number of people who ended up coming vs who was handed a flyer or had flyer obtainable,Female,White,717201,2022-01-04 00:56:08,
83,observational_left,1,21,38,Non-Hispanic,The number of people who ended up coming vs who was handed a flyer or had flyer obtainable,Female,White,717201,2022-01-04 00:56:08,
83,observational_left,1,17,38,Non-Hispanic,The number of people who ended up coming vs who was handed a flyer or had flyer obtainable,Female,White,717201,2022-01-04 00:56:08,
83,observational_left,0,3,38,Non-Hispanic,The number of people who ended up coming vs who was handed a flyer or had flyer obtainable,Female,White,717201,2022-01-04 00:56:08,
83,observational_left,0,4,38,Non-Hispanic,The number of people who ended up coming vs who was handed a flyer or had flyer obtainable,Female,White,717201,2022-01-04 00:56:08,
83,observational_left,1,8,38,Non-Hispanic,The number of people who ended up coming vs who was handed a flyer or had flyer obtainable,Female,White,717201,2022-01-04 00:56:08,
83,observational_left,1,19,38,Non-Hispanic,The number of people who ended up coming vs who was handed a flyer or had flyer obtainable,Female,White,717201,2022-01-04 00:56:08,
83,observational_left,1,12,38,Non-Hispanic,The number of people who ended up coming vs who was handed a flyer or had flyer obtainable,Female,White,717201,2022-01-04 00:56:08,
83,observational_left,0,14,38,Non-Hispanic,The number of people who ended up coming vs who was handed a flyer or had flyer obtainable,Female,White,717201,2022-01-04 00:56:08,
83,observational_left,0,10,38,Non-Hispanic,The number of people who ended up coming vs who was handed a flyer or had flyer obtainable,Female,White,717201,2022-01-04 00:56:08,
83,observational_left,1,20,38,Non-Hispanic,The number of people who ended up coming vs who was handed a flyer or had flyer obtainable,Female,White,717201,2022-01-04 00:56:08,
83,observational_left,1,7,38,Non-Hispanic,The number of people who ended up coming vs who was handed a flyer or had flyer obtainable,Female,White,717201,2022-01-04 00:56:08,
83,observational_left,1,9,38,Non-Hispanic,The number of people who ended up coming vs who was handed a flyer or had flyer obtainable,Female,White,717201,2022-01-04 00:56:08,
83,observational_left,0,16,38,Non-Hispanic,The number of people who ended up coming vs who was handed a flyer or had flyer obtainable,Female,White,717201,2022-01-04 00:56:08,
83,observational_left,1,13,38,Non-Hispanic,The number of people who ended up coming vs who was handed a flyer or had flyer obtainable,Female,White,717201,2022-01-04 00:56:08,
83,observational_left,1,11,38,Non-Hispanic,The number of people who ended up coming vs who was handed a flyer or had flyer obtainable,Female,White,717201,2022-01-04 00:56:08,
83,observational_left,0,5,38,Non-Hispanic,The number of people who ended up coming vs who was handed a flyer or had flyer obtainable,Female,White,717201,2022-01-04 00:56:08,
83,observational_left,1,18,38,Non-Hispanic,The number of people who ended up coming vs who was handed a flyer or had flyer obtainable,Female,White,717201,2022-01-04 00:56:08,
83,observational_left,1,22,38,Non-Hispanic,The number of people who ended up coming vs who was handed a flyer or had flyer obtainable,Female,White,717201,2022-01-04 00:56:08,
83,observational_left,0,6,38,Non-Hispanic,The number of people who ended up coming vs who was handed a flyer or had flyer obtainable,Female,White,717201,2022-01-04 00:56:08,
83,observational_left,1,15,38,Non-Hispanic,The number of people who ended up coming vs who was handed a flyer or had flyer obtainable,Female,White,717201,2022-01-04 00:56:08,
106,observational_left,1,1,18,Non-Hispanic,,Female,White,528691,2022-01-05 21:08:53,
106,observational_left,0,2,18,Non-Hispanic,,Female,White,528691,2022-01-05 21:08:53,
106,observational_left,0,17,18,Non-Hispanic,,Female,White,528691,2022-01-05 21:08:53,
106,observational_left,1,9,18,Non-Hispanic,,Female,White,528691,2022-01-05 21:08:53,
106,observational_left,1,21,18,Non-Hispanic,,Female,White,528691,2022-01-05 21:08:53,
106,observational_left,1,12,18,Non-Hispanic,,Female,White,528691,2022-01-05 21:08:53,
106,observational_left,1,13,18,Non-Hispanic,,Female,White,528691,2022-01-05 21:08:53,
106,observational_left,1,7,18,Non-Hispanic,,Female,White,528691,2022-01-05 21:08:53,
106,observational_left,0,19,18,Non-Hispanic,,Female,White,528691,2022-01-05 21:08:53,
106,observational_left,1,18,18,Non-Hispanic,,Female,White,528691,2022-01-05 21:08:53,
106,observational_left,0,10,18,Non-Hispanic,,Female,White,528691,2022-01-05 21:08:53,
106,observational_left,0,22,18,Non-Hispanic,,Female,White,528691,2022-01-05 21:08:53,
106,observational_left,1,20,18,Non-Hispanic,,Female,White,528691,2022-01-05 21:08:53,
106,observational_left,0,16,18,Non-Hispanic,,Female,White,528691,2022-01-05 21:08:53,
106,observational_left,0,14,18,Non-Hispanic,,Female,White,528691,2022-01-05 21:08:53,
106,observational_left,0,5,18,Non-Hispanic,,Female,White,528691,2022-01-05 21:08:53,
106,observational_left,0,11,18,Non-Hispanic,,Female,White,528691,2022-01-05 21:08:53,
106,observational_left,1,15,18,Non-Hispanic,,Female,White,528691,2022-01-05 21:08:53,
106,observational_left,1,6,18,Non-Hispanic,,Female,White,528691,2022-01-05 21:08:53,
106,observational_left,0,4,18,Non-Hispanic,,Female,White,528691,2022-01-05 21:08:53,
106,observational_left,0,8,18,Non-Hispanic,,Female,White,528691,2022-01-05 21:08:53,
106,observational_left,1,3,18,Non-Hispanic,,Female,White,528691,2022-01-05 21:08:53,
158,observational_left,0,1,60,Non-Hispanic,"If the fliers were obtainable, and no one came whether they took the flier or not, I figure whether I give the flier to a person or not has no bearing on whether they see the film. Likewise if the same number of people come whether or not they took a flier, I assume the flier has no bearing on the decision to see the movie. If the difference between those who were handed a flier or not is only one ticket sold, I likewise would not hand the person a flier, but if handing out fliers resulted in two or more additional people who got a flier returned over those who did not get a flier, then I would hand the person a flier.

Also I would add that your questionnaire was worded poorly. I got it wrong the first time because you seem to suggest that a person being offered a flier had no right to refuse it ",Male,White,1856893,2022-01-05 21:46:04,
158,observational_left,0,2,60,Non-Hispanic,"If the fliers were obtainable, and no one came whether they took the flier or not, I figure whether I give the flier to a person or not has no bearing on whether they see the film. Likewise if the same number of people come whether or not they took a flier, I assume the flier has no bearing on the decision to see the movie. If the difference between those who were handed a flier or not is only one ticket sold, I likewise would not hand the person a flier, but if handing out fliers resulted in two or more additional people who got a flier returned over those who did not get a flier, then I would hand the person a flier.

Also I would add that your questionnaire was worded poorly. I got it wrong the first time because you seem to suggest that a person being offered a flier had no right to refuse it ",Male,White,1856893,2022-01-05 21:46:04,
158,observational_left,0,9,60,Non-Hispanic,"If the fliers were obtainable, and no one came whether they took the flier or not, I figure whether I give the flier to a person or not has no bearing on whether they see the film. Likewise if the same number of people come whether or not they took a flier, I assume the flier has no bearing on the decision to see the movie. If the difference between those who were handed a flier or not is only one ticket sold, I likewise would not hand the person a flier, but if handing out fliers resulted in two or more additional people who got a flier returned over those who did not get a flier, then I would hand the person a flier.

Also I would add that your questionnaire was worded poorly. I got it wrong the first time because you seem to suggest that a person being offered a flier had no right to refuse it ",Male,White,1856893,2022-01-05 21:46:04,
158,observational_left,0,6,60,Non-Hispanic,"If the fliers were obtainable, and no one came whether they took the flier or not, I figure whether I give the flier to a person or not has no bearing on whether they see the film. Likewise if the same number of people come whether or not they took a flier, I assume the flier has no bearing on the decision to see the movie. If the difference between those who were handed a flier or not is only one ticket sold, I likewise would not hand the person a flier, but if handing out fliers resulted in two or more additional people who got a flier returned over those who did not get a flier, then I would hand the person a flier.

Also I would add that your questionnaire was worded poorly. I got it wrong the first time because you seem to suggest that a person being offered a flier had no right to refuse it ",Male,White,1856893,2022-01-05 21:46:04,
158,observational_left,1,20,60,Non-Hispanic,"If the fliers were obtainable, and no one came whether they took the flier or not, I figure whether I give the flier to a person or not has no bearing on whether they see the film. Likewise if the same number of people come whether or not they took a flier, I assume the flier has no bearing on the decision to see the movie. If the difference between those who were handed a flier or not is only one ticket sold, I likewise would not hand the person a flier, but if handing out fliers resulted in two or more additional people who got a flier returned over those who did not get a flier, then I would hand the person a flier.

Also I would add that your questionnaire was worded poorly. I got it wrong the first time because you seem to suggest that a person being offered a flier had no right to refuse it ",Male,White,1856893,2022-01-05 21:46:04,
158,observational_left,1,13,60,Non-Hispanic,"If the fliers were obtainable, and no one came whether they took the flier or not, I figure whether I give the flier to a person or not has no bearing on whether they see the film. Likewise if the same number of people come whether or not they took a flier, I assume the flier has no bearing on the decision to see the movie. If the difference between those who were handed a flier or not is only one ticket sold, I likewise would not hand the person a flier, but if handing out fliers resulted in two or more additional people who got a flier returned over those who did not get a flier, then I would hand the person a flier.

Also I would add that your questionnaire was worded poorly. I got it wrong the first time because you seem to suggest that a person being offered a flier had no right to refuse it ",Male,White,1856893,2022-01-05 21:46:04,
158,observational_left,1,7,60,Non-Hispanic,"If the fliers were obtainable, and no one came whether they took the flier or not, I figure whether I give the flier to a person or not has no bearing on whether they see the film. Likewise if the same number of people come whether or not they took a flier, I assume the flier has no bearing on the decision to see the movie. If the difference between those who were handed a flier or not is only one ticket sold, I likewise would not hand the person a flier, but if handing out fliers resulted in two or more additional people who got a flier returned over those who did not get a flier, then I would hand the person a flier.

Also I would add that your questionnaire was worded poorly. I got it wrong the first time because you seem to suggest that a person being offered a flier had no right to refuse it ",Male,White,1856893,2022-01-05 21:46:04,
158,observational_left,1,21,60,Non-Hispanic,"If the fliers were obtainable, and no one came whether they took the flier or not, I figure whether I give the flier to a person or not has no bearing on whether they see the film. Likewise if the same number of people come whether or not they took a flier, I assume the flier has no bearing on the decision to see the movie. If the difference between those who were handed a flier or not is only one ticket sold, I likewise would not hand the person a flier, but if handing out fliers resulted in two or more additional people who got a flier returned over those who did not get a flier, then I would hand the person a flier.

Also I would add that your questionnaire was worded poorly. I got it wrong the first time because you seem to suggest that a person being offered a flier had no right to refuse it ",Male,White,1856893,2022-01-05 21:46:04,
158,observational_left,1,15,60,Non-Hispanic,"If the fliers were obtainable, and no one came whether they took the flier or not, I figure whether I give the flier to a person or not has no bearing on whether they see the film. Likewise if the same number of people come whether or not they took a flier, I assume the flier has no bearing on the decision to see the movie. If the difference between those who were handed a flier or not is only one ticket sold, I likewise would not hand the person a flier, but if handing out fliers resulted in two or more additional people who got a flier returned over those who did not get a flier, then I would hand the person a flier.

Also I would add that your questionnaire was worded poorly. I got it wrong the first time because you seem to suggest that a person being offered a flier had no right to refuse it ",Male,White,1856893,2022-01-05 21:46:04,
158,observational_left,0,16,60,Non-Hispanic,"If the fliers were obtainable, and no one came whether they took the flier or not, I figure whether I give the flier to a person or not has no bearing on whether they see the film. Likewise if the same number of people come whether or not they took a flier, I assume the flier has no bearing on the decision to see the movie. If the difference between those who were handed a flier or not is only one ticket sold, I likewise would not hand the person a flier, but if handing out fliers resulted in two or more additional people who got a flier returned over those who did not get a flier, then I would hand the person a flier.

Also I would add that your questionnaire was worded poorly. I got it wrong the first time because you seem to suggest that a person being offered a flier had no right to refuse it ",Male,White,1856893,2022-01-05 21:46:04,
158,observational_left,0,8,60,Non-Hispanic,"If the fliers were obtainable, and no one came whether they took the flier or not, I figure whether I give the flier to a person or not has no bearing on whether they see the film. Likewise if the same number of people come whether or not they took a flier, I assume the flier has no bearing on the decision to see the movie. If the difference between those who were handed a flier or not is only one ticket sold, I likewise would not hand the person a flier, but if handing out fliers resulted in two or more additional people who got a flier returned over those who did not get a flier, then I would hand the person a flier.

Also I would add that your questionnaire was worded poorly. I got it wrong the first time because you seem to suggest that a person being offered a flier had no right to refuse it ",Male,White,1856893,2022-01-05 21:46:04,
158,observational_left,1,22,60,Non-Hispanic,"If the fliers were obtainable, and no one came whether they took the flier or not, I figure whether I give the flier to a person or not has no bearing on whether they see the film. Likewise if the same number of people come whether or not they took a flier, I assume the flier has no bearing on the decision to see the movie. If the difference between those who were handed a flier or not is only one ticket sold, I likewise would not hand the person a flier, but if handing out fliers resulted in two or more additional people who got a flier returned over those who did not get a flier, then I would hand the person a flier.

Also I would add that your questionnaire was worded poorly. I got it wrong the first time because you seem to suggest that a person being offered a flier had no right to refuse it ",Male,White,1856893,2022-01-05 21:46:04,
158,observational_left,1,18,60,Non-Hispanic,"If the fliers were obtainable, and no one came whether they took the flier or not, I figure whether I give the flier to a person or not has no bearing on whether they see the film. Likewise if the same number of people come whether or not they took a flier, I assume the flier has no bearing on the decision to see the movie. If the difference between those who were handed a flier or not is only one ticket sold, I likewise would not hand the person a flier, but if handing out fliers resulted in two or more additional people who got a flier returned over those who did not get a flier, then I would hand the person a flier.

Also I would add that your questionnaire was worded poorly. I got it wrong the first time because you seem to suggest that a person being offered a flier had no right to refuse it ",Male,White,1856893,2022-01-05 21:46:04,
158,observational_left,1,10,60,Non-Hispanic,"If the fliers were obtainable, and no one came whether they took the flier or not, I figure whether I give the flier to a person or not has no bearing on whether they see the film. Likewise if the same number of people come whether or not they took a flier, I assume the flier has no bearing on the decision to see the movie. If the difference between those who were handed a flier or not is only one ticket sold, I likewise would not hand the person a flier, but if handing out fliers resulted in two or more additional people who got a flier returned over those who did not get a flier, then I would hand the person a flier.

Also I would add that your questionnaire was worded poorly. I got it wrong the first time because you seem to suggest that a person being offered a flier had no right to refuse it ",Male,White,1856893,2022-01-05 21:46:04,
158,observational_left,0,3,60,Non-Hispanic,"If the fliers were obtainable, and no one came whether they took the flier or not, I figure whether I give the flier to a person or not has no bearing on whether they see the film. Likewise if the same number of people come whether or not they took a flier, I assume the flier has no bearing on the decision to see the movie. If the difference between those who were handed a flier or not is only one ticket sold, I likewise would not hand the person a flier, but if handing out fliers resulted in two or more additional people who got a flier returned over those who did not get a flier, then I would hand the person a flier.

Also I would add that your questionnaire was worded poorly. I got it wrong the first time because you seem to suggest that a person being offered a flier had no right to refuse it ",Male,White,1856893,2022-01-05 21:46:04,
158,observational_left,0,14,60,Non-Hispanic,"If the fliers were obtainable, and no one came whether they took the flier or not, I figure whether I give the flier to a person or not has no bearing on whether they see the film. Likewise if the same number of people come whether or not they took a flier, I assume the flier has no bearing on the decision to see the movie. If the difference between those who were handed a flier or not is only one ticket sold, I likewise would not hand the person a flier, but if handing out fliers resulted in two or more additional people who got a flier returned over those who did not get a flier, then I would hand the person a flier.

Also I would add that your questionnaire was worded poorly. I got it wrong the first time because you seem to suggest that a person being offered a flier had no right to refuse it ",Male,White,1856893,2022-01-05 21:46:04,
158,observational_left,1,19,60,Non-Hispanic,"If the fliers were obtainable, and no one came whether they took the flier or not, I figure whether I give the flier to a person or not has no bearing on whether they see the film. Likewise if the same number of people come whether or not they took a flier, I assume the flier has no bearing on the decision to see the movie. If the difference between those who were handed a flier or not is only one ticket sold, I likewise would not hand the person a flier, but if handing out fliers resulted in two or more additional people who got a flier returned over those who did not get a flier, then I would hand the person a flier.

Also I would add that your questionnaire was worded poorly. I got it wrong the first time because you seem to suggest that a person being offered a flier had no right to refuse it ",Male,White,1856893,2022-01-05 21:46:04,
158,observational_left,0,5,60,Non-Hispanic,"If the fliers were obtainable, and no one came whether they took the flier or not, I figure whether I give the flier to a person or not has no bearing on whether they see the film. Likewise if the same number of people come whether or not they took a flier, I assume the flier has no bearing on the decision to see the movie. If the difference between those who were handed a flier or not is only one ticket sold, I likewise would not hand the person a flier, but if handing out fliers resulted in two or more additional people who got a flier returned over those who did not get a flier, then I would hand the person a flier.

Also I would add that your questionnaire was worded poorly. I got it wrong the first time because you seem to suggest that a person being offered a flier had no right to refuse it ",Male,White,1856893,2022-01-05 21:46:04,
158,observational_left,1,11,60,Non-Hispanic,"If the fliers were obtainable, and no one came whether they took the flier or not, I figure whether I give the flier to a person or not has no bearing on whether they see the film. Likewise if the same number of people come whether or not they took a flier, I assume the flier has no bearing on the decision to see the movie. If the difference between those who were handed a flier or not is only one ticket sold, I likewise would not hand the person a flier, but if handing out fliers resulted in two or more additional people who got a flier returned over those who did not get a flier, then I would hand the person a flier.

Also I would add that your questionnaire was worded poorly. I got it wrong the first time because you seem to suggest that a person being offered a flier had no right to refuse it ",Male,White,1856893,2022-01-05 21:46:04,
158,observational_left,1,12,60,Non-Hispanic,"If the fliers were obtainable, and no one came whether they took the flier or not, I figure whether I give the flier to a person or not has no bearing on whether they see the film. Likewise if the same number of people come whether or not they took a flier, I assume the flier has no bearing on the decision to see the movie. If the difference between those who were handed a flier or not is only one ticket sold, I likewise would not hand the person a flier, but if handing out fliers resulted in two or more additional people who got a flier returned over those who did not get a flier, then I would hand the person a flier.

Also I would add that your questionnaire was worded poorly. I got it wrong the first time because you seem to suggest that a person being offered a flier had no right to refuse it ",Male,White,1856893,2022-01-05 21:46:04,
158,observational_left,1,17,60,Non-Hispanic,"If the fliers were obtainable, and no one came whether they took the flier or not, I figure whether I give the flier to a person or not has no bearing on whether they see the film. Likewise if the same number of people come whether or not they took a flier, I assume the flier has no bearing on the decision to see the movie. If the difference between those who were handed a flier or not is only one ticket sold, I likewise would not hand the person a flier, but if handing out fliers resulted in two or more additional people who got a flier returned over those who did not get a flier, then I would hand the person a flier.

Also I would add that your questionnaire was worded poorly. I got it wrong the first time because you seem to suggest that a person being offered a flier had no right to refuse it ",Male,White,1856893,2022-01-05 21:46:04,
158,observational_left,1,4,60,Non-Hispanic,"If the fliers were obtainable, and no one came whether they took the flier or not, I figure whether I give the flier to a person or not has no bearing on whether they see the film. Likewise if the same number of people come whether or not they took a flier, I assume the flier has no bearing on the decision to see the movie. If the difference between those who were handed a flier or not is only one ticket sold, I likewise would not hand the person a flier, but if handing out fliers resulted in two or more additional people who got a flier returned over those who did not get a flier, then I would hand the person a flier.

Also I would add that your questionnaire was worded poorly. I got it wrong the first time because you seem to suggest that a person being offered a flier had no right to refuse it ",Male,White,1856893,2022-01-05 21:46:04,
127,observational_left,1,1,29,Non-Hispanic,If they stayed if the flyer was handed out or not ,Female,White,312813,2022-01-05 21:11:32,
127,observational_left,1,2,29,Non-Hispanic,If they stayed if the flyer was handed out or not ,Female,White,312813,2022-01-05 21:11:32,
127,observational_left,1,12,29,Non-Hispanic,If they stayed if the flyer was handed out or not ,Female,White,312813,2022-01-05 21:11:32,
127,observational_left,0,8,29,Non-Hispanic,If they stayed if the flyer was handed out or not ,Female,White,312813,2022-01-05 21:11:32,
127,observational_left,1,21,29,Non-Hispanic,If they stayed if the flyer was handed out or not ,Female,White,312813,2022-01-05 21:11:32,
127,observational_left,1,17,29,Non-Hispanic,If they stayed if the flyer was handed out or not ,Female,White,312813,2022-01-05 21:11:32,
127,observational_left,1,13,29,Non-Hispanic,If they stayed if the flyer was handed out or not ,Female,White,312813,2022-01-05 21:11:32,
127,observational_left,1,19,29,Non-Hispanic,If they stayed if the flyer was handed out or not ,Female,White,312813,2022-01-05 21:11:32,
127,observational_left,0,4,29,Non-Hispanic,If they stayed if the flyer was handed out or not ,Female,White,312813,2022-01-05 21:11:32,
127,observational_left,0,14,29,Non-Hispanic,If they stayed if the flyer was handed out or not ,Female,White,312813,2022-01-05 21:11:32,
127,observational_left,1,5,29,Non-Hispanic,If they stayed if the flyer was handed out or not ,Female,White,312813,2022-01-05 21:11:32,
127,observational_left,0,6,29,Non-Hispanic,If they stayed if the flyer was handed out or not ,Female,White,312813,2022-01-05 21:11:32,
127,observational_left,0,16,29,Non-Hispanic,If they stayed if the flyer was handed out or not ,Female,White,312813,2022-01-05 21:11:32,
127,observational_left,0,15,29,Non-Hispanic,If they stayed if the flyer was handed out or not ,Female,White,312813,2022-01-05 21:11:32,
127,observational_left,0,10,29,Non-Hispanic,If they stayed if the flyer was handed out or not ,Female,White,312813,2022-01-05 21:11:32,
127,observational_left,1,11,29,Non-Hispanic,If they stayed if the flyer was handed out or not ,Female,White,312813,2022-01-05 21:11:32,
127,observational_left,0,3,29,Non-Hispanic,If they stayed if the flyer was handed out or not ,Female,White,312813,2022-01-05 21:11:32,
127,observational_left,0,18,29,Non-Hispanic,If they stayed if the flyer was handed out or not ,Female,White,312813,2022-01-05 21:11:32,
127,observational_left,0,22,29,Non-Hispanic,If they stayed if the flyer was handed out or not ,Female,White,312813,2022-01-05 21:11:32,
127,observational_left,0,9,29,Non-Hispanic,If they stayed if the flyer was handed out or not ,Female,White,312813,2022-01-05 21:11:32,
127,observational_left,0,20,29,Non-Hispanic,If they stayed if the flyer was handed out or not ,Female,White,312813,2022-01-05 21:11:32,
127,observational_left,1,7,29,Non-Hispanic,If they stayed if the flyer was handed out or not ,Female,White,312813,2022-01-05 21:11:32,
189,observational_left,0,1,33,Non-Hispanic,"I was most influenced by whether people who obtained the flyer on their own/chose to take a flyer returned to see the movie or not. If all of those who obtained a flyer returned, I was more likely to say yes to giving the movie-goer a flyer.",Female,White,700812,2022-01-05 21:36:32,
189,observational_left,0,2,33,Non-Hispanic,"I was most influenced by whether people who obtained the flyer on their own/chose to take a flyer returned to see the movie or not. If all of those who obtained a flyer returned, I was more likely to say yes to giving the movie-goer a flyer.",Female,White,700812,2022-01-05 21:36:32,
189,observational_left,0,8,33,Non-Hispanic,"I was most influenced by whether people who obtained the flyer on their own/chose to take a flyer returned to see the movie or not. If all of those who obtained a flyer returned, I was more likely to say yes to giving the movie-goer a flyer.",Female,White,700812,2022-01-05 21:36:32,
189,observational_left,1,17,33,Non-Hispanic,"I was most influenced by whether people who obtained the flyer on their own/chose to take a flyer returned to see the movie or not. If all of those who obtained a flyer returned, I was more likely to say yes to giving the movie-goer a flyer.",Female,White,700812,2022-01-05 21:36:32,
189,observational_left,1,10,33,Non-Hispanic,"I was most influenced by whether people who obtained the flyer on their own/chose to take a flyer returned to see the movie or not. If all of those who obtained a flyer returned, I was more likely to say yes to giving the movie-goer a flyer.",Female,White,700812,2022-01-05 21:36:32,
189,observational_left,1,18,33,Non-Hispanic,"I was most influenced by whether people who obtained the flyer on their own/chose to take a flyer returned to see the movie or not. If all of those who obtained a flyer returned, I was more likely to say yes to giving the movie-goer a flyer.",Female,White,700812,2022-01-05 21:36:32,
189,observational_left,1,3,33,Non-Hispanic,"I was most influenced by whether people who obtained the flyer on their own/chose to take a flyer returned to see the movie or not. If all of those who obtained a flyer returned, I was more likely to say yes to giving the movie-goer a flyer.",Female,White,700812,2022-01-05 21:36:32,
189,observational_left,1,22,33,Non-Hispanic,"I was most influenced by whether people who obtained the flyer on their own/chose to take a flyer returned to see the movie or not. If all of those who obtained a flyer returned, I was more likely to say yes to giving the movie-goer a flyer.",Female,White,700812,2022-01-05 21:36:32,
189,observational_left,0,4,33,Non-Hispanic,"I was most influenced by whether people who obtained the flyer on their own/chose to take a flyer returned to see the movie or not. If all of those who obtained a flyer returned, I was more likely to say yes to giving the movie-goer a flyer.",Female,White,700812,2022-01-05 21:36:32,
189,observational_left,1,12,33,Non-Hispanic,"I was most influenced by whether people who obtained the flyer on their own/chose to take a flyer returned to see the movie or not. If all of those who obtained a flyer returned, I was more likely to say yes to giving the movie-goer a flyer.",Female,White,700812,2022-01-05 21:36:32,
189,observational_left,1,19,33,Non-Hispanic,"I was most influenced by whether people who obtained the flyer on their own/chose to take a flyer returned to see the movie or not. If all of those who obtained a flyer returned, I was more likely to say yes to giving the movie-goer a flyer.",Female,White,700812,2022-01-05 21:36:32,
189,observational_left,1,11,33,Non-Hispanic,"I was most influenced by whether people who obtained the flyer on their own/chose to take a flyer returned to see the movie or not. If all of those who obtained a flyer returned, I was more likely to say yes to giving the movie-goer a flyer.",Female,White,700812,2022-01-05 21:36:32,
189,observational_left,1,15,33,Non-Hispanic,"I was most influenced by whether people who obtained the flyer on their own/chose to take a flyer returned to see the movie or not. If all of those who obtained a flyer returned, I was more likely to say yes to giving the movie-goer a flyer.",Female,White,700812,2022-01-05 21:36:32,
189,observational_left,0,13,33,Non-Hispanic,"I was most influenced by whether people who obtained the flyer on their own/chose to take a flyer returned to see the movie or not. If all of those who obtained a flyer returned, I was more likely to say yes to giving the movie-goer a flyer.",Female,White,700812,2022-01-05 21:36:32,
189,observational_left,1,16,33,Non-Hispanic,"I was most influenced by whether people who obtained the flyer on their own/chose to take a flyer returned to see the movie or not. If all of those who obtained a flyer returned, I was more likely to say yes to giving the movie-goer a flyer.",Female,White,700812,2022-01-05 21:36:32,
189,observational_left,1,6,33,Non-Hispanic,"I was most influenced by whether people who obtained the flyer on their own/chose to take a flyer returned to see the movie or not. If all of those who obtained a flyer returned, I was more likely to say yes to giving the movie-goer a flyer.",Female,White,700812,2022-01-05 21:36:32,
189,observational_left,0,14,33,Non-Hispanic,"I was most influenced by whether people who obtained the flyer on their own/chose to take a flyer returned to see the movie or not. If all of those who obtained a flyer returned, I was more likely to say yes to giving the movie-goer a flyer.",Female,White,700812,2022-01-05 21:36:32,
189,observational_left,1,9,33,Non-Hispanic,"I was most influenced by whether people who obtained the flyer on their own/chose to take a flyer returned to see the movie or not. If all of those who obtained a flyer returned, I was more likely to say yes to giving the movie-goer a flyer.",Female,White,700812,2022-01-05 21:36:32,
189,observational_left,1,21,33,Non-Hispanic,"I was most influenced by whether people who obtained the flyer on their own/chose to take a flyer returned to see the movie or not. If all of those who obtained a flyer returned, I was more likely to say yes to giving the movie-goer a flyer.",Female,White,700812,2022-01-05 21:36:32,
189,observational_left,0,5,33,Non-Hispanic,"I was most influenced by whether people who obtained the flyer on their own/chose to take a flyer returned to see the movie or not. If all of those who obtained a flyer returned, I was more likely to say yes to giving the movie-goer a flyer.",Female,White,700812,2022-01-05 21:36:32,
189,observational_left,1,7,33,Non-Hispanic,"I was most influenced by whether people who obtained the flyer on their own/chose to take a flyer returned to see the movie or not. If all of those who obtained a flyer returned, I was more likely to say yes to giving the movie-goer a flyer.",Female,White,700812,2022-01-05 21:36:32,
189,observational_left,1,20,33,Non-Hispanic,"I was most influenced by whether people who obtained the flyer on their own/chose to take a flyer returned to see the movie or not. If all of those who obtained a flyer returned, I was more likely to say yes to giving the movie-goer a flyer.",Female,White,700812,2022-01-05 21:36:32,
171,observational_left,1,1,26,Non-Hispanic,The number of people who went to the movie with an obtainable flyer.,Male,Black/African American,443704,2022-01-05 21:26:40,
171,observational_left,0,2,26,Non-Hispanic,The number of people who went to the movie with an obtainable flyer.,Male,Black/African American,443704,2022-01-05 21:26:40,
171,observational_left,1,12,26,Non-Hispanic,The number of people who went to the movie with an obtainable flyer.,Male,Black/African American,443704,2022-01-05 21:26:40,
171,observational_left,1,13,26,Non-Hispanic,The number of people who went to the movie with an obtainable flyer.,Male,Black/African American,443704,2022-01-05 21:26:40,
171,observational_left,1,6,26,Non-Hispanic,The number of people who went to the movie with an obtainable flyer.,Male,Black/African American,443704,2022-01-05 21:26:40,
171,observational_left,0,7,26,Non-Hispanic,The number of people who went to the movie with an obtainable flyer.,Male,Black/African American,443704,2022-01-05 21:26:40,
171,observational_left,1,10,26,Non-Hispanic,The number of people who went to the movie with an obtainable flyer.,Male,Black/African American,443704,2022-01-05 21:26:40,
171,observational_left,1,14,26,Non-Hispanic,The number of people who went to the movie with an obtainable flyer.,Male,Black/African American,443704,2022-01-05 21:26:40,
171,observational_left,1,9,26,Non-Hispanic,The number of people who went to the movie with an obtainable flyer.,Male,Black/African American,443704,2022-01-05 21:26:40,
171,observational_left,0,17,26,Non-Hispanic,The number of people who went to the movie with an obtainable flyer.,Male,Black/African American,443704,2022-01-05 21:26:40,
171,observational_left,1,4,26,Non-Hispanic,The number of people who went to the movie with an obtainable flyer.,Male,Black/African American,443704,2022-01-05 21:26:40,
171,observational_left,0,5,26,Non-Hispanic,The number of people who went to the movie with an obtainable flyer.,Male,Black/African American,443704,2022-01-05 21:26:40,
171,observational_left,1,16,26,Non-Hispanic,The number of people who went to the movie with an obtainable flyer.,Male,Black/African American,443704,2022-01-05 21:26:40,
171,observational_left,0,8,26,Non-Hispanic,The number of people who went to the movie with an obtainable flyer.,Male,Black/African American,443704,2022-01-05 21:26:40,
171,observational_left,0,19,26,Non-Hispanic,The number of people who went to the movie with an obtainable flyer.,Male,Black/African American,443704,2022-01-05 21:26:40,
171,observational_left,1,3,26,Non-Hispanic,The number of people who went to the movie with an obtainable flyer.,Male,Black/African American,443704,2022-01-05 21:26:40,
171,observational_left,1,22,26,Non-Hispanic,The number of people who went to the movie with an obtainable flyer.,Male,Black/African American,443704,2022-01-05 21:26:40,
171,observational_left,1,18,26,Non-Hispanic,The number of people who went to the movie with an obtainable flyer.,Male,Black/African American,443704,2022-01-05 21:26:40,
171,observational_left,0,11,26,Non-Hispanic,The number of people who went to the movie with an obtainable flyer.,Male,Black/African American,443704,2022-01-05 21:26:40,
171,observational_left,1,20,26,Non-Hispanic,The number of people who went to the movie with an obtainable flyer.,Male,Black/African American,443704,2022-01-05 21:26:40,
171,observational_left,1,21,26,Non-Hispanic,The number of people who went to the movie with an obtainable flyer.,Male,Black/African American,443704,2022-01-05 21:26:40,
171,observational_left,1,15,26,Non-Hispanic,The number of people who went to the movie with an obtainable flyer.,Male,Black/African American,443704,2022-01-05 21:26:40,
92,observational_left,0,1,35,Non-Hispanic,I erred on the side of not handing out a flyer because the expected return of doing so was negative. ,Female,White,326395,2022-01-05 21:01:41,
92,observational_left,0,2,35,Non-Hispanic,I erred on the side of not handing out a flyer because the expected return of doing so was negative. ,Female,White,326395,2022-01-05 21:01:41,
92,observational_left,1,20,35,Non-Hispanic,I erred on the side of not handing out a flyer because the expected return of doing so was negative. ,Female,White,326395,2022-01-05 21:01:41,
92,observational_left,0,4,35,Non-Hispanic,I erred on the side of not handing out a flyer because the expected return of doing so was negative. ,Female,White,326395,2022-01-05 21:01:41,
92,observational_left,0,6,35,Non-Hispanic,I erred on the side of not handing out a flyer because the expected return of doing so was negative. ,Female,White,326395,2022-01-05 21:01:41,
92,observational_left,1,19,35,Non-Hispanic,I erred on the side of not handing out a flyer because the expected return of doing so was negative. ,Female,White,326395,2022-01-05 21:01:41,
92,observational_left,1,9,35,Non-Hispanic,I erred on the side of not handing out a flyer because the expected return of doing so was negative. ,Female,White,326395,2022-01-05 21:01:41,
92,observational_left,0,14,35,Non-Hispanic,I erred on the side of not handing out a flyer because the expected return of doing so was negative. ,Female,White,326395,2022-01-05 21:01:41,
92,observational_left,1,22,35,Non-Hispanic,I erred on the side of not handing out a flyer because the expected return of doing so was negative. ,Female,White,326395,2022-01-05 21:01:41,
92,observational_left,1,21,35,Non-Hispanic,I erred on the side of not handing out a flyer because the expected return of doing so was negative. ,Female,White,326395,2022-01-05 21:01:41,
92,observational_left,0,7,35,Non-Hispanic,I erred on the side of not handing out a flyer because the expected return of doing so was negative. ,Female,White,326395,2022-01-05 21:01:41,
92,observational_left,0,15,35,Non-Hispanic,I erred on the side of not handing out a flyer because the expected return of doing so was negative. ,Female,White,326395,2022-01-05 21:01:41,
92,observational_left,0,10,35,Non-Hispanic,I erred on the side of not handing out a flyer because the expected return of doing so was negative. ,Female,White,326395,2022-01-05 21:01:41,
92,observational_left,0,12,35,Non-Hispanic,I erred on the side of not handing out a flyer because the expected return of doing so was negative. ,Female,White,326395,2022-01-05 21:01:41,
92,observational_left,0,18,35,Non-Hispanic,I erred on the side of not handing out a flyer because the expected return of doing so was negative. ,Female,White,326395,2022-01-05 21:01:41,
92,observational_left,0,5,35,Non-Hispanic,I erred on the side of not handing out a flyer because the expected return of doing so was negative. ,Female,White,326395,2022-01-05 21:01:41,
92,observational_left,0,17,35,Non-Hispanic,I erred on the side of not handing out a flyer because the expected return of doing so was negative. ,Female,White,326395,2022-01-05 21:01:41,
92,observational_left,0,16,35,Non-Hispanic,I erred on the side of not handing out a flyer because the expected return of doing so was negative. ,Female,White,326395,2022-01-05 21:01:41,
92,observational_left,0,11,35,Non-Hispanic,I erred on the side of not handing out a flyer because the expected return of doing so was negative. ,Female,White,326395,2022-01-05 21:01:41,
92,observational_left,0,8,35,Non-Hispanic,I erred on the side of not handing out a flyer because the expected return of doing so was negative. ,Female,White,326395,2022-01-05 21:01:41,
92,observational_left,1,13,35,Non-Hispanic,I erred on the side of not handing out a flyer because the expected return of doing so was negative. ,Female,White,326395,2022-01-05 21:01:41,
92,observational_left,0,3,35,Non-Hispanic,I erred on the side of not handing out a flyer because the expected return of doing so was negative. ,Female,White,326395,2022-01-05 21:01:41,
78,observational_left,0,1,30,Hispanic,some factors considered were if the flyer promoted viewership of movie. no questions,Female,hispanic,951410,2022-01-04 00:43:31,
78,observational_left,0,2,30,Hispanic,some factors considered were if the flyer promoted viewership of movie. no questions,Female,hispanic,951410,2022-01-04 00:43:31,
78,observational_left,0,14,30,Hispanic,some factors considered were if the flyer promoted viewership of movie. no questions,Female,hispanic,951410,2022-01-04 00:43:31,
78,observational_left,1,3,30,Hispanic,some factors considered were if the flyer promoted viewership of movie. no questions,Female,hispanic,951410,2022-01-04 00:43:31,
78,observational_left,1,10,30,Hispanic,some factors considered were if the flyer promoted viewership of movie. no questions,Female,hispanic,951410,2022-01-04 00:43:31,
78,observational_left,1,18,30,Hispanic,some factors considered were if the flyer promoted viewership of movie. no questions,Female,hispanic,951410,2022-01-04 00:43:31,
78,observational_left,1,11,30,Hispanic,some factors considered were if the flyer promoted viewership of movie. no questions,Female,hispanic,951410,2022-01-04 00:43:31,
78,observational_left,1,19,30,Hispanic,some factors considered were if the flyer promoted viewership of movie. no questions,Female,hispanic,951410,2022-01-04 00:43:31,
78,observational_left,1,17,30,Hispanic,some factors considered were if the flyer promoted viewership of movie. no questions,Female,hispanic,951410,2022-01-04 00:43:31,
78,observational_left,0,16,30,Hispanic,some factors considered were if the flyer promoted viewership of movie. no questions,Female,hispanic,951410,2022-01-04 00:43:31,
78,observational_left,0,4,30,Hispanic,some factors considered were if the flyer promoted viewership of movie. no questions,Female,hispanic,951410,2022-01-04 00:43:31,
78,observational_left,1,21,30,Hispanic,some factors considered were if the flyer promoted viewership of movie. no questions,Female,hispanic,951410,2022-01-04 00:43:31,
78,observational_left,1,15,30,Hispanic,some factors considered were if the flyer promoted viewership of movie. no questions,Female,hispanic,951410,2022-01-04 00:43:31,
78,observational_left,1,7,30,Hispanic,some factors considered were if the flyer promoted viewership of movie. no questions,Female,hispanic,951410,2022-01-04 00:43:31,
78,observational_left,0,8,30,Hispanic,some factors considered were if the flyer promoted viewership of movie. no questions,Female,hispanic,951410,2022-01-04 00:43:31,
78,observational_left,1,12,30,Hispanic,some factors considered were if the flyer promoted viewership of movie. no questions,Female,hispanic,951410,2022-01-04 00:43:31,
78,observational_left,1,5,30,Hispanic,some factors considered were if the flyer promoted viewership of movie. no questions,Female,hispanic,951410,2022-01-04 00:43:31,
78,observational_left,1,9,30,Hispanic,some factors considered were if the flyer promoted viewership of movie. no questions,Female,hispanic,951410,2022-01-04 00:43:31,
78,observational_left,1,6,30,Hispanic,some factors considered were if the flyer promoted viewership of movie. no questions,Female,hispanic,951410,2022-01-04 00:43:31,
78,observational_left,1,22,30,Hispanic,some factors considered were if the flyer promoted viewership of movie. no questions,Female,hispanic,951410,2022-01-04 00:43:31,
78,observational_left,1,13,30,Hispanic,some factors considered were if the flyer promoted viewership of movie. no questions,Female,hispanic,951410,2022-01-04 00:43:31,
78,observational_left,1,20,30,Hispanic,some factors considered were if the flyer promoted viewership of movie. no questions,Female,hispanic,951410,2022-01-04 00:43:31,
120,observational_left,0,1,22,Non-Hispanic,If there was a big difference in how many people went with the flyer and how many people went without,Female,White,466807,2022-01-05 21:12:45,
120,observational_left,0,2,22,Non-Hispanic,If there was a big difference in how many people went with the flyer and how many people went without,Female,White,466807,2022-01-05 21:12:45,
120,observational_left,0,14,22,Non-Hispanic,If there was a big difference in how many people went with the flyer and how many people went without,Female,White,466807,2022-01-05 21:12:45,
120,observational_left,0,22,22,Non-Hispanic,If there was a big difference in how many people went with the flyer and how many people went without,Female,White,466807,2022-01-05 21:12:45,
120,observational_left,1,11,22,Non-Hispanic,If there was a big difference in how many people went with the flyer and how many people went without,Female,White,466807,2022-01-05 21:12:45,
120,observational_left,0,10,22,Non-Hispanic,If there was a big difference in how many people went with the flyer and how many people went without,Female,White,466807,2022-01-05 21:12:45,
120,observational_left,1,6,22,Non-Hispanic,If there was a big difference in how many people went with the flyer and how many people went without,Female,White,466807,2022-01-05 21:12:45,
120,observational_left,0,13,22,Non-Hispanic,If there was a big difference in how many people went with the flyer and how many people went without,Female,White,466807,2022-01-05 21:12:45,
120,observational_left,0,21,22,Non-Hispanic,If there was a big difference in how many people went with the flyer and how many people went without,Female,White,466807,2022-01-05 21:12:45,
120,observational_left,1,19,22,Non-Hispanic,If there was a big difference in how many people went with the flyer and how many people went without,Female,White,466807,2022-01-05 21:12:45,
120,observational_left,1,12,22,Non-Hispanic,If there was a big difference in how many people went with the flyer and how many people went without,Female,White,466807,2022-01-05 21:12:45,
120,observational_left,0,8,22,Non-Hispanic,If there was a big difference in how many people went with the flyer and how many people went without,Female,White,466807,2022-01-05 21:12:45,
120,observational_left,0,15,22,Non-Hispanic,If there was a big difference in how many people went with the flyer and how many people went without,Female,White,466807,2022-01-05 21:12:45,
120,observational_left,0,16,22,Non-Hispanic,If there was a big difference in how many people went with the flyer and how many people went without,Female,White,466807,2022-01-05 21:12:45,
120,observational_left,0,4,22,Non-Hispanic,If there was a big difference in how many people went with the flyer and how many people went without,Female,White,466807,2022-01-05 21:12:45,
120,observational_left,1,18,22,Non-Hispanic,If there was a big difference in how many people went with the flyer and how many people went without,Female,White,466807,2022-01-05 21:12:45,
120,observational_left,0,3,22,Non-Hispanic,If there was a big difference in how many people went with the flyer and how many people went without,Female,White,466807,2022-01-05 21:12:45,
120,observational_left,0,7,22,Non-Hispanic,If there was a big difference in how many people went with the flyer and how many people went without,Female,White,466807,2022-01-05 21:12:45,
120,observational_left,0,5,22,Non-Hispanic,If there was a big difference in how many people went with the flyer and how many people went without,Female,White,466807,2022-01-05 21:12:45,
120,observational_left,0,9,22,Non-Hispanic,If there was a big difference in how many people went with the flyer and how many people went without,Female,White,466807,2022-01-05 21:12:45,
120,observational_left,1,20,22,Non-Hispanic,If there was a big difference in how many people went with the flyer and how many people went without,Female,White,466807,2022-01-05 21:12:45,
120,observational_left,0,17,22,Non-Hispanic,If there was a big difference in how many people went with the flyer and how many people went without,Female,White,466807,2022-01-05 21:12:45,
152,observational_left,1,1,37,Non-Hispanic,,Male,White,465297,2022-01-05 21:23:27,
152,observational_left,0,2,37,Non-Hispanic,,Male,White,465297,2022-01-05 21:23:27,
152,observational_left,0,14,37,Non-Hispanic,,Male,White,465297,2022-01-05 21:23:27,
152,observational_left,0,6,37,Non-Hispanic,,Male,White,465297,2022-01-05 21:23:27,
152,observational_left,0,4,37,Non-Hispanic,,Male,White,465297,2022-01-05 21:23:27,
152,observational_left,0,3,37,Non-Hispanic,,Male,White,465297,2022-01-05 21:23:27,
152,observational_left,1,15,37,Non-Hispanic,,Male,White,465297,2022-01-05 21:23:27,
152,observational_left,0,8,37,Non-Hispanic,,Male,White,465297,2022-01-05 21:23:27,
152,observational_left,1,12,37,Non-Hispanic,,Male,White,465297,2022-01-05 21:23:27,
152,observational_left,1,5,37,Non-Hispanic,,Male,White,465297,2022-01-05 21:23:27,
152,observational_left,1,17,37,Non-Hispanic,,Male,White,465297,2022-01-05 21:23:27,
152,observational_left,1,19,37,Non-Hispanic,,Male,White,465297,2022-01-05 21:23:27,
152,observational_left,1,11,37,Non-Hispanic,,Male,White,465297,2022-01-05 21:23:27,
152,observational_left,0,18,37,Non-Hispanic,,Male,White,465297,2022-01-05 21:23:27,
152,observational_left,1,13,37,Non-Hispanic,,Male,White,465297,2022-01-05 21:23:27,
152,observational_left,0,16,37,Non-Hispanic,,Male,White,465297,2022-01-05 21:23:27,
152,observational_left,0,22,37,Non-Hispanic,,Male,White,465297,2022-01-05 21:23:27,
152,observational_left,0,10,37,Non-Hispanic,,Male,White,465297,2022-01-05 21:23:27,
152,observational_left,1,21,37,Non-Hispanic,,Male,White,465297,2022-01-05 21:23:27,
152,observational_left,1,7,37,Non-Hispanic,,Male,White,465297,2022-01-05 21:23:27,
152,observational_left,0,20,37,Non-Hispanic,,Male,White,465297,2022-01-05 21:23:27,
152,observational_left,1,9,37,Non-Hispanic,,Male,White,465297,2022-01-05 21:23:27,
196,observational_left,0,1,38,Non-Hispanic,,Male,White,1132633,2022-01-05 22:19:11,
196,observational_left,0,2,38,Non-Hispanic,,Male,White,1132633,2022-01-05 22:19:11,
196,observational_left,0,22,38,Non-Hispanic,,Male,White,1132633,2022-01-05 22:19:11,
196,observational_left,0,19,38,Non-Hispanic,,Male,White,1132633,2022-01-05 22:19:11,
196,observational_left,0,6,38,Non-Hispanic,,Male,White,1132633,2022-01-05 22:19:11,
196,observational_left,0,18,38,Non-Hispanic,,Male,White,1132633,2022-01-05 22:19:11,
196,observational_left,0,20,38,Non-Hispanic,,Male,White,1132633,2022-01-05 22:19:11,
196,observational_left,0,21,38,Non-Hispanic,,Male,White,1132633,2022-01-05 22:19:11,
196,observational_left,0,9,38,Non-Hispanic,,Male,White,1132633,2022-01-05 22:19:11,
196,observational_left,0,3,38,Non-Hispanic,,Male,White,1132633,2022-01-05 22:19:11,
196,observational_left,0,8,38,Non-Hispanic,,Male,White,1132633,2022-01-05 22:19:11,
196,observational_left,1,7,38,Non-Hispanic,,Male,White,1132633,2022-01-05 22:19:11,
196,observational_left,1,12,38,Non-Hispanic,,Male,White,1132633,2022-01-05 22:19:11,
196,observational_left,1,11,38,Non-Hispanic,,Male,White,1132633,2022-01-05 22:19:11,
196,observational_left,1,13,38,Non-Hispanic,,Male,White,1132633,2022-01-05 22:19:11,
196,observational_left,1,15,38,Non-Hispanic,,Male,White,1132633,2022-01-05 22:19:11,
196,observational_left,1,10,38,Non-Hispanic,,Male,White,1132633,2022-01-05 22:19:11,
196,observational_left,0,14,38,Non-Hispanic,,Male,White,1132633,2022-01-05 22:19:11,
196,observational_left,1,5,38,Non-Hispanic,,Male,White,1132633,2022-01-05 22:19:11,
196,observational_left,0,4,38,Non-Hispanic,,Male,White,1132633,2022-01-05 22:19:11,
196,observational_left,0,16,38,Non-Hispanic,,Male,White,1132633,2022-01-05 22:19:11,
196,observational_left,1,17,38,Non-Hispanic,,Male,White,1132633,2022-01-05 22:19:11,
137,observational_left,1,1,35,Non-Hispanic,"if more people returned with the flyer, i handed them one",,White,529911,2022-01-05 21:19:53,
137,observational_left,0,2,35,Non-Hispanic,"if more people returned with the flyer, i handed them one",,White,529911,2022-01-05 21:19:53,
137,observational_left,0,19,35,Non-Hispanic,"if more people returned with the flyer, i handed them one",,White,529911,2022-01-05 21:19:53,
137,observational_left,1,11,35,Non-Hispanic,"if more people returned with the flyer, i handed them one",,White,529911,2022-01-05 21:19:53,
137,observational_left,1,10,35,Non-Hispanic,"if more people returned with the flyer, i handed them one",,White,529911,2022-01-05 21:19:53,
137,observational_left,1,6,35,Non-Hispanic,"if more people returned with the flyer, i handed them one",,White,529911,2022-01-05 21:19:53,
137,observational_left,1,13,35,Non-Hispanic,"if more people returned with the flyer, i handed them one",,White,529911,2022-01-05 21:19:53,
137,observational_left,1,16,35,Non-Hispanic,"if more people returned with the flyer, i handed them one",,White,529911,2022-01-05 21:19:53,
137,observational_left,1,3,35,Non-Hispanic,"if more people returned with the flyer, i handed them one",,White,529911,2022-01-05 21:19:53,
137,observational_left,1,21,35,Non-Hispanic,"if more people returned with the flyer, i handed them one",,White,529911,2022-01-05 21:19:53,
137,observational_left,0,14,35,Non-Hispanic,"if more people returned with the flyer, i handed them one",,White,529911,2022-01-05 21:19:53,
137,observational_left,0,7,35,Non-Hispanic,"if more people returned with the flyer, i handed them one",,White,529911,2022-01-05 21:19:53,
137,observational_left,1,18,35,Non-Hispanic,"if more people returned with the flyer, i handed them one",,White,529911,2022-01-05 21:19:53,
137,observational_left,0,4,35,Non-Hispanic,"if more people returned with the flyer, i handed them one",,White,529911,2022-01-05 21:19:53,
137,observational_left,1,12,35,Non-Hispanic,"if more people returned with the flyer, i handed them one",,White,529911,2022-01-05 21:19:53,
137,observational_left,1,20,35,Non-Hispanic,"if more people returned with the flyer, i handed them one",,White,529911,2022-01-05 21:19:53,
137,observational_left,0,17,35,Non-Hispanic,"if more people returned with the flyer, i handed them one",,White,529911,2022-01-05 21:19:53,
137,observational_left,1,15,35,Non-Hispanic,"if more people returned with the flyer, i handed them one",,White,529911,2022-01-05 21:19:53,
137,observational_left,1,9,35,Non-Hispanic,"if more people returned with the flyer, i handed them one",,White,529911,2022-01-05 21:19:53,
137,observational_left,0,5,35,Non-Hispanic,"if more people returned with the flyer, i handed them one",,White,529911,2022-01-05 21:19:53,
137,observational_left,0,8,35,Non-Hispanic,"if more people returned with the flyer, i handed them one",,White,529911,2022-01-05 21:19:53,
137,observational_left,1,22,35,Non-Hispanic,"if more people returned with the flyer, i handed them one",,White,529911,2022-01-05 21:19:53,
179,observational_left,1,1,22,Hispanic,"If the data showed that people were more likely to see the movie with the flyer, whether obtainable or handed out, then I chose to give the flyer out. Otherwise, if it was equal or unlikely for them to return based on data, I usually chose not to give them the flyer.",Female,White,896229,2022-01-05 21:35:29,
179,observational_left,0,2,22,Hispanic,"If the data showed that people were more likely to see the movie with the flyer, whether obtainable or handed out, then I chose to give the flyer out. Otherwise, if it was equal or unlikely for them to return based on data, I usually chose not to give them the flyer.",Female,White,896229,2022-01-05 21:35:29,
179,observational_left,1,5,22,Hispanic,"If the data showed that people were more likely to see the movie with the flyer, whether obtainable or handed out, then I chose to give the flyer out. Otherwise, if it was equal or unlikely for them to return based on data, I usually chose not to give them the flyer.",Female,White,896229,2022-01-05 21:35:29,
179,observational_left,1,18,22,Hispanic,"If the data showed that people were more likely to see the movie with the flyer, whether obtainable or handed out, then I chose to give the flyer out. Otherwise, if it was equal or unlikely for them to return based on data, I usually chose not to give them the flyer.",Female,White,896229,2022-01-05 21:35:29,
179,observational_left,1,15,22,Hispanic,"If the data showed that people were more likely to see the movie with the flyer, whether obtainable or handed out, then I chose to give the flyer out. Otherwise, if it was equal or unlikely for them to return based on data, I usually chose not to give them the flyer.",Female,White,896229,2022-01-05 21:35:29,
179,observational_left,0,4,22,Hispanic,"If the data showed that people were more likely to see the movie with the flyer, whether obtainable or handed out, then I chose to give the flyer out. Otherwise, if it was equal or unlikely for them to return based on data, I usually chose not to give them the flyer.",Female,White,896229,2022-01-05 21:35:29,
179,observational_left,1,20,22,Hispanic,"If the data showed that people were more likely to see the movie with the flyer, whether obtainable or handed out, then I chose to give the flyer out. Otherwise, if it was equal or unlikely for them to return based on data, I usually chose not to give them the flyer.",Female,White,896229,2022-01-05 21:35:29,
179,observational_left,1,16,22,Hispanic,"If the data showed that people were more likely to see the movie with the flyer, whether obtainable or handed out, then I chose to give the flyer out. Otherwise, if it was equal or unlikely for them to return based on data, I usually chose not to give them the flyer.",Female,White,896229,2022-01-05 21:35:29,
179,observational_left,1,7,22,Hispanic,"If the data showed that people were more likely to see the movie with the flyer, whether obtainable or handed out, then I chose to give the flyer out. Otherwise, if it was equal or unlikely for them to return based on data, I usually chose not to give them the flyer.",Female,White,896229,2022-01-05 21:35:29,
179,observational_left,0,8,22,Hispanic,"If the data showed that people were more likely to see the movie with the flyer, whether obtainable or handed out, then I chose to give the flyer out. Otherwise, if it was equal or unlikely for them to return based on data, I usually chose not to give them the flyer.",Female,White,896229,2022-01-05 21:35:29,
179,observational_left,1,3,22,Hispanic,"If the data showed that people were more likely to see the movie with the flyer, whether obtainable or handed out, then I chose to give the flyer out. Otherwise, if it was equal or unlikely for them to return based on data, I usually chose not to give them the flyer.",Female,White,896229,2022-01-05 21:35:29,
179,observational_left,1,21,22,Hispanic,"If the data showed that people were more likely to see the movie with the flyer, whether obtainable or handed out, then I chose to give the flyer out. Otherwise, if it was equal or unlikely for them to return based on data, I usually chose not to give them the flyer.",Female,White,896229,2022-01-05 21:35:29,
179,observational_left,0,14,22,Hispanic,"If the data showed that people were more likely to see the movie with the flyer, whether obtainable or handed out, then I chose to give the flyer out. Otherwise, if it was equal or unlikely for them to return based on data, I usually chose not to give them the flyer.",Female,White,896229,2022-01-05 21:35:29,
179,observational_left,1,9,22,Hispanic,"If the data showed that people were more likely to see the movie with the flyer, whether obtainable or handed out, then I chose to give the flyer out. Otherwise, if it was equal or unlikely for them to return based on data, I usually chose not to give them the flyer.",Female,White,896229,2022-01-05 21:35:29,
179,observational_left,1,10,22,Hispanic,"If the data showed that people were more likely to see the movie with the flyer, whether obtainable or handed out, then I chose to give the flyer out. Otherwise, if it was equal or unlikely for them to return based on data, I usually chose not to give them the flyer.",Female,White,896229,2022-01-05 21:35:29,
179,observational_left,1,17,22,Hispanic,"If the data showed that people were more likely to see the movie with the flyer, whether obtainable or handed out, then I chose to give the flyer out. Otherwise, if it was equal or unlikely for them to return based on data, I usually chose not to give them the flyer.",Female,White,896229,2022-01-05 21:35:29,
179,observational_left,1,22,22,Hispanic,"If the data showed that people were more likely to see the movie with the flyer, whether obtainable or handed out, then I chose to give the flyer out. Otherwise, if it was equal or unlikely for them to return based on data, I usually chose not to give them the flyer.",Female,White,896229,2022-01-05 21:35:29,
179,observational_left,1,11,22,Hispanic,"If the data showed that people were more likely to see the movie with the flyer, whether obtainable or handed out, then I chose to give the flyer out. Otherwise, if it was equal or unlikely for them to return based on data, I usually chose not to give them the flyer.",Female,White,896229,2022-01-05 21:35:29,
179,observational_left,1,13,22,Hispanic,"If the data showed that people were more likely to see the movie with the flyer, whether obtainable or handed out, then I chose to give the flyer out. Otherwise, if it was equal or unlikely for them to return based on data, I usually chose not to give them the flyer.",Female,White,896229,2022-01-05 21:35:29,
179,observational_left,1,19,22,Hispanic,"If the data showed that people were more likely to see the movie with the flyer, whether obtainable or handed out, then I chose to give the flyer out. Otherwise, if it was equal or unlikely for them to return based on data, I usually chose not to give them the flyer.",Female,White,896229,2022-01-05 21:35:29,
179,observational_left,1,12,22,Hispanic,"If the data showed that people were more likely to see the movie with the flyer, whether obtainable or handed out, then I chose to give the flyer out. Otherwise, if it was equal or unlikely for them to return based on data, I usually chose not to give them the flyer.",Female,White,896229,2022-01-05 21:35:29,
179,observational_left,1,6,22,Hispanic,"If the data showed that people were more likely to see the movie with the flyer, whether obtainable or handed out, then I chose to give the flyer out. Otherwise, if it was equal or unlikely for them to return based on data, I usually chose not to give them the flyer.",Female,White,896229,2022-01-05 21:35:29,
168,observational_left,0,1,25,Non-Hispanic,Didn't want to waste 50 cents if it looked like half or more of people who didn't get a flyer saw the movie anyway. ,Female,White,587358,2022-01-05 21:28:59,
168,observational_left,0,2,25,Non-Hispanic,Didn't want to waste 50 cents if it looked like half or more of people who didn't get a flyer saw the movie anyway. ,Female,White,587358,2022-01-05 21:28:59,
168,observational_left,1,10,25,Non-Hispanic,Didn't want to waste 50 cents if it looked like half or more of people who didn't get a flyer saw the movie anyway. ,Female,White,587358,2022-01-05 21:28:59,
168,observational_left,0,7,25,Non-Hispanic,Didn't want to waste 50 cents if it looked like half or more of people who didn't get a flyer saw the movie anyway. ,Female,White,587358,2022-01-05 21:28:59,
168,observational_left,0,8,25,Non-Hispanic,Didn't want to waste 50 cents if it looked like half or more of people who didn't get a flyer saw the movie anyway. ,Female,White,587358,2022-01-05 21:28:59,
168,observational_left,0,5,25,Non-Hispanic,Didn't want to waste 50 cents if it looked like half or more of people who didn't get a flyer saw the movie anyway. ,Female,White,587358,2022-01-05 21:28:59,
168,observational_left,0,19,25,Non-Hispanic,Didn't want to waste 50 cents if it looked like half or more of people who didn't get a flyer saw the movie anyway. ,Female,White,587358,2022-01-05 21:28:59,
168,observational_left,1,16,25,Non-Hispanic,Didn't want to waste 50 cents if it looked like half or more of people who didn't get a flyer saw the movie anyway. ,Female,White,587358,2022-01-05 21:28:59,
168,observational_left,0,14,25,Non-Hispanic,Didn't want to waste 50 cents if it looked like half or more of people who didn't get a flyer saw the movie anyway. ,Female,White,587358,2022-01-05 21:28:59,
168,observational_left,0,15,25,Non-Hispanic,Didn't want to waste 50 cents if it looked like half or more of people who didn't get a flyer saw the movie anyway. ,Female,White,587358,2022-01-05 21:28:59,
168,observational_left,0,17,25,Non-Hispanic,Didn't want to waste 50 cents if it looked like half or more of people who didn't get a flyer saw the movie anyway. ,Female,White,587358,2022-01-05 21:28:59,
168,observational_left,0,12,25,Non-Hispanic,Didn't want to waste 50 cents if it looked like half or more of people who didn't get a flyer saw the movie anyway. ,Female,White,587358,2022-01-05 21:28:59,
168,observational_left,0,20,25,Non-Hispanic,Didn't want to waste 50 cents if it looked like half or more of people who didn't get a flyer saw the movie anyway. ,Female,White,587358,2022-01-05 21:28:59,
168,observational_left,0,21,25,Non-Hispanic,Didn't want to waste 50 cents if it looked like half or more of people who didn't get a flyer saw the movie anyway. ,Female,White,587358,2022-01-05 21:28:59,
168,observational_left,1,4,25,Non-Hispanic,Didn't want to waste 50 cents if it looked like half or more of people who didn't get a flyer saw the movie anyway. ,Female,White,587358,2022-01-05 21:28:59,
168,observational_left,0,3,25,Non-Hispanic,Didn't want to waste 50 cents if it looked like half or more of people who didn't get a flyer saw the movie anyway. ,Female,White,587358,2022-01-05 21:28:59,
168,observational_left,0,9,25,Non-Hispanic,Didn't want to waste 50 cents if it looked like half or more of people who didn't get a flyer saw the movie anyway. ,Female,White,587358,2022-01-05 21:28:59,
168,observational_left,1,22,25,Non-Hispanic,Didn't want to waste 50 cents if it looked like half or more of people who didn't get a flyer saw the movie anyway. ,Female,White,587358,2022-01-05 21:28:59,
168,observational_left,0,11,25,Non-Hispanic,Didn't want to waste 50 cents if it looked like half or more of people who didn't get a flyer saw the movie anyway. ,Female,White,587358,2022-01-05 21:28:59,
168,observational_left,0,13,25,Non-Hispanic,Didn't want to waste 50 cents if it looked like half or more of people who didn't get a flyer saw the movie anyway. ,Female,White,587358,2022-01-05 21:28:59,
168,observational_left,0,6,25,Non-Hispanic,Didn't want to waste 50 cents if it looked like half or more of people who didn't get a flyer saw the movie anyway. ,Female,White,587358,2022-01-05 21:28:59,
168,observational_left,0,18,25,Non-Hispanic,Didn't want to waste 50 cents if it looked like half or more of people who didn't get a flyer saw the movie anyway. ,Female,White,587358,2022-01-05 21:28:59,
