workerid,proliferate.condition,flyer,pydox,pydoxp,pyx,pyxp,rt,time_elapsed,trial,trial_index,participants.age,participants.ethnicity,participants.feedback,participants.gender,participants.race,participants.time,participants.timestamp,error
1666,experimental_left,1,5,4,10,0,17698.299999952316,561416,1,8,47,Non-Hispanic,Whether more people saw the movie after seeing the flyer.,Male,White,927348,2023-04-04 16:10:11,
1666,experimental_left,0,5,5,0,10,13144.400000095367,589622,2,12,47,Non-Hispanic,Whether more people saw the movie after seeing the flyer.,Male,White,927348,2023-04-04 16:10:11,
1666,experimental_left,0,6,5,10,10,31701.800000190735,632127,10,15,47,Non-Hispanic,Whether more people saw the movie after seeing the flyer.,Male,White,927348,2023-04-04 16:10:11,
1666,experimental_left,0,6,5,2,10,11968.100000143051,647812,8,17,47,Non-Hispanic,Whether more people saw the movie after seeing the flyer.,Male,White,927348,2023-04-04 16:10:11,
1666,experimental_left,0,7,5,4,10,14344.600000143051,667066,14,19,47,Non-Hispanic,Whether more people saw the movie after seeing the flyer.,Male,White,927348,2023-04-04 16:10:11,
1666,experimental_left,1,6,5,2,0,19141.299999952316,689146,7,21,47,Non-Hispanic,Whether more people saw the movie after seeing the flyer.,Male,White,927348,2023-04-04 16:10:11,
1666,experimental_left,1,7,5,10,0,11909.200000047684,703603,15,23,47,Non-Hispanic,Whether more people saw the movie after seeing the flyer.,Male,White,927348,2023-04-04 16:10:11,
1666,experimental_left,1,6,5,10,0,11103.300000190737,717698,9,25,47,Non-Hispanic,Whether more people saw the movie after seeing the flyer.,Male,White,927348,2023-04-04 16:10:11,
1666,experimental_left,0,7,5,10,10,9395.299999952316,729940,16,27,47,Non-Hispanic,Whether more people saw the movie after seeing the flyer.,Male,White,927348,2023-04-04 16:10:11,
1666,experimental_left,1,6,4,10,0,9716.5,741686,12,29,47,Non-Hispanic,Whether more people saw the movie after seeing the flyer.,Male,White,927348,2023-04-04 16:10:11,
1666,experimental_left,1,5,3,10,0,10991.900000095367,754910,18,31,47,Non-Hispanic,Whether more people saw the movie after seeing the flyer.,Male,White,927348,2023-04-04 16:10:11,
1666,experimental_left,1,7,5,4,0,13276,770443,13,33,47,Non-Hispanic,Whether more people saw the movie after seeing the flyer.,Male,White,927348,2023-04-04 16:10:11,
1666,experimental_left,1,6,4,2,0,10236.599999904633,782667,11,35,47,Non-Hispanic,Whether more people saw the movie after seeing the flyer.,Male,White,927348,2023-04-04 16:10:11,
1666,experimental_left,1,5,5,10,0,10503.700000047684,794866,3,37,47,Non-Hispanic,Whether more people saw the movie after seeing the flyer.,Male,White,927348,2023-04-04 16:10:11,
1666,experimental_left,1,7,3,10,6,11539.200000047684,808426,22,39,47,Non-Hispanic,Whether more people saw the movie after seeing the flyer.,Male,White,927348,2023-04-04 16:10:11,
1666,experimental_left,0,5,3,0,0,10441.399999856949,821043,17,41,47,Non-Hispanic,Whether more people saw the movie after seeing the flyer.,Male,White,927348,2023-04-04 16:10:11,
1666,experimental_left,0,5,4,0,0,9033.200000047684,832100,5,43,47,Non-Hispanic,Whether more people saw the movie after seeing the flyer.,Male,White,927348,2023-04-04 16:10:11,
1666,experimental_left,1,5,2,10,0,8267.800000190735,842285,20,45,47,Non-Hispanic,Whether more people saw the movie after seeing the flyer.,Male,White,927348,2023-04-04 16:10:11,
1666,experimental_left,0,5,5,0,0,7937.799999952316,852522,6,47,47,Non-Hispanic,Whether more people saw the movie after seeing the flyer.,Male,White,927348,2023-04-04 16:10:11,
1666,experimental_left,1,7,3,10,0,8847.299999952316,864187,21,49,47,Non-Hispanic,Whether more people saw the movie after seeing the flyer.,Male,White,927348,2023-04-04 16:10:11,
1666,experimental_left,0,5,5,10,10,9685.599999904633,876143,4,51,47,Non-Hispanic,Whether more people saw the movie after seeing the flyer.,Male,White,927348,2023-04-04 16:10:11,
1666,experimental_left,1,5,2,0,0,11518.700000047684,889591,19,53,47,Non-Hispanic,Whether more people saw the movie after seeing the flyer.,Male,White,927348,2023-04-04 16:10:11,
1680,experimental_left,1,5,4,10,0,27870.900000035763,490936,1,8,56,Non-Hispanic,How many went with or without a flyer. Thank you for the opportunity to participate in this study,Female,White,979277,2023-04-04 16:21:51,
1680,experimental_left,0,5,5,0,10,17040.69999998808,529112,2,12,56,Non-Hispanic,How many went with or without a flyer. Thank you for the opportunity to participate in this study,Female,White,979277,2023-04-04 16:21:51,
1680,experimental_left,1,7,5,10,10,24040.5,566564,16,15,56,Non-Hispanic,How many went with or without a flyer. Thank you for the opportunity to participate in this study,Female,White,979277,2023-04-04 16:21:51,
1680,experimental_left,0,5,4,0,0,13495.69999998808,583821,5,17,56,Non-Hispanic,How many went with or without a flyer. Thank you for the opportunity to participate in this study,Female,White,979277,2023-04-04 16:21:51,
1680,experimental_left,1,6,4,2,0,19277.5,607418,11,19,56,Non-Hispanic,How many went with or without a flyer. Thank you for the opportunity to participate in this study,Female,White,979277,2023-04-04 16:21:51,
1680,experimental_left,1,7,3,10,0,22500.10000002384,632241,21,21,56,Non-Hispanic,How many went with or without a flyer. Thank you for the opportunity to participate in this study,Female,White,979277,2023-04-04 16:21:51,
1680,experimental_left,1,7,5,10,0,16241.399999976158,651378,15,23,56,Non-Hispanic,How many went with or without a flyer. Thank you for the opportunity to participate in this study,Female,White,979277,2023-04-04 16:21:51,
1680,experimental_left,1,7,5,4,0,21040,675951,13,25,56,Non-Hispanic,How many went with or without a flyer. Thank you for the opportunity to participate in this study,Female,White,979277,2023-04-04 16:21:51,
1680,experimental_left,0,6,5,2,10,16761.399999976158,694774,8,27,56,Non-Hispanic,How many went with or without a flyer. Thank you for the opportunity to participate in this study,Female,White,979277,2023-04-04 16:21:51,
1680,experimental_left,0,5,2,0,0,15437.200000047684,713424,19,29,56,Non-Hispanic,How many went with or without a flyer. Thank you for the opportunity to participate in this study,Female,White,979277,2023-04-04 16:21:51,
1680,experimental_left,1,6,4,10,0,13229.700000047684,728526,12,31,56,Non-Hispanic,How many went with or without a flyer. Thank you for the opportunity to participate in this study,Female,White,979277,2023-04-04 16:21:51,
1680,experimental_left,1,6,5,2,0,14155,745320,7,33,56,Non-Hispanic,How many went with or without a flyer. Thank you for the opportunity to participate in this study,Female,White,979277,2023-04-04 16:21:51,
1680,experimental_left,1,5,5,10,0,11462.399999976158,761939,3,35,56,Non-Hispanic,How many went with or without a flyer. Thank you for the opportunity to participate in this study,Female,White,979277,2023-04-04 16:21:51,
1680,experimental_left,0,5,5,10,10,11381.099999964235,775363,4,37,56,Non-Hispanic,How many went with or without a flyer. Thank you for the opportunity to participate in this study,Female,White,979277,2023-04-04 16:21:51,
1680,experimental_left,1,5,2,10,0,14477.5,794910,20,39,56,Non-Hispanic,How many went with or without a flyer. Thank you for the opportunity to participate in this study,Female,White,979277,2023-04-04 16:21:51,
1680,experimental_left,0,5,3,0,0,11636.19999998808,810607,17,41,56,Non-Hispanic,How many went with or without a flyer. Thank you for the opportunity to participate in this study,Female,White,979277,2023-04-04 16:21:51,
1680,experimental_left,1,6,5,10,0,16096,830026,9,43,56,Non-Hispanic,How many went with or without a flyer. Thank you for the opportunity to participate in this study,Female,White,979277,2023-04-04 16:21:51,
1680,experimental_left,1,5,3,10,0,11422.100000023842,845387,18,45,56,Non-Hispanic,How many went with or without a flyer. Thank you for the opportunity to participate in this study,Female,White,979277,2023-04-04 16:21:51,
1680,experimental_left,0,5,5,0,0,10281.899999976158,857250,6,47,56,Non-Hispanic,How many went with or without a flyer. Thank you for the opportunity to participate in this study,Female,White,979277,2023-04-04 16:21:51,
1680,experimental_left,1,6,5,10,10,24690.5,883941,10,49,56,Non-Hispanic,How many went with or without a flyer. Thank you for the opportunity to participate in this study,Female,White,979277,2023-04-04 16:21:51,
1680,experimental_left,0,7,5,4,10,19635.5,906410,14,51,56,Non-Hispanic,How many went with or without a flyer. Thank you for the opportunity to participate in this study,Female,White,979277,2023-04-04 16:21:51,
1680,experimental_left,1,7,3,10,6,20605.5,929793,22,53,56,Non-Hispanic,How many went with or without a flyer. Thank you for the opportunity to participate in this study,Female,White,979277,2023-04-04 16:21:51,
1676,experimental_left,1,5,4,10,0,34335.90000009537,1164852,1,13,38,Hispanic,I tried to balance out the likelihood of attending a showing with the change of factors from round to round,Male,White,2253571,2023-04-04 16:36:35,
1676,experimental_left,0,5,5,0,10,16727.099999904633,1199460,2,17,38,Hispanic,I tried to balance out the likelihood of attending a showing with the change of factors from round to round,Male,White,2253571,2023-04-04 16:36:35,
1676,experimental_left,0,5,5,5,5,33719.89999997616,1240469,6,20,38,Hispanic,I tried to balance out the likelihood of attending a showing with the change of factors from round to round,Male,White,2253571,2023-04-04 16:36:35,
1676,experimental_left,1,7,5,10,0,17263.099999904633,1260836,15,22,38,Hispanic,I tried to balance out the likelihood of attending a showing with the change of factors from round to round,Male,White,2253571,2023-04-04 16:36:35,
1676,experimental_left,1,7,5,4,0,17551,1280748,13,24,38,Hispanic,I tried to balance out the likelihood of attending a showing with the change of factors from round to round,Male,White,2253571,2023-04-04 16:36:35,
1676,experimental_left,0,6,4,10,10,16981.399999976158,1300884,10,26,38,Hispanic,I tried to balance out the likelihood of attending a showing with the change of factors from round to round,Male,White,2253571,2023-04-04 16:36:35,
1676,experimental_left,0,6,5,10,0,17030.600000023842,1322099,9,28,38,Hispanic,I tried to balance out the likelihood of attending a showing with the change of factors from round to round,Male,White,2253571,2023-04-04 16:36:35,
1676,experimental_left,0,5,3,0,0,15766.800000071526,1339691,17,30,38,Hispanic,I tried to balance out the likelihood of attending a showing with the change of factors from round to round,Male,White,2253571,2023-04-04 16:36:35,
1676,experimental_left,0,6,5,2,10,14662.199999928474,1356931,8,32,38,Hispanic,I tried to balance out the likelihood of attending a showing with the change of factors from round to round,Male,White,2253571,2023-04-04 16:36:35,
1676,experimental_left,0,6,2,4,0,15446.099999904633,1374747,11,34,38,Hispanic,I tried to balance out the likelihood of attending a showing with the change of factors from round to round,Male,White,2253571,2023-04-04 16:36:35,
1676,experimental_left,1,5,5,10,0,14862.600000023842,1391971,3,36,38,Hispanic,I tried to balance out the likelihood of attending a showing with the change of factors from round to round,Male,White,2253571,2023-04-04 16:36:35,
1676,experimental_left,0,6,5,2,0,13238.700000047684,1406627,7,38,38,Hispanic,I tried to balance out the likelihood of attending a showing with the change of factors from round to round,Male,White,2253571,2023-04-04 16:36:35,
1676,experimental_left,1,5,2,10,0,15183.100000023842,1437140,20,40,38,Hispanic,I tried to balance out the likelihood of attending a showing with the change of factors from round to round,Male,White,2253571,2023-04-04 16:36:35,
1676,experimental_left,1,5,3,10,0,114822.10000002384,1558916,18,42,38,Hispanic,I tried to balance out the likelihood of attending a showing with the change of factors from round to round,Male,White,2253571,2023-04-04 16:36:35,
1676,experimental_left,0,5,4,0,0,16967.100000023842,1602732,5,44,38,Hispanic,I tried to balance out the likelihood of attending a showing with the change of factors from round to round,Male,White,2253571,2023-04-04 16:36:35,
1676,experimental_left,1,7,3,10,6,26053.39999997616,1869315,22,46,38,Hispanic,I tried to balance out the likelihood of attending a showing with the change of factors from round to round,Male,White,2253571,2023-04-04 16:36:35,
1676,experimental_left,0,7,5,4,10,149950.10000002384,2022548,14,48,38,Hispanic,I tried to balance out the likelihood of attending a showing with the change of factors from round to round,Male,White,2253571,2023-04-04 16:36:35,
1676,experimental_left,0,5,5,10,10,17182.800000071526,2041691,4,50,38,Hispanic,I tried to balance out the likelihood of attending a showing with the change of factors from round to round,Male,White,2253571,2023-04-04 16:36:35,
1676,experimental_left,1,7,3,10,0,38382.79999995232,2090388,21,52,38,Hispanic,I tried to balance out the likelihood of attending a showing with the change of factors from round to round,Male,White,2253571,2023-04-04 16:36:35,
1676,experimental_left,0,5,2,0,0,25350.60000002384,2117428,19,54,38,Hispanic,I tried to balance out the likelihood of attending a showing with the change of factors from round to round,Male,White,2253571,2023-04-04 16:36:35,
1676,experimental_left,1,6,10,4,0,12950.5,2132212,12,56,38,Hispanic,I tried to balance out the likelihood of attending a showing with the change of factors from round to round,Male,White,2253571,2023-04-04 16:36:35,
1676,experimental_left,0,7,5,10,10,13918.5,2171539,16,58,38,Hispanic,I tried to balance out the likelihood of attending a showing with the change of factors from round to round,Male,White,2253571,2023-04-04 16:36:35,
1668,experimental_left,0,5,4,10,0,14997.5,216764,1,8,29,Non-Hispanic,"This was extremely difficult. I thought I understood what to do, but it was very confusing. ",Male,White,685466,2023-04-04 16:06:33,
1668,experimental_left,1,5,5,0,10,10031.20000000298,240017,2,12,29,Non-Hispanic,"This was extremely difficult. I thought I understood what to do, but it was very confusing. ",Male,White,685466,2023-04-04 16:06:33,
1668,experimental_left,0,7,5,10,0,14413.90000000596,258151,15,15,29,Non-Hispanic,"This was extremely difficult. I thought I understood what to do, but it was very confusing. ",Male,White,685466,2023-04-04 16:06:33,
1668,experimental_left,1,6,4,2,0,11132,272501,11,17,29,Non-Hispanic,"This was extremely difficult. I thought I understood what to do, but it was very confusing. ",Male,White,685466,2023-04-04 16:06:33,
1668,experimental_left,1,6,5,2,0,16447.89999999106,291701,7,19,29,Non-Hispanic,"This was extremely difficult. I thought I understood what to do, but it was very confusing. ",Male,White,685466,2023-04-04 16:06:33,
1668,experimental_left,0,7,5,4,10,18396.5,311634,14,21,29,Non-Hispanic,"This was extremely difficult. I thought I understood what to do, but it was very confusing. ",Male,White,685466,2023-04-04 16:06:33,
1668,experimental_left,0,6,5,10,0,13983.79999999702,327402,9,23,29,Non-Hispanic,"This was extremely difficult. I thought I understood what to do, but it was very confusing. ",Male,White,685466,2023-04-04 16:06:33,
1668,experimental_left,1,5,3,0,0,7631.5,336284,17,25,29,Non-Hispanic,"This was extremely difficult. I thought I understood what to do, but it was very confusing. ",Male,White,685466,2023-04-04 16:06:33,
1668,experimental_left,0,5,4,0,0,13031.59999999404,351218,5,27,29,Non-Hispanic,"This was extremely difficult. I thought I understood what to do, but it was very confusing. ",Male,White,685466,2023-04-04 16:06:33,
1668,experimental_left,0,5,5,10,10,9714.79999999702,364817,4,29,29,Non-Hispanic,"This was extremely difficult. I thought I understood what to do, but it was very confusing. ",Male,White,685466,2023-04-04 16:06:33,
1668,experimental_left,0,5,2,0,0,7864.29999999702,374334,19,31,29,Non-Hispanic,"This was extremely difficult. I thought I understood what to do, but it was very confusing. ",Male,White,685466,2023-04-04 16:06:33,
1668,experimental_left,0,7,3,10,0,11717.5,387453,21,33,29,Non-Hispanic,"This was extremely difficult. I thought I understood what to do, but it was very confusing. ",Male,White,685466,2023-04-04 16:06:33,
1668,experimental_left,0,6,5,10,10,9863.30000001192,398116,10,35,29,Non-Hispanic,"This was extremely difficult. I thought I understood what to do, but it was very confusing. ",Male,White,685466,2023-04-04 16:06:33,
1668,experimental_left,1,7,5,4,0,9763.59999999404,409299,13,37,29,Non-Hispanic,"This was extremely difficult. I thought I understood what to do, but it was very confusing. ",Male,White,685466,2023-04-04 16:06:33,
1668,experimental_left,0,5,5,10,0,33483.70000000298,443900,3,39,29,Non-Hispanic,"This was extremely difficult. I thought I understood what to do, but it was very confusing. ",Male,White,685466,2023-04-04 16:06:33,
1668,experimental_left,0,7,5,10,10,33148.19999998808,478983,16,41,29,Non-Hispanic,"This was extremely difficult. I thought I understood what to do, but it was very confusing. ",Male,White,685466,2023-04-04 16:06:33,
1668,experimental_left,0,5,3,10,0,9347.5,490016,18,43,29,Non-Hispanic,"This was extremely difficult. I thought I understood what to do, but it was very confusing. ",Male,White,685466,2023-04-04 16:06:33,
1668,experimental_left,1,6,5,2,10,8881.59999999404,500767,8,45,29,Non-Hispanic,"This was extremely difficult. I thought I understood what to do, but it was very confusing. ",Male,White,685466,2023-04-04 16:06:33,
1668,experimental_left,0,6,4,10,0,49184.29999999702,551416,12,47,29,Non-Hispanic,"This was extremely difficult. I thought I understood what to do, but it was very confusing. ",Male,White,685466,2023-04-04 16:06:33,
1668,experimental_left,0,5,5,0,0,7815.5,561333,6,49,29,Non-Hispanic,"This was extremely difficult. I thought I understood what to do, but it was very confusing. ",Male,White,685466,2023-04-04 16:06:33,
1668,experimental_left,0,7,3,10,6,27616,590717,22,51,29,Non-Hispanic,"This was extremely difficult. I thought I understood what to do, but it was very confusing. ",Male,White,685466,2023-04-04 16:06:33,
1668,experimental_left,0,5,2,10,0,12931.09999999404,604933,20,53,29,Non-Hispanic,"This was extremely difficult. I thought I understood what to do, but it was very confusing. ",Male,White,685466,2023-04-04 16:06:33,
1622,experimental_left,1,5,4,10,0,44924,2048575,1,13,34,Non-Hispanic,statistic of the previous result. ,Male,White,2455286,2023-04-04 16:15:14,
1622,experimental_left,0,5,5,0,10,41182,2100464,2,17,34,Non-Hispanic,statistic of the previous result. ,Male,White,2455286,2023-04-04 16:15:14,
1622,experimental_left,1,6,4,10,0,25790,2140319,12,20,34,Non-Hispanic,statistic of the previous result. ,Male,White,2455286,2023-04-04 16:15:14,
1622,experimental_left,1,5,4,0,0,28141,2170194,5,22,34,Non-Hispanic,statistic of the previous result. ,Male,White,2455286,2023-04-04 16:15:14,
1622,experimental_left,0,5,5,10,10,11510,2186840,4,24,34,Non-Hispanic,statistic of the previous result. ,Male,White,2455286,2023-04-04 16:15:14,
1622,experimental_left,1,5,3,10,0,10277,2198742,18,26,34,Non-Hispanic,statistic of the previous result. ,Male,White,2455286,2023-04-04 16:15:14,
1622,experimental_left,1,6,5,10,0,8692,2208726,15,28,34,Non-Hispanic,statistic of the previous result. ,Male,White,2455286,2023-04-04 16:15:14,
1622,experimental_left,1,5,2,0,0,9070,2219160,19,30,34,Non-Hispanic,statistic of the previous result. ,Male,White,2455286,2023-04-04 16:15:14,
1622,experimental_left,1,5,5,10,0,7813,2227982,3,32,34,Non-Hispanic,statistic of the previous result. ,Male,White,2455286,2023-04-04 16:15:14,
1622,experimental_left,1,7,5,10,10,13283,2243661,16,34,34,Non-Hispanic,statistic of the previous result. ,Male,White,2455286,2023-04-04 16:15:14,
1622,experimental_left,1,6,5,2,0,11479,2256230,7,36,34,Non-Hispanic,statistic of the previous result. ,Male,White,2455286,2023-04-04 16:15:14,
1622,experimental_left,0,6,5,10,10,14551,2271768,10,38,34,Non-Hispanic,statistic of the previous result. ,Male,White,2455286,2023-04-04 16:15:14,
1622,experimental_left,1,7,5,4,0,13220,2286022,13,40,34,Non-Hispanic,statistic of the previous result. ,Male,White,2455286,2023-04-04 16:15:14,
1622,experimental_left,1,7,3,10,0,10599,2297574,21,42,34,Non-Hispanic,statistic of the previous result. ,Male,White,2455286,2023-04-04 16:15:14,
1622,experimental_left,0,6,5,2,10,8387,2306869,8,44,34,Non-Hispanic,statistic of the previous result. ,Male,White,2455286,2023-04-04 16:15:14,
1622,experimental_left,0,5,3,0,0,11961,2320569,17,46,34,Non-Hispanic,statistic of the previous result. ,Male,White,2455286,2023-04-04 16:15:14,
1622,experimental_left,0,5,5,0,0,6391,2327749,6,48,34,Non-Hispanic,statistic of the previous result. ,Male,White,2455286,2023-04-04 16:15:14,
1622,experimental_left,0,7,5,4,10,10460,2338959,14,50,34,Non-Hispanic,statistic of the previous result. ,Male,White,2455286,2023-04-04 16:15:14,
1622,experimental_left,1,6,4,2,0,15805,2355551,11,52,34,Non-Hispanic,statistic of the previous result. ,Male,White,2455286,2023-04-04 16:15:14,
1622,experimental_left,1,7,3,10,6,19446,2376214,22,54,34,Non-Hispanic,statistic of the previous result. ,Male,White,2455286,2023-04-04 16:15:14,
1622,experimental_left,1,6,5,10,0,8178,2385571,9,56,34,Non-Hispanic,statistic of the previous result. ,Male,White,2455286,2023-04-04 16:15:14,
1622,experimental_left,1,5,2,10,0,7263,2393567,20,58,34,Non-Hispanic,statistic of the previous result. ,Male,White,2455286,2023-04-04 16:15:14,
1650,experimental_left,0,5,6,10,0,80990.99999999988,1300142,1,13,48,Non-Hispanic,It didn’t seem like the amount of people given or taken the flyer actually influenced whether I should have given the flyer in the choices. It seemed random. ,Female,White,2450759,2023-04-04 16:28:25,
1650,experimental_left,1,5,5,0,10,71395.00000000023,1415381,2,17,48,Non-Hispanic,It didn’t seem like the amount of people given or taken the flyer actually influenced whether I should have given the flyer in the choices. It seemed random. ,Female,White,2450759,2023-04-04 16:28:25,
1650,experimental_left,1,5,8,0,0,59456,1491433,19,20,48,Non-Hispanic,It didn’t seem like the amount of people given or taken the flyer actually influenced whether I should have given the flyer in the choices. It seemed random. ,Female,White,2450759,2023-04-04 16:28:25,
1650,experimental_left,0,7,7,10,4,75458,1570308,22,22,48,Non-Hispanic,It didn’t seem like the amount of people given or taken the flyer actually influenced whether I should have given the flyer in the choices. It seemed random. ,Female,White,2450759,2023-04-04 16:28:25,
1650,experimental_left,0,5,5,10,0,47742,1620303,3,24,48,Non-Hispanic,It didn’t seem like the amount of people given or taken the flyer actually influenced whether I should have given the flyer in the choices. It seemed random. ,Female,White,2450759,2023-04-04 16:28:25,
1650,experimental_left,1,6,6,2,10,45949,1668159,11,26,48,Non-Hispanic,It didn’t seem like the amount of people given or taken the flyer actually influenced whether I should have given the flyer in the choices. It seemed random. ,Female,White,2450759,2023-04-04 16:28:25,
1650,experimental_left,1,7,5,4,10,52395,1723073,14,28,48,Non-Hispanic,It didn’t seem like the amount of people given or taken the flyer actually influenced whether I should have given the flyer in the choices. It seemed random. ,Female,White,2450759,2023-04-04 16:28:25,
1650,experimental_left,1,5,6,0,0,28755,1753782,5,30,48,Non-Hispanic,It didn’t seem like the amount of people given or taken the flyer actually influenced whether I should have given the flyer in the choices. It seemed random. ,Female,White,2450759,2023-04-04 16:28:25,
1650,experimental_left,0,5,5,10,10,30044.000000000233,1787066,4,32,48,Non-Hispanic,It didn’t seem like the amount of people given or taken the flyer actually influenced whether I should have given the flyer in the choices. It seemed random. ,Female,White,2450759,2023-04-04 16:28:25,
1650,experimental_left,0,5,3,10,0,108166.00000000023,1897199,18,34,48,Non-Hispanic,It didn’t seem like the amount of people given or taken the flyer actually influenced whether I should have given the flyer in the choices. It seemed random. ,Female,White,2450759,2023-04-04 16:28:25,
1650,experimental_left,0,5,2,10,0,38646,1938726,20,36,48,Non-Hispanic,It didn’t seem like the amount of people given or taken the flyer actually influenced whether I should have given the flyer in the choices. It seemed random. ,Female,White,2450759,2023-04-04 16:28:25,
1650,experimental_left,1,5,3,0,0,24948,1969259,17,38,48,Non-Hispanic,It didn’t seem like the amount of people given or taken the flyer actually influenced whether I should have given the flyer in the choices. It seemed random. ,Female,White,2450759,2023-04-04 16:28:25,
1650,experimental_left,1,6,5,10,0,37404,2009383,9,40,48,Non-Hispanic,It didn’t seem like the amount of people given or taken the flyer actually influenced whether I should have given the flyer in the choices. It seemed random. ,Female,White,2450759,2023-04-04 16:28:25,
1650,experimental_left,1,7,3,10,0,37100.00000000023,2048503,21,42,48,Non-Hispanic,It didn’t seem like the amount of people given or taken the flyer actually influenced whether I should have given the flyer in the choices. It seemed random. ,Female,White,2450759,2023-04-04 16:28:25,
1650,experimental_left,1,7,5,4,0,39529,2089821,13,44,48,Non-Hispanic,It didn’t seem like the amount of people given or taken the flyer actually influenced whether I should have given the flyer in the choices. It seemed random. ,Female,White,2450759,2023-04-04 16:28:25,
1650,experimental_left,1,6,5,2,10,32372,2124699,8,46,48,Non-Hispanic,It didn’t seem like the amount of people given or taken the flyer actually influenced whether I should have given the flyer in the choices. It seemed random. ,Female,White,2450759,2023-04-04 16:28:25,
1650,experimental_left,0,7,5,10,0,43055,2169610,15,48,48,Non-Hispanic,It didn’t seem like the amount of people given or taken the flyer actually influenced whether I should have given the flyer in the choices. It seemed random. ,Female,White,2450759,2023-04-04 16:28:25,
1650,experimental_left,0,6,4,10,0,31041,2202554,12,50,48,Non-Hispanic,It didn’t seem like the amount of people given or taken the flyer actually influenced whether I should have given the flyer in the choices. It seemed random. ,Female,White,2450759,2023-04-04 16:28:25,
1650,experimental_left,1,5,5,0,0,31878,2236351,6,52,48,Non-Hispanic,It didn’t seem like the amount of people given or taken the flyer actually influenced whether I should have given the flyer in the choices. It seemed random. ,Female,White,2450759,2023-04-04 16:28:25,
1650,experimental_left,0,7,5,10,10,23408,2266777,16,54,48,Non-Hispanic,It didn’t seem like the amount of people given or taken the flyer actually influenced whether I should have given the flyer in the choices. It seemed random. ,Female,White,2450759,2023-04-04 16:28:25,
1650,experimental_left,1,6,5,10,10,31900.000000000233,2300630,10,56,48,Non-Hispanic,It didn’t seem like the amount of people given or taken the flyer actually influenced whether I should have given the flyer in the choices. It seemed random. ,Female,White,2450759,2023-04-04 16:28:25,
1650,experimental_left,1,6,5,2,0,31557.000000000233,2333825,7,58,48,Non-Hispanic,It didn’t seem like the amount of people given or taken the flyer actually influenced whether I should have given the flyer in the choices. It seemed random. ,Female,White,2450759,2023-04-04 16:28:25,
1632,experimental_left,0,5,4,10,0,31749.60000002384,515734,1,8,25,Hispanic,I tried by seeing how many people would go with or without the flyer,Female,White,1022027,2023-04-04 15:59:28,
1632,experimental_left,0,5,5,0,10,26648.69999992847,577452,2,12,25,Hispanic,I tried by seeing how many people would go with or without the flyer,Female,White,1022027,2023-04-04 15:59:28,
1632,experimental_left,1,7,5,10,0,25856.299999952316,615260,15,15,25,Hispanic,I tried by seeing how many people would go with or without the flyer,Female,White,1022027,2023-04-04 15:59:28,
1632,experimental_left,0,6,5,2,0,21737.900000095367,639917,7,17,25,Hispanic,I tried by seeing how many people would go with or without the flyer,Female,White,1022027,2023-04-04 15:59:28,
1632,experimental_left,1,7,3,10,6,20251.10000002384,664914,22,19,25,Hispanic,I tried by seeing how many people would go with or without the flyer,Female,White,1022027,2023-04-04 15:59:28,
1632,experimental_left,1,7,5,10,10,19311.5,687119,16,21,25,Hispanic,I tried by seeing how many people would go with or without the flyer,Female,White,1022027,2023-04-04 15:59:28,
1632,experimental_left,0,5,2,10,0,17344.5,716129,20,23,25,Hispanic,I tried by seeing how many people would go with or without the flyer,Female,White,1022027,2023-04-04 15:59:28,
1632,experimental_left,0,6,4,2,0,14379,731680,11,25,25,Hispanic,I tried by seeing how many people would go with or without the flyer,Female,White,1022027,2023-04-04 15:59:28,
1632,experimental_left,0,5,3,10,0,13752.299999952316,747876,18,27,25,Hispanic,I tried by seeing how many people would go with or without the flyer,Female,White,1022027,2023-04-04 15:59:28,
1632,experimental_left,1,5,5,10,0,13161.600000023842,762030,3,29,25,Hispanic,I tried by seeing how many people would go with or without the flyer,Female,White,1022027,2023-04-04 15:59:28,
1632,experimental_left,1,5,2,0,0,15355.100000023842,778398,19,31,25,Hispanic,I tried by seeing how many people would go with or without the flyer,Female,White,1022027,2023-04-04 15:59:28,
1632,experimental_left,1,7,5,4,0,12050.900000095367,791768,13,33,25,Hispanic,I tried by seeing how many people would go with or without the flyer,Female,White,1022027,2023-04-04 15:59:28,
1632,experimental_left,1,5,3,0,0,13231.399999976158,806924,17,35,25,Hispanic,I tried by seeing how many people would go with or without the flyer,Female,White,1022027,2023-04-04 15:59:28,
1632,experimental_left,0,6,5,10,10,18723.099999904633,826674,10,37,25,Hispanic,I tried by seeing how many people would go with or without the flyer,Female,White,1022027,2023-04-04 15:59:28,
1632,experimental_left,1,5,5,0,0,14471.699999928474,845457,6,39,25,Hispanic,I tried by seeing how many people would go with or without the flyer,Female,White,1022027,2023-04-04 15:59:28,
1632,experimental_left,1,7,3,10,0,20893.700000047684,878753,21,41,25,Hispanic,I tried by seeing how many people would go with or without the flyer,Female,White,1022027,2023-04-04 15:59:28,
1632,experimental_left,0,5,4,0,0,14367.300000071526,894412,5,43,25,Hispanic,I tried by seeing how many people would go with or without the flyer,Female,White,1022027,2023-04-04 15:59:28,
1632,experimental_left,0,6,5,2,10,19944.69999992847,915857,8,45,25,Hispanic,I tried by seeing how many people would go with or without the flyer,Female,White,1022027,2023-04-04 15:59:28,
1632,experimental_left,0,7,5,4,10,18828.69999992847,935761,14,47,25,Hispanic,I tried by seeing how many people would go with or without the flyer,Female,White,1022027,2023-04-04 15:59:28,
1632,experimental_left,1,6,5,10,0,18445.400000095367,955255,9,49,25,Hispanic,I tried by seeing how many people would go with or without the flyer,Female,White,1022027,2023-04-04 15:59:28,
1632,experimental_left,1,5,5,10,10,14887.200000047684,971455,4,51,25,Hispanic,I tried by seeing how many people would go with or without the flyer,Female,White,1022027,2023-04-04 15:59:28,
1632,experimental_left,0,6,4,10,0,12996,988946,12,53,25,Hispanic,I tried by seeing how many people would go with or without the flyer,Female,White,1022027,2023-04-04 15:59:28,
1675,experimental_left,1,5,4,10,0,20187,1406136,1,8,37,Non-Hispanic,"My responses were impacted by the gap between flyers being handed out and available to all, and I tried to hand out flyers only in cases where it seemed extremely probably I would receive a bonus.",Male,White,1830306,2023-04-04 16:29:09,
1675,experimental_left,0,5,5,0,10,19067,1436768,2,12,37,Non-Hispanic,"My responses were impacted by the gap between flyers being handed out and available to all, and I tried to hand out flyers only in cases where it seemed extremely probably I would receive a bonus.",Male,White,1830306,2023-04-04 16:29:09,
1675,experimental_left,1,5,5,0,0,11599,1453410,5,15,37,Non-Hispanic,"My responses were impacted by the gap between flyers being handed out and available to all, and I tried to hand out flyers only in cases where it seemed extremely probably I would receive a bonus.",Male,White,1830306,2023-04-04 16:29:09,
1675,experimental_left,1,5,2,0,0,14174,1473917,19,17,37,Non-Hispanic,"My responses were impacted by the gap between flyers being handed out and available to all, and I tried to hand out flyers only in cases where it seemed extremely probably I would receive a bonus.",Male,White,1830306,2023-04-04 16:29:09,
1675,experimental_left,1,7,5,10,10,15587,1490875,16,19,37,Non-Hispanic,"My responses were impacted by the gap between flyers being handed out and available to all, and I tried to hand out flyers only in cases where it seemed extremely probably I would receive a bonus.",Male,White,1830306,2023-04-04 16:29:09,
1675,experimental_left,1,6,4,2,0,13404,1513514,11,21,37,Non-Hispanic,"My responses were impacted by the gap between flyers being handed out and available to all, and I tried to hand out flyers only in cases where it seemed extremely probably I would receive a bonus.",Male,White,1830306,2023-04-04 16:29:09,
1675,experimental_left,1,6,5,2,0,20355,1536613,7,23,37,Non-Hispanic,"My responses were impacted by the gap between flyers being handed out and available to all, and I tried to hand out flyers only in cases where it seemed extremely probably I would receive a bonus.",Male,White,1830306,2023-04-04 16:29:09,
1675,experimental_left,1,5,2,10,0,10479,1548872,20,25,37,Non-Hispanic,"My responses were impacted by the gap between flyers being handed out and available to all, and I tried to hand out flyers only in cases where it seemed extremely probably I would receive a bonus.",Male,White,1830306,2023-04-04 16:29:09,
1675,experimental_left,0,6,5,2,10,10652,1560507,8,27,37,Non-Hispanic,"My responses were impacted by the gap between flyers being handed out and available to all, and I tried to hand out flyers only in cases where it seemed extremely probably I would receive a bonus.",Male,White,1830306,2023-04-04 16:29:09,
1675,experimental_left,1,7,5,4,0,13464,1578803,13,29,37,Non-Hispanic,"My responses were impacted by the gap between flyers being handed out and available to all, and I tried to hand out flyers only in cases where it seemed extremely probably I would receive a bonus.",Male,White,1830306,2023-04-04 16:29:09,
1675,experimental_left,0,5,5,0,0,8622,1589716,6,31,37,Non-Hispanic,"My responses were impacted by the gap between flyers being handed out and available to all, and I tried to hand out flyers only in cases where it seemed extremely probably I would receive a bonus.",Male,White,1830306,2023-04-04 16:29:09,
1675,experimental_left,1,6,5,10,0,13974,1604806,9,33,37,Non-Hispanic,"My responses were impacted by the gap between flyers being handed out and available to all, and I tried to hand out flyers only in cases where it seemed extremely probably I would receive a bonus.",Male,White,1830306,2023-04-04 16:29:09,
1675,experimental_left,1,7,3,10,0,14729,1620433,21,35,37,Non-Hispanic,"My responses were impacted by the gap between flyers being handed out and available to all, and I tried to hand out flyers only in cases where it seemed extremely probably I would receive a bonus.",Male,White,1830306,2023-04-04 16:29:09,
1675,experimental_left,1,6,4,10,0,9667,1631097,12,37,37,Non-Hispanic,"My responses were impacted by the gap between flyers being handed out and available to all, and I tried to hand out flyers only in cases where it seemed extremely probably I would receive a bonus.",Male,White,1830306,2023-04-04 16:29:09,
1675,experimental_left,0,6,5,10,10,10305,1642291,10,39,37,Non-Hispanic,"My responses were impacted by the gap between flyers being handed out and available to all, and I tried to hand out flyers only in cases where it seemed extremely probably I would receive a bonus.",Male,White,1830306,2023-04-04 16:29:09,
1675,experimental_left,1,7,3,10,6,10273,1653302,22,41,37,Non-Hispanic,"My responses were impacted by the gap between flyers being handed out and available to all, and I tried to hand out flyers only in cases where it seemed extremely probably I would receive a bonus.",Male,White,1830306,2023-04-04 16:29:09,
1675,experimental_left,0,7,5,4,10,20107,1674094,14,43,37,Non-Hispanic,"My responses were impacted by the gap between flyers being handed out and available to all, and I tried to hand out flyers only in cases where it seemed extremely probably I would receive a bonus.",Male,White,1830306,2023-04-04 16:29:09,
1675,experimental_left,0,5,5,10,10,10814,1685650,4,45,37,Non-Hispanic,"My responses were impacted by the gap between flyers being handed out and available to all, and I tried to hand out flyers only in cases where it seemed extremely probably I would receive a bonus.",Male,White,1830306,2023-04-04 16:29:09,
1675,experimental_left,1,7,5,10,0,8033,1694436,15,47,37,Non-Hispanic,"My responses were impacted by the gap between flyers being handed out and available to all, and I tried to hand out flyers only in cases where it seemed extremely probably I would receive a bonus.",Male,White,1830306,2023-04-04 16:29:09,
1675,experimental_left,1,5,5,10,0,7204,1702459,3,49,37,Non-Hispanic,"My responses were impacted by the gap between flyers being handed out and available to all, and I tried to hand out flyers only in cases where it seemed extremely probably I would receive a bonus.",Male,White,1830306,2023-04-04 16:29:09,
1675,experimental_left,1,5,3,0,0,13188,1716378,17,51,37,Non-Hispanic,"My responses were impacted by the gap between flyers being handed out and available to all, and I tried to hand out flyers only in cases where it seemed extremely probably I would receive a bonus.",Male,White,1830306,2023-04-04 16:29:09,
1675,experimental_left,1,5,3,10,0,5475,1722556,18,53,37,Non-Hispanic,"My responses were impacted by the gap between flyers being handed out and available to all, and I tried to hand out flyers only in cases where it seemed extremely probably I would receive a bonus.",Male,White,1830306,2023-04-04 16:29:09,
1620,experimental_left,1,5,4,10,0,61601.699999809265,893778,1,8,25,Non-Hispanic,"Mostly if the ratio was high enough for the flyer to be effective, though that didn't seem to work every time.",Female,White,1830277,2023-03-29 00:54:26,
1620,experimental_left,0,5,5,0,10,27323.800000190735,980018,2,12,25,Non-Hispanic,"Mostly if the ratio was high enough for the flyer to be effective, though that didn't seem to work every time.",Female,White,1830277,2023-03-29 00:54:26,
1620,experimental_left,0,7,5,10,10,69447.30000019073,1065995,16,15,25,Non-Hispanic,"Mostly if the ratio was high enough for the flyer to be effective, though that didn't seem to work every time.",Female,White,1830277,2023-03-29 00:54:26,
1620,experimental_left,1,7,3,10,6,25676.599999904633,1096410,22,17,25,Non-Hispanic,"Mostly if the ratio was high enough for the flyer to be effective, though that didn't seem to work every time.",Female,White,1830277,2023-03-29 00:54:26,
1620,experimental_left,0,7,5,4,0,68441,1170619,13,19,25,Non-Hispanic,"Mostly if the ratio was high enough for the flyer to be effective, though that didn't seem to work every time.",Female,White,1830277,2023-03-29 00:54:26,
1620,experimental_left,0,5,4,0,0,29222.5,1207919,5,21,25,Non-Hispanic,"Mostly if the ratio was high enough for the flyer to be effective, though that didn't seem to work every time.",Female,White,1830277,2023-03-29 00:54:26,
1620,experimental_left,1,5,2,10,0,43933.7999997139,1260533,20,23,25,Non-Hispanic,"Mostly if the ratio was high enough for the flyer to be effective, though that didn't seem to work every time.",Female,White,1830277,2023-03-29 00:54:26,
1620,experimental_left,0,5,5,10,10,40859.300000190735,1306675,4,25,25,Non-Hispanic,"Mostly if the ratio was high enough for the flyer to be effective, though that didn't seem to work every time.",Female,White,1830277,2023-03-29 00:54:26,
1620,experimental_left,1,5,5,10,0,45041.90000009537,1358734,3,27,25,Non-Hispanic,"Mostly if the ratio was high enough for the flyer to be effective, though that didn't seem to work every time.",Female,White,1830277,2023-03-29 00:54:26,
1620,experimental_left,0,5,3,0,0,20449.400000095367,1389742,17,29,25,Non-Hispanic,"Mostly if the ratio was high enough for the flyer to be effective, though that didn't seem to work every time.",Female,White,1830277,2023-03-29 00:54:26,
1620,experimental_left,0,5,2,0,0,26817.400000095367,1418873,19,31,25,Non-Hispanic,"Mostly if the ratio was high enough for the flyer to be effective, though that didn't seem to work every time.",Female,White,1830277,2023-03-29 00:54:26,
1620,experimental_left,0,7,5,4,10,25337.599999904633,1448580,14,33,25,Non-Hispanic,"Mostly if the ratio was high enough for the flyer to be effective, though that didn't seem to work every time.",Female,White,1830277,2023-03-29 00:54:26,
1620,experimental_left,1,7,4,10,0,27794.199999809265,1481408,12,35,25,Non-Hispanic,"Mostly if the ratio was high enough for the flyer to be effective, though that didn't seem to work every time.",Female,White,1830277,2023-03-29 00:54:26,
1620,experimental_left,0,5,5,0,0,17525.5,1503658,6,37,25,Non-Hispanic,"Mostly if the ratio was high enough for the flyer to be effective, though that didn't seem to work every time.",Female,White,1830277,2023-03-29 00:54:26,
1620,experimental_left,0,7,5,10,10,29031.800000190735,1538602,10,39,25,Non-Hispanic,"Mostly if the ratio was high enough for the flyer to be effective, though that didn't seem to work every time.",Female,White,1830277,2023-03-29 00:54:26,
1620,experimental_left,1,6,5,10,0,20737.5,1563800,9,41,25,Non-Hispanic,"Mostly if the ratio was high enough for the flyer to be effective, though that didn't seem to work every time.",Female,White,1830277,2023-03-29 00:54:26,
1620,experimental_left,1,5,3,10,0,26062.200000286102,1593608,18,43,25,Non-Hispanic,"Mostly if the ratio was high enough for the flyer to be effective, though that didn't seem to work every time.",Female,White,1830277,2023-03-29 00:54:26,
1620,experimental_left,0,6,5,2,10,31661.599999904633,1629437,8,45,25,Non-Hispanic,"Mostly if the ratio was high enough for the flyer to be effective, though that didn't seem to work every time.",Female,White,1830277,2023-03-29 00:54:26,
1620,experimental_left,1,7,3,10,0,30336,1662417,21,47,25,Non-Hispanic,"Mostly if the ratio was high enough for the flyer to be effective, though that didn't seem to work every time.",Female,White,1830277,2023-03-29 00:54:26,
1620,experimental_left,1,7,5,10,0,28593.900000095367,1694164,15,49,25,Non-Hispanic,"Mostly if the ratio was high enough for the flyer to be effective, though that didn't seem to work every time.",Female,White,1830277,2023-03-29 00:54:26,
1620,experimental_left,0,7,5,2,0,31345.300000190735,1730256,7,51,25,Non-Hispanic,"Mostly if the ratio was high enough for the flyer to be effective, though that didn't seem to work every time.",Female,White,1830277,2023-03-29 00:54:26,
1620,experimental_left,0,6,4,2,0,18626,1752071,11,53,25,Non-Hispanic,"Mostly if the ratio was high enough for the flyer to be effective, though that didn't seem to work every time.",Female,White,1830277,2023-03-29 00:54:26,
1640,experimental_left,1,5,4,10,0,90034.39999999106,1053011,1,8,27,Non-Hispanic,I was looking at how many tickets people bought with or without the flyer and based my decisions based on that.,Male,Black/African American,2126940,2023-04-04 16:21:02,
1640,experimental_left,0,5,5,0,10,56536.79999999702,1172805,2,12,27,Non-Hispanic,I was looking at how many tickets people bought with or without the flyer and based my decisions based on that.,Male,Black/African American,2126940,2023-04-04 16:21:02,
1640,experimental_left,1,6,4,2,0,33741,1228951,11,15,27,Non-Hispanic,I was looking at how many tickets people bought with or without the flyer and based my decisions based on that.,Male,Black/African American,2126940,2023-04-04 16:21:02,
1640,experimental_left,1,5,2,0,0,49922.79999999702,1301705,19,17,27,Non-Hispanic,I was looking at how many tickets people bought with or without the flyer and based my decisions based on that.,Male,Black/African American,2126940,2023-04-04 16:21:02,
1640,experimental_left,0,6,5,2,10,38799,1343555,8,19,27,Non-Hispanic,I was looking at how many tickets people bought with or without the flyer and based my decisions based on that.,Male,Black/African American,2126940,2023-04-04 16:21:02,
1640,experimental_left,1,6,4,10,0,56708.40000000596,1415783,12,21,27,Non-Hispanic,I was looking at how many tickets people bought with or without the flyer and based my decisions based on that.,Male,Black/African American,2126940,2023-04-04 16:21:02,
1640,experimental_left,1,7,5,4,10,62601.40000000596,1482222,14,23,27,Non-Hispanic,I was looking at how many tickets people bought with or without the flyer and based my decisions based on that.,Male,Black/African American,2126940,2023-04-04 16:21:02,
1640,experimental_left,0,7,3,10,6,78177.79999999702,1567042,22,25,27,Non-Hispanic,I was looking at how many tickets people bought with or without the flyer and based my decisions based on that.,Male,Black/African American,2126940,2023-04-04 16:21:02,
1640,experimental_left,1,7,3,10,0,33932.19999998808,1610308,21,27,27,Non-Hispanic,I was looking at how many tickets people bought with or without the flyer and based my decisions based on that.,Male,Black/African American,2126940,2023-04-04 16:21:02,
1640,experimental_left,1,6,5,10,10,101825.29999999702,1716975,10,29,27,Non-Hispanic,I was looking at how many tickets people bought with or without the flyer and based my decisions based on that.,Male,Black/African American,2126940,2023-04-04 16:21:02,
1640,experimental_left,0,5,5,10,10,25573.79999999702,1749150,4,31,27,Non-Hispanic,I was looking at how many tickets people bought with or without the flyer and based my decisions based on that.,Male,Black/African American,2126940,2023-04-04 16:21:02,
1640,experimental_left,1,5,4,0,0,32663.30000001192,1786088,5,33,27,Non-Hispanic,I was looking at how many tickets people bought with or without the flyer and based my decisions based on that.,Male,Black/African American,2126940,2023-04-04 16:21:02,
1640,experimental_left,1,6,5,2,0,33745.90000000596,1833656,7,35,27,Non-Hispanic,I was looking at how many tickets people bought with or without the flyer and based my decisions based on that.,Male,Black/African American,2126940,2023-04-04 16:21:02,
1640,experimental_left,1,7,5,4,5,43276.60000000894,1880198,13,37,27,Non-Hispanic,I was looking at how many tickets people bought with or without the flyer and based my decisions based on that.,Male,Black/African American,2126940,2023-04-04 16:21:02,
1640,experimental_left,0,5,3,0,0,17745.90000000596,1901093,17,39,27,Non-Hispanic,I was looking at how many tickets people bought with or without the flyer and based my decisions based on that.,Male,Black/African American,2126940,2023-04-04 16:21:02,
1640,experimental_left,0,5,5,0,0,12729.79999999702,1916487,6,41,27,Non-Hispanic,I was looking at how many tickets people bought with or without the flyer and based my decisions based on that.,Male,Black/African American,2126940,2023-04-04 16:21:02,
1640,experimental_left,1,6,5,10,0,22097.90000000596,1941404,9,43,27,Non-Hispanic,I was looking at how many tickets people bought with or without the flyer and based my decisions based on that.,Male,Black/African American,2126940,2023-04-04 16:21:02,
1640,experimental_left,1,5,2,10,0,19341.70000000298,1963215,20,45,27,Non-Hispanic,I was looking at how many tickets people bought with or without the flyer and based my decisions based on that.,Male,Black/African American,2126940,2023-04-04 16:21:02,
1640,experimental_left,1,5,10,3,0,18183.5,1983374,18,47,27,Non-Hispanic,I was looking at how many tickets people bought with or without the flyer and based my decisions based on that.,Male,Black/African American,2126940,2023-04-04 16:21:02,
1640,experimental_left,1,7,5,10,0,19187.40000000596,2004348,15,49,27,Non-Hispanic,I was looking at how many tickets people bought with or without the flyer and based my decisions based on that.,Male,Black/African American,2126940,2023-04-04 16:21:02,
1640,experimental_left,1,7,5,10,10,16167.60000000894,2022134,16,51,27,Non-Hispanic,I was looking at how many tickets people bought with or without the flyer and based my decisions based on that.,Male,Black/African American,2126940,2023-04-04 16:21:02,
1640,experimental_left,1,5,5,10,0,17185.30000001192,2046902,3,53,27,Non-Hispanic,I was looking at how many tickets people bought with or without the flyer and based my decisions based on that.,Male,Black/African American,2126940,2023-04-04 16:21:02,
1681,experimental_left,1,5,4,10,0,51166.29999999702,1703131,1,8,31,Non-Hispanic,I took into account mostly the impact of having a flyer would have in general,Male,White,3005465,2023-04-04 16:54:10,
1681,experimental_left,0,5,5,0,10,32574,1887407,2,12,31,Non-Hispanic,I took into account mostly the impact of having a flyer would have in general,Male,White,3005465,2023-04-04 16:54:10,
1681,experimental_left,1,5,5,10,0,28554.69999998808,2164964,3,15,31,Non-Hispanic,I took into account mostly the impact of having a flyer would have in general,Male,White,3005465,2023-04-04 16:54:10,
1681,experimental_left,1,7,5,4,0,34425,2209417,13,17,31,Non-Hispanic,I took into account mostly the impact of having a flyer would have in general,Male,White,3005465,2023-04-04 16:54:10,
1681,experimental_left,1,7,3,10,0,37647.89999999106,2259449,21,19,31,Non-Hispanic,I took into account mostly the impact of having a flyer would have in general,Male,White,3005465,2023-04-04 16:54:10,
1681,experimental_left,1,7,3,10,6,38706.5,2304139,22,21,31,Non-Hispanic,I took into account mostly the impact of having a flyer would have in general,Male,White,3005465,2023-04-04 16:54:10,
1681,experimental_left,0,5,5,0,0,19426.29999999702,2325525,6,23,31,Non-Hispanic,I took into account mostly the impact of having a flyer would have in general,Male,White,3005465,2023-04-04 16:54:10,
1681,experimental_left,1,6,5,2,0,31978.29999999702,2361751,7,25,31,Non-Hispanic,I took into account mostly the impact of having a flyer would have in general,Male,White,3005465,2023-04-04 16:54:10,
1681,experimental_left,1,5,4,2,0,244551.89999999103,2615383,11,27,31,Non-Hispanic,I took into account mostly the impact of having a flyer would have in general,Male,White,3005465,2023-04-04 16:54:10,
1681,experimental_left,1,5,3,10,0,17124.5,2657607,18,29,31,Non-Hispanic,I took into account mostly the impact of having a flyer would have in general,Male,White,3005465,2023-04-04 16:54:10,
1681,experimental_left,0,5,5,10,10,66116.60000000894,2726448,4,31,31,Non-Hispanic,I took into account mostly the impact of having a flyer would have in general,Male,White,3005465,2023-04-04 16:54:10,
1681,experimental_left,0,5,4,0,0,25916.59999999404,2757258,5,33,31,Non-Hispanic,I took into account mostly the impact of having a flyer would have in general,Male,White,3005465,2023-04-04 16:54:10,
1681,experimental_left,1,6,5,10,0,25102.40000000596,2784190,9,35,31,Non-Hispanic,I took into account mostly the impact of having a flyer would have in general,Male,White,3005465,2023-04-04 16:54:10,
1681,experimental_left,0,5,3,0,0,11384.29999999702,2797007,17,37,31,Non-Hispanic,I took into account mostly the impact of having a flyer would have in general,Male,White,3005465,2023-04-04 16:54:10,
1681,experimental_left,0,5,2,0,0,13008.70000000298,2811511,19,39,31,Non-Hispanic,I took into account mostly the impact of having a flyer would have in general,Male,White,3005465,2023-04-04 16:54:10,
1681,experimental_left,1,6,4,10,0,13444.5,2830275,12,41,31,Non-Hispanic,I took into account mostly the impact of having a flyer would have in general,Male,White,3005465,2023-04-04 16:54:10,
1681,experimental_left,0,7,5,10,10,25228.59999999404,2856981,16,43,31,Non-Hispanic,I took into account mostly the impact of having a flyer would have in general,Male,White,3005465,2023-04-04 16:54:10,
1681,experimental_left,0,7,5,4,10,26312,2885823,14,45,31,Non-Hispanic,I took into account mostly the impact of having a flyer would have in general,Male,White,3005465,2023-04-04 16:54:10,
1681,experimental_left,0,6,5,10,10,14408.40000000596,2912304,10,47,31,Non-Hispanic,I took into account mostly the impact of having a flyer would have in general,Male,White,3005465,2023-04-04 16:54:10,
1681,experimental_left,1,5,2,10,0,14362.20000000298,2930044,20,49,31,Non-Hispanic,I took into account mostly the impact of having a flyer would have in general,Male,White,3005465,2023-04-04 16:54:10,
1681,experimental_left,1,7,5,10,0,11705.40000000596,2943458,15,51,31,Non-Hispanic,I took into account mostly the impact of having a flyer would have in general,Male,White,3005465,2023-04-04 16:54:10,
1681,experimental_left,0,6,5,2,10,13560.70000000298,2958428,8,53,31,Non-Hispanic,I took into account mostly the impact of having a flyer would have in general,Male,White,3005465,2023-04-04 16:54:10,
1660,experimental_left,1,5,4,10,0,59690,564908,1,8,55,Non-Hispanic,"Generally, I compared the number of people that returned when they received a flyer (either given or obtained) to the number of people that returned when not receiving a flyer, then tried to figure out which had the better odds of someone returning",Male,White,1263197,2023-04-04 16:12:41,
1660,experimental_left,0,5,5,0,10,30444,633907,2,12,55,Non-Hispanic,"Generally, I compared the number of people that returned when they received a flyer (either given or obtained) to the number of people that returned when not receiving a flyer, then tried to figure out which had the better odds of someone returning",Male,White,1263197,2023-04-04 16:12:41,
1660,experimental_left,1,5,2,10,0,21592,667790,20,15,55,Non-Hispanic,"Generally, I compared the number of people that returned when they received a flyer (either given or obtained) to the number of people that returned when not receiving a flyer, then tried to figure out which had the better odds of someone returning",Male,White,1263197,2023-04-04 16:12:41,
1660,experimental_left,1,6,4,2,0,30616,705700,11,17,55,Non-Hispanic,"Generally, I compared the number of people that returned when they received a flyer (either given or obtained) to the number of people that returned when not receiving a flyer, then tried to figure out which had the better odds of someone returning",Male,White,1263197,2023-04-04 16:12:41,
1660,experimental_left,0,6,5,2,0,28211,743335,7,19,55,Non-Hispanic,"Generally, I compared the number of people that returned when they received a flyer (either given or obtained) to the number of people that returned when not receiving a flyer, then tried to figure out which had the better odds of someone returning",Male,White,1263197,2023-04-04 16:12:41,
1660,experimental_left,1,7,3,10,0,12897,760897,21,21,55,Non-Hispanic,"Generally, I compared the number of people that returned when they received a flyer (either given or obtained) to the number of people that returned when not receiving a flyer, then tried to figure out which had the better odds of someone returning",Male,White,1263197,2023-04-04 16:12:41,
1660,experimental_left,0,5,4,0,0,36865,800334,5,23,55,Non-Hispanic,"Generally, I compared the number of people that returned when they received a flyer (either given or obtained) to the number of people that returned when not receiving a flyer, then tried to figure out which had the better odds of someone returning",Male,White,1263197,2023-04-04 16:12:41,
1660,experimental_left,1,6,4,10,0,22455,825372,12,25,55,Non-Hispanic,"Generally, I compared the number of people that returned when they received a flyer (either given or obtained) to the number of people that returned when not receiving a flyer, then tried to figure out which had the better odds of someone returning",Male,White,1263197,2023-04-04 16:12:41,
1660,experimental_left,1,6,5,10,0,13563,841255,9,27,55,Non-Hispanic,"Generally, I compared the number of people that returned when they received a flyer (either given or obtained) to the number of people that returned when not receiving a flyer, then tried to figure out which had the better odds of someone returning",Male,White,1263197,2023-04-04 16:12:41,
1660,experimental_left,0,5,2,0,0,13781,857069,19,29,55,Non-Hispanic,"Generally, I compared the number of people that returned when they received a flyer (either given or obtained) to the number of people that returned when not receiving a flyer, then tried to figure out which had the better odds of someone returning",Male,White,1263197,2023-04-04 16:12:41,
1660,experimental_left,0,5,5,10,10,15623,875526,4,31,55,Non-Hispanic,"Generally, I compared the number of people that returned when they received a flyer (either given or obtained) to the number of people that returned when not receiving a flyer, then tried to figure out which had the better odds of someone returning",Male,White,1263197,2023-04-04 16:12:41,
1660,experimental_left,1,7,5,4,0,14347,893655,13,33,55,Non-Hispanic,"Generally, I compared the number of people that returned when they received a flyer (either given or obtained) to the number of people that returned when not receiving a flyer, then tried to figure out which had the better odds of someone returning",Male,White,1263197,2023-04-04 16:12:41,
1660,experimental_left,0,6,5,10,10,14673,910480,10,35,55,Non-Hispanic,"Generally, I compared the number of people that returned when they received a flyer (either given or obtained) to the number of people that returned when not receiving a flyer, then tried to figure out which had the better odds of someone returning",Male,White,1263197,2023-04-04 16:12:41,
1660,experimental_left,0,5,5,10,0,20171,932618,3,37,55,Non-Hispanic,"Generally, I compared the number of people that returned when they received a flyer (either given or obtained) to the number of people that returned when not receiving a flyer, then tried to figure out which had the better odds of someone returning",Male,White,1263197,2023-04-04 16:12:41,
1660,experimental_left,1,7,5,10,0,11997,946832,15,39,55,Non-Hispanic,"Generally, I compared the number of people that returned when they received a flyer (either given or obtained) to the number of people that returned when not receiving a flyer, then tried to figure out which had the better odds of someone returning",Male,White,1263197,2023-04-04 16:12:41,
1660,experimental_left,0,7,5,10,10,15621,966079,16,41,55,Non-Hispanic,"Generally, I compared the number of people that returned when they received a flyer (either given or obtained) to the number of people that returned when not receiving a flyer, then tried to figure out which had the better odds of someone returning",Male,White,1263197,2023-04-04 16:12:41,
1660,experimental_left,0,7,5,4,10,19890,988044,14,43,55,Non-Hispanic,"Generally, I compared the number of people that returned when they received a flyer (either given or obtained) to the number of people that returned when not receiving a flyer, then tried to figure out which had the better odds of someone returning",Male,White,1263197,2023-04-04 16:12:41,
1660,experimental_left,0,6,5,2,10,13521,1004337,8,45,55,Non-Hispanic,"Generally, I compared the number of people that returned when they received a flyer (either given or obtained) to the number of people that returned when not receiving a flyer, then tried to figure out which had the better odds of someone returning",Male,White,1263197,2023-04-04 16:12:41,
1660,experimental_left,0,7,3,10,6,13478,1019257,22,47,55,Non-Hispanic,"Generally, I compared the number of people that returned when they received a flyer (either given or obtained) to the number of people that returned when not receiving a flyer, then tried to figure out which had the better odds of someone returning",Male,White,1263197,2023-04-04 16:12:41,
1660,experimental_left,1,5,5,0,0,11511,1032403,6,49,55,Non-Hispanic,"Generally, I compared the number of people that returned when they received a flyer (either given or obtained) to the number of people that returned when not receiving a flyer, then tried to figure out which had the better odds of someone returning",Male,White,1263197,2023-04-04 16:12:41,
1660,experimental_left,0,5,3,10,0,15031,1050224,18,51,55,Non-Hispanic,"Generally, I compared the number of people that returned when they received a flyer (either given or obtained) to the number of people that returned when not receiving a flyer, then tried to figure out which had the better odds of someone returning",Male,White,1263197,2023-04-04 16:12:41,
1660,experimental_left,1,5,3,0,0,10516,1062318,17,53,55,Non-Hispanic,"Generally, I compared the number of people that returned when they received a flyer (either given or obtained) to the number of people that returned when not receiving a flyer, then tried to figure out which had the better odds of someone returning",Male,White,1263197,2023-04-04 16:12:41,
1634,experimental_left,1,5,4,10,0,65332.70000004768,1617592,1,8,62,Non-Hispanic,well i thought if more people went to the movie who were handed a flyer then i should pick the higher number of tickets. if the amount of tickets were the same i said no,Male,White,2748538,2023-04-04 16:28:48,
1634,experimental_left,1,5,5,0,10,44460.5,1688596,2,12,62,Non-Hispanic,well i thought if more people went to the movie who were handed a flyer then i should pick the higher number of tickets. if the amount of tickets were the same i said no,Male,White,2748538,2023-04-04 16:28:48,
1634,experimental_left,1,6,5,2,10,43112.5,1745872,8,15,62,Non-Hispanic,well i thought if more people went to the movie who were handed a flyer then i should pick the higher number of tickets. if the amount of tickets were the same i said no,Male,White,2748538,2023-04-04 16:28:48,
1634,experimental_left,1,6,5,2,0,46887.39999997616,1797672,7,17,62,Non-Hispanic,well i thought if more people went to the movie who were handed a flyer then i should pick the higher number of tickets. if the amount of tickets were the same i said no,Male,White,2748538,2023-04-04 16:28:48,
1634,experimental_left,0,6,5,10,0,63732.89999997616,1868008,9,19,62,Non-Hispanic,well i thought if more people went to the movie who were handed a flyer then i should pick the higher number of tickets. if the amount of tickets were the same i said no,Male,White,2748538,2023-04-04 16:28:48,
1634,experimental_left,0,5,5,10,10,38688.29999995232,1910520,4,21,62,Non-Hispanic,well i thought if more people went to the movie who were handed a flyer then i should pick the higher number of tickets. if the amount of tickets were the same i said no,Male,White,2748538,2023-04-04 16:28:48,
1634,experimental_left,1,7,5,4,10,46934.300000071526,1961519,14,23,62,Non-Hispanic,well i thought if more people went to the movie who were handed a flyer then i should pick the higher number of tickets. if the amount of tickets were the same i said no,Male,White,2748538,2023-04-04 16:28:48,
1634,experimental_left,1,5,3,0,0,33757.60000002384,2000530,17,25,62,Non-Hispanic,well i thought if more people went to the movie who were handed a flyer then i should pick the higher number of tickets. if the amount of tickets were the same i said no,Male,White,2748538,2023-04-04 16:28:48,
1634,experimental_left,1,5,2,0,0,31562.299999952316,2040101,19,27,62,Non-Hispanic,well i thought if more people went to the movie who were handed a flyer then i should pick the higher number of tickets. if the amount of tickets were the same i said no,Male,White,2748538,2023-04-04 16:28:48,
1634,experimental_left,0,5,5,0,0,44126.199999928474,2089677,6,29,62,Non-Hispanic,well i thought if more people went to the movie who were handed a flyer then i should pick the higher number of tickets. if the amount of tickets were the same i said no,Male,White,2748538,2023-04-04 16:28:48,
1634,experimental_left,1,7,3,10,6,36154.29999995232,2130030,22,31,62,Non-Hispanic,well i thought if more people went to the movie who were handed a flyer then i should pick the higher number of tickets. if the amount of tickets were the same i said no,Male,White,2748538,2023-04-04 16:28:48,
1634,experimental_left,1,7,5,10,0,39181,2173490,15,33,62,Non-Hispanic,well i thought if more people went to the movie who were handed a flyer then i should pick the higher number of tickets. if the amount of tickets were the same i said no,Male,White,2748538,2023-04-04 16:28:48,
1634,experimental_left,1,5,3,10,0,30847.19999992847,2208301,18,35,62,Non-Hispanic,well i thought if more people went to the movie who were handed a flyer then i should pick the higher number of tickets. if the amount of tickets were the same i said no,Male,White,2748538,2023-04-04 16:28:48,
1634,experimental_left,1,7,5,4,0,27019.799999952316,2240616,13,37,62,Non-Hispanic,well i thought if more people went to the movie who were handed a flyer then i should pick the higher number of tickets. if the amount of tickets were the same i said no,Male,White,2748538,2023-04-04 16:28:48,
1634,experimental_left,1,7,3,10,0,25538.69999992847,2270736,21,39,62,Non-Hispanic,well i thought if more people went to the movie who were handed a flyer then i should pick the higher number of tickets. if the amount of tickets were the same i said no,Male,White,2748538,2023-04-04 16:28:48,
1634,experimental_left,0,5,5,10,0,17207.299999952316,2297318,3,41,62,Non-Hispanic,well i thought if more people went to the movie who were handed a flyer then i should pick the higher number of tickets. if the amount of tickets were the same i said no,Male,White,2748538,2023-04-04 16:28:48,
1634,experimental_left,0,5,4,0,0,31324.799999952316,2333079,5,43,62,Non-Hispanic,well i thought if more people went to the movie who were handed a flyer then i should pick the higher number of tickets. if the amount of tickets were the same i said no,Male,White,2748538,2023-04-04 16:28:48,
1634,experimental_left,1,6,4,2,0,26940.19999992847,2370176,11,45,62,Non-Hispanic,well i thought if more people went to the movie who were handed a flyer then i should pick the higher number of tickets. if the amount of tickets were the same i said no,Male,White,2748538,2023-04-04 16:28:48,
1634,experimental_left,0,6,5,10,10,27051.39999997616,2563282,10,47,62,Non-Hispanic,well i thought if more people went to the movie who were handed a flyer then i should pick the higher number of tickets. if the amount of tickets were the same i said no,Male,White,2748538,2023-04-04 16:28:48,
1634,experimental_left,1,5,2,10,0,24317.799999952316,2591744,20,49,62,Non-Hispanic,well i thought if more people went to the movie who were handed a flyer then i should pick the higher number of tickets. if the amount of tickets were the same i said no,Male,White,2748538,2023-04-04 16:28:48,
1634,experimental_left,0,7,5,10,10,20159.200000047684,2617389,16,51,62,Non-Hispanic,well i thought if more people went to the movie who were handed a flyer then i should pick the higher number of tickets. if the amount of tickets were the same i said no,Male,White,2748538,2023-04-04 16:28:48,
1634,experimental_left,0,5,4,10,0,24218.299999952316,2645798,12,53,62,Non-Hispanic,well i thought if more people went to the movie who were handed a flyer then i should pick the higher number of tickets. if the amount of tickets were the same i said no,Male,White,2748538,2023-04-04 16:28:48,
1673,experimental_left,1,5,4,10,0,29284.200000000183,842103,1,18,45,Non-Hispanic,"Customers who returned when the flier was handed out, compared to the customers who  didn't return.",,White,1675695,2023-04-04 16:24:45,
1673,experimental_left,0,5,5,0,10,21750.200000000183,881786,2,22,45,Non-Hispanic,"Customers who returned when the flier was handed out, compared to the customers who  didn't return.",,White,1675695,2023-04-04 16:24:45,
1673,experimental_left,0,7,5,4,10,30591.39999999944,961198,14,25,45,Non-Hispanic,"Customers who returned when the flier was handed out, compared to the customers who  didn't return.",,White,1675695,2023-04-04 16:24:45,
1673,experimental_left,1,5,2,10,0,33499.90000000037,1007857,20,27,45,Non-Hispanic,"Customers who returned when the flier was handed out, compared to the customers who  didn't return.",,White,1675695,2023-04-04 16:24:45,
1673,experimental_left,1,7,3,10,0,26557.099999999627,1038032,21,29,45,Non-Hispanic,"Customers who returned when the flier was handed out, compared to the customers who  didn't return.",,White,1675695,2023-04-04 16:24:45,
1673,experimental_left,1,5,3,10,0,25410.599999999627,1066739,18,31,45,Non-Hispanic,"Customers who returned when the flier was handed out, compared to the customers who  didn't return.",,White,1675695,2023-04-04 16:24:45,
1673,experimental_left,1,6,4,2,0,16064.699999999257,1084805,11,33,45,Non-Hispanic,"Customers who returned when the flier was handed out, compared to the customers who  didn't return.",,White,1675695,2023-04-04 16:24:45,
1673,experimental_left,1,5,2,0,0,16770.699999999255,1111925,19,35,45,Non-Hispanic,"Customers who returned when the flier was handed out, compared to the customers who  didn't return.",,White,1675695,2023-04-04 16:24:45,
1673,experimental_left,1,5,5,10,0,23336,1141094,3,37,45,Non-Hispanic,"Customers who returned when the flier was handed out, compared to the customers who  didn't return.",,White,1675695,2023-04-04 16:24:45,
1673,experimental_left,1,6,5,10,10,66103,1211807,10,39,45,Non-Hispanic,"Customers who returned when the flier was handed out, compared to the customers who  didn't return.",,White,1675695,2023-04-04 16:24:45,
1673,experimental_left,1,6,4,10,0,23614.299999999817,1247548,12,41,45,Non-Hispanic,"Customers who returned when the flier was handed out, compared to the customers who  didn't return.",,White,1675695,2023-04-04 16:24:45,
1673,experimental_left,1,5,4,0,0,19311.299999999817,1269981,5,43,45,Non-Hispanic,"Customers who returned when the flier was handed out, compared to the customers who  didn't return.",,White,1675695,2023-04-04 16:24:45,
1673,experimental_left,1,6,5,2,10,21664.39999999944,1301559,8,45,45,Non-Hispanic,"Customers who returned when the flier was handed out, compared to the customers who  didn't return.",,White,1675695,2023-04-04 16:24:45,
1673,experimental_left,1,5,3,0,0,15767.900000000373,1322794,17,47,45,Non-Hispanic,"Customers who returned when the flier was handed out, compared to the customers who  didn't return.",,White,1675695,2023-04-04 16:24:45,
1673,experimental_left,1,6,5,2,0,17259.200000000186,1344022,7,49,45,Non-Hispanic,"Customers who returned when the flier was handed out, compared to the customers who  didn't return.",,White,1675695,2023-04-04 16:24:45,
1673,experimental_left,1,7,3,10,6,35303.800000000745,1392664,22,51,45,Non-Hispanic,"Customers who returned when the flier was handed out, compared to the customers who  didn't return.",,White,1675695,2023-04-04 16:24:45,
1673,experimental_left,1,7,5,10,10,16245.799999999814,1412493,16,53,45,Non-Hispanic,"Customers who returned when the flier was handed out, compared to the customers who  didn't return.",,White,1675695,2023-04-04 16:24:45,
1673,experimental_left,1,7,5,10,0,18387,1433386,15,55,45,Non-Hispanic,"Customers who returned when the flier was handed out, compared to the customers who  didn't return.",,White,1675695,2023-04-04 16:24:45,
1673,experimental_left,1,7,5,4,0,17800.89999999944,1453173,13,57,45,Non-Hispanic,"Customers who returned when the flier was handed out, compared to the customers who  didn't return.",,White,1675695,2023-04-04 16:24:45,
1673,experimental_left,0,6,5,10,0,17087.299999999814,1473925,9,59,45,Non-Hispanic,"Customers who returned when the flier was handed out, compared to the customers who  didn't return.",,White,1675695,2023-04-04 16:24:45,
1673,experimental_left,1,5,5,10,10,30416.799999999817,1508076,4,61,45,Non-Hispanic,"Customers who returned when the flier was handed out, compared to the customers who  didn't return.",,White,1675695,2023-04-04 16:24:45,
1673,experimental_left,1,5,5,0,0,13575.60000000056,1528862,6,63,45,Non-Hispanic,"Customers who returned when the flier was handed out, compared to the customers who  didn't return.",,White,1675695,2023-04-04 16:24:45,
1644,experimental_left,1,5,6,10,10,249850.5,1999464,1,8,41,Non-Hispanic,,Female,Asian,3943618,2023-04-04 16:51:51,
1644,experimental_left,0,5,5,0,0,324911.09999999404,2332980,2,12,41,Non-Hispanic,,Female,Asian,3943618,2023-04-04 16:51:51,
1644,experimental_left,0,7,7,10,10,574850.8999999911,2910391,21,15,41,Non-Hispanic,,Female,Asian,3943618,2023-04-04 16:51:51,
1644,experimental_left,0,5,2,0,10,51914.89999999106,2963629,19,17,41,Non-Hispanic,,Female,Asian,3943618,2023-04-04 16:51:51,
1644,experimental_left,1,07,5,4,10,21517,2986194,13,19,41,Non-Hispanic,,Female,Asian,3943618,2023-04-04 16:51:51,
1644,experimental_left,1,5,4,0,10,18997.10000000894,3006160,5,21,41,Non-Hispanic,,Female,Asian,3943618,2023-04-04 16:51:51,
1644,experimental_left,1,5,5,10,0,11524.90000000596,3018883,3,23,41,Non-Hispanic,,Female,Asian,3943618,2023-04-04 16:51:51,
1644,experimental_left,1,5,3,0,10,8607.10000000894,3028623,17,25,41,Non-Hispanic,,Female,Asian,3943618,2023-04-04 16:51:51,
1644,experimental_left,0,6,5,2,10,10530.90000000596,3040222,7,27,41,Non-Hispanic,,Female,Asian,3943618,2023-04-04 16:51:51,
1644,experimental_left,1,5,8,10,0,129762.79999999702,3171029,20,29,41,Non-Hispanic,,Female,Asian,3943618,2023-04-04 16:51:51,
1644,experimental_left,1,6,5,10,0,16886.90000000596,3189031,10,31,41,Non-Hispanic,,Female,Asian,3943618,2023-04-04 16:51:51,
1644,experimental_left,0,6,6,10,0,139714.90000000596,3329717,12,33,41,Non-Hispanic,,Female,Asian,3943618,2023-04-04 16:51:51,
1644,experimental_left,1,5,5,0,10,11199,3341775,6,35,41,Non-Hispanic,,Female,Asian,3943618,2023-04-04 16:51:51,
1644,experimental_left,1,6,5,2,0,11929.09999999404,3354571,8,37,41,Non-Hispanic,,Female,Asian,3943618,2023-04-04 16:51:51,
1644,experimental_left,1,7,3,10,4,156420.79999999702,3511872,22,39,41,Non-Hispanic,,Female,Asian,3943618,2023-04-04 16:51:51,
1644,experimental_left,1,7,5,4,10,106555.20000000298,3619448,14,41,41,Non-Hispanic,,Female,Asian,3943618,2023-04-04 16:51:51,
1644,experimental_left,0,6,6,2,10,9077.10000000894,3629436,11,43,41,Non-Hispanic,,Female,Asian,3943618,2023-04-04 16:51:51,
1644,experimental_left,1,5,5,10,0,9201.09999999404,3639648,4,45,41,Non-Hispanic,,Female,Asian,3943618,2023-04-04 16:51:51,
1644,experimental_left,0,7,5,10,10,98319.10000000894,3739300,15,47,41,Non-Hispanic,,Female,Asian,3943618,2023-04-04 16:51:51,
1644,experimental_left,1,7,5,10,0,67029.20000000298,3807049,16,49,41,Non-Hispanic,,Female,Asian,3943618,2023-04-04 16:51:51,
1644,experimental_left,1,5,7,10,10,84360.89999999106,3892764,18,51,41,Non-Hispanic,,Female,Asian,3943618,2023-04-04 16:51:51,
1644,experimental_left,0,6,5,10,10,42299.09999999404,3935834,9,53,41,Non-Hispanic,,Female,Asian,3943618,2023-04-04 16:51:51,
1638,experimental_left,1,5,4,10,0,87219,1514778,1,13,51,Non-Hispanic,The fact that the computer kept telling me that my decision was WRONG influenced my response. Made me not care after a while what I thought was right or wrong. Just wanted to be done. ,Female,Black/African American,2562889,2023-04-04 16:26:56,
1638,experimental_left,0,5,5,0,10,41801.90000009537,1582704,2,17,51,Non-Hispanic,The fact that the computer kept telling me that my decision was WRONG influenced my response. Made me not care after a while what I thought was right or wrong. Just wanted to be done. ,Female,Black/African American,2562889,2023-04-04 16:26:56,
1638,experimental_left,1,7,5,4,0,44523,1638255,13,20,51,Non-Hispanic,The fact that the computer kept telling me that my decision was WRONG influenced my response. Made me not care after a while what I thought was right or wrong. Just wanted to be done. ,Female,Black/African American,2562889,2023-04-04 16:26:56,
1638,experimental_left,1,6,5,10,0,47761.09999990463,1708392,9,22,51,Non-Hispanic,The fact that the computer kept telling me that my decision was WRONG influenced my response. Made me not care after a while what I thought was right or wrong. Just wanted to be done. ,Female,Black/African American,2562889,2023-04-04 16:26:56,
1638,experimental_left,0,5,2,10,0,29155.39999961853,1739984,20,24,51,Non-Hispanic,The fact that the computer kept telling me that my decision was WRONG influenced my response. Made me not care after a while what I thought was right or wrong. Just wanted to be done. ,Female,Black/African American,2562889,2023-04-04 16:26:56,
1638,experimental_left,1,5,3,0,0,19771.39999961853,1763257,17,26,51,Non-Hispanic,The fact that the computer kept telling me that my decision was WRONG influenced my response. Made me not care after a while what I thought was right or wrong. Just wanted to be done. ,Female,Black/African American,2562889,2023-04-04 16:26:56,
1638,experimental_left,1,7,3,10,6,49345.09999990463,1833807,22,28,51,Non-Hispanic,The fact that the computer kept telling me that my decision was WRONG influenced my response. Made me not care after a while what I thought was right or wrong. Just wanted to be done. ,Female,Black/African American,2562889,2023-04-04 16:26:56,
1638,experimental_left,0,6,5,2,0,114418,1951199,7,30,51,Non-Hispanic,The fact that the computer kept telling me that my decision was WRONG influenced my response. Made me not care after a while what I thought was right or wrong. Just wanted to be done. ,Female,Black/African American,2562889,2023-04-04 16:26:56,
1638,experimental_left,1,5,2,0,0,23170.599999904633,1976943,19,32,51,Non-Hispanic,The fact that the computer kept telling me that my decision was WRONG influenced my response. Made me not care after a while what I thought was right or wrong. Just wanted to be done. ,Female,Black/African American,2562889,2023-04-04 16:26:56,
1638,experimental_left,0,7,3,10,0,58029.89999961853,2037529,21,34,51,Non-Hispanic,The fact that the computer kept telling me that my decision was WRONG influenced my response. Made me not care after a while what I thought was right or wrong. Just wanted to be done. ,Female,Black/African American,2562889,2023-04-04 16:26:56,
1638,experimental_left,1,6,5,2,10,32594.200000286102,2072311,8,36,51,Non-Hispanic,The fact that the computer kept telling me that my decision was WRONG influenced my response. Made me not care after a while what I thought was right or wrong. Just wanted to be done. ,Female,Black/African American,2562889,2023-04-04 16:26:56,
1638,experimental_left,1,6,4,2,0,20009.599999904633,2094543,11,38,51,Non-Hispanic,The fact that the computer kept telling me that my decision was WRONG influenced my response. Made me not care after a while what I thought was right or wrong. Just wanted to be done. ,Female,Black/African American,2562889,2023-04-04 16:26:56,
1638,experimental_left,0,7,5,10,0,30576.199999809265,2161321,15,40,51,Non-Hispanic,The fact that the computer kept telling me that my decision was WRONG influenced my response. Made me not care after a while what I thought was right or wrong. Just wanted to be done. ,Female,Black/African American,2562889,2023-04-04 16:26:56,
1638,experimental_left,0,5,5,0,0,15873.199999809263,2236029,6,42,51,Non-Hispanic,The fact that the computer kept telling me that my decision was WRONG influenced my response. Made me not care after a while what I thought was right or wrong. Just wanted to be done. ,Female,Black/African American,2562889,2023-04-04 16:26:56,
1638,experimental_left,0,5,5,10,10,19046.199999809265,2257022,4,44,51,Non-Hispanic,The fact that the computer kept telling me that my decision was WRONG influenced my response. Made me not care after a while what I thought was right or wrong. Just wanted to be done. ,Female,Black/African American,2562889,2023-04-04 16:26:56,
1638,experimental_left,0,6,5,10,10,38929,2297910,10,46,51,Non-Hispanic,The fact that the computer kept telling me that my decision was WRONG influenced my response. Made me not care after a while what I thought was right or wrong. Just wanted to be done. ,Female,Black/African American,2562889,2023-04-04 16:26:56,
1638,experimental_left,0,7,5,10,10,22286.299999713898,2322237,16,48,51,Non-Hispanic,The fact that the computer kept telling me that my decision was WRONG influenced my response. Made me not care after a while what I thought was right or wrong. Just wanted to be done. ,Female,Black/African American,2562889,2023-04-04 16:26:56,
1638,experimental_left,0,5,3,10,0,18378,2342965,18,50,51,Non-Hispanic,The fact that the computer kept telling me that my decision was WRONG influenced my response. Made me not care after a while what I thought was right or wrong. Just wanted to be done. ,Female,Black/African American,2562889,2023-04-04 16:26:56,
1638,experimental_left,0,7,5,4,10,19107.300000190735,2364247,14,52,51,Non-Hispanic,The fact that the computer kept telling me that my decision was WRONG influenced my response. Made me not care after a while what I thought was right or wrong. Just wanted to be done. ,Female,Black/African American,2562889,2023-04-04 16:26:56,
1638,experimental_left,1,5,4,0,0,16679,2400255,5,54,51,Non-Hispanic,The fact that the computer kept telling me that my decision was WRONG influenced my response. Made me not care after a while what I thought was right or wrong. Just wanted to be done. ,Female,Black/African American,2562889,2023-04-04 16:26:56,
1638,experimental_left,0,6,4,10,0,20617.599999904633,2427095,12,56,51,Non-Hispanic,The fact that the computer kept telling me that my decision was WRONG influenced my response. Made me not care after a while what I thought was right or wrong. Just wanted to be done. ,Female,Black/African American,2562889,2023-04-04 16:26:56,
1638,experimental_left,0,5,5,10,0,18443.699999809265,2450119,3,58,51,Non-Hispanic,The fact that the computer kept telling me that my decision was WRONG influenced my response. Made me not care after a while what I thought was right or wrong. Just wanted to be done. ,Female,Black/African American,2562889,2023-04-04 16:26:56,
1683,experimental_left,1,5,4,10,0,53503.89999999991,355185,1,8,61,Non-Hispanic,,Male,White,680394,2023-04-04 16:18:21,
1683,experimental_left,0,5,5,0,10,14981.100000000091,390118,2,12,61,Non-Hispanic,,Male,White,680394,2023-04-04 16:18:21,
1683,experimental_left,1,5,3,0,0,22264.600000000093,419756,17,15,61,Non-Hispanic,,Male,White,680394,2023-04-04 16:18:21,
1683,experimental_left,0,6,4,2,0,11242.600000000091,433694,11,17,61,Non-Hispanic,,Male,White,680394,2023-04-04 16:18:21,
1683,experimental_left,1,6,4,10,0,12292.699999999952,447998,12,19,61,Non-Hispanic,,Male,White,680394,2023-04-04 16:18:21,
1683,experimental_left,1,5,3,10,0,10925.199999999952,460306,18,21,61,Non-Hispanic,,Male,White,680394,2023-04-04 16:18:21,
1683,experimental_left,1,6,5,10,0,10186.800000000048,472514,9,23,61,Non-Hispanic,,Male,White,680394,2023-04-04 16:18:21,
1683,experimental_left,0,7,5,4,10,14564.699999999952,488230,14,25,61,Non-Hispanic,,Male,White,680394,2023-04-04 16:18:21,
1683,experimental_left,0,5,2,0,0,7678.5,497143,19,27,61,Non-Hispanic,,Male,White,680394,2023-04-04 16:18:21,
1683,experimental_left,1,5,5,10,10,8548.300000000047,506843,4,29,61,Non-Hispanic,,Male,White,680394,2023-04-04 16:18:21,
1683,experimental_left,0,5,4,0,0,8898.800000000047,517063,5,31,61,Non-Hispanic,,Male,White,680394,2023-04-04 16:18:21,
1683,experimental_left,1,7,3,10,6,8990.90000000014,527119,22,33,61,Non-Hispanic,,Male,White,680394,2023-04-04 16:18:21,
1683,experimental_left,1,5,2,10,0,8487,537046,20,35,61,Non-Hispanic,,Male,White,680394,2023-04-04 16:18:21,
1683,experimental_left,0,7,5,10,10,9154.800000000048,547249,16,37,61,Non-Hispanic,,Male,White,680394,2023-04-04 16:18:21,
1683,experimental_left,1,5,5,10,0,8674.600000000093,557113,3,39,61,Non-Hispanic,,Male,White,680394,2023-04-04 16:18:21,
1683,experimental_left,0,6,5,2,10,9146.800000000048,567285,8,41,61,Non-Hispanic,,Male,White,680394,2023-04-04 16:18:21,
1683,experimental_left,0,6,5,10,10,9379.199999999952,577917,10,43,61,Non-Hispanic,,Male,White,680394,2023-04-04 16:18:21,
1683,experimental_left,1,7,5,4,0,8152.800000000047,587043,13,45,61,Non-Hispanic,,Male,White,680394,2023-04-04 16:18:21,
1683,experimental_left,1,5,5,0,0,11736.300000000048,599923,6,47,61,Non-Hispanic,,Male,White,680394,2023-04-04 16:18:21,
1683,experimental_left,1,6,5,2,0,10086.800000000048,611774,7,49,61,Non-Hispanic,,Male,White,680394,2023-04-04 16:18:21,
1683,experimental_left,1,7,5,10,0,44073.10000000009,656881,15,51,61,Non-Hispanic,,Male,White,680394,2023-04-04 16:18:21,
1683,experimental_left,1,7,3,10,0,8928.699999999953,666798,21,53,61,Non-Hispanic,,Male,White,680394,2023-04-04 16:18:21,
1628,experimental_left,1,5,4,8,0,58661.89999999106,599818,1,8,22,Hispanic,"If the number of tickets sold were similar for people with or without the flyers, I would not hand them out because it would be a waste of money. If more people saw the movie if they were handed a flyer, I would obviously hand them one as an encouragement to come. If more people who didn't receive a flyer returned, I wouldn't hand them a flyer as it appeared they were being discouraged. ",Female,,1550504,2023-04-04 16:02:32,
1628,experimental_left,0,5,5,0,10,31729.80000001192,663519,2,12,22,Hispanic,"If the number of tickets sold were similar for people with or without the flyers, I would not hand them out because it would be a waste of money. If more people saw the movie if they were handed a flyer, I would obviously hand them one as an encouragement to come. If more people who didn't receive a flyer returned, I wouldn't hand them a flyer as it appeared they were being discouraged. ",Female,,1550504,2023-04-04 16:02:32,
1628,experimental_left,1,6,5,2,0,39225.29999999702,720612,7,15,22,Hispanic,"If the number of tickets sold were similar for people with or without the flyers, I would not hand them out because it would be a waste of money. If more people saw the movie if they were handed a flyer, I would obviously hand them one as an encouragement to come. If more people who didn't receive a flyer returned, I wouldn't hand them a flyer as it appeared they were being discouraged. ",Female,,1550504,2023-04-04 16:02:32,
1628,experimental_left,1,6,5,10,0,56157.79999999702,783252,9,17,22,Hispanic,"If the number of tickets sold were similar for people with or without the flyers, I would not hand them out because it would be a waste of money. If more people saw the movie if they were handed a flyer, I would obviously hand them one as an encouragement to come. If more people who didn't receive a flyer returned, I wouldn't hand them a flyer as it appeared they were being discouraged. ",Female,,1550504,2023-04-04 16:02:32,
1628,experimental_left,0,5,5,10,0,52084.69999998808,842584,3,19,22,Hispanic,"If the number of tickets sold were similar for people with or without the flyers, I would not hand them out because it would be a waste of money. If more people saw the movie if they were handed a flyer, I would obviously hand them one as an encouragement to come. If more people who didn't receive a flyer returned, I wouldn't hand them a flyer as it appeared they were being discouraged. ",Female,,1550504,2023-04-04 16:02:32,
1628,experimental_left,1,5,2,10,0,20011,866524,20,21,22,Hispanic,"If the number of tickets sold were similar for people with or without the flyers, I would not hand them out because it would be a waste of money. If more people saw the movie if they were handed a flyer, I would obviously hand them one as an encouragement to come. If more people who didn't receive a flyer returned, I wouldn't hand them a flyer as it appeared they were being discouraged. ",Female,,1550504,2023-04-04 16:02:32,
1628,experimental_left,1,7,5,10,0,34636.79999999702,905018,15,23,22,Hispanic,"If the number of tickets sold were similar for people with or without the flyers, I would not hand them out because it would be a waste of money. If more people saw the movie if they were handed a flyer, I would obviously hand them one as an encouragement to come. If more people who didn't receive a flyer returned, I wouldn't hand them a flyer as it appeared they were being discouraged. ",Female,,1550504,2023-04-04 16:02:32,
1628,experimental_left,0,6,5,2,10,22535.20000000298,950014,8,25,22,Hispanic,"If the number of tickets sold were similar for people with or without the flyers, I would not hand them out because it would be a waste of money. If more people saw the movie if they were handed a flyer, I would obviously hand them one as an encouragement to come. If more people who didn't receive a flyer returned, I wouldn't hand them a flyer as it appeared they were being discouraged. ",Female,,1550504,2023-04-04 16:02:32,
1628,experimental_left,1,6,4,10,0,33117.20000000298,993831,12,27,22,Hispanic,"If the number of tickets sold were similar for people with or without the flyers, I would not hand them out because it would be a waste of money. If more people saw the movie if they were handed a flyer, I would obviously hand them one as an encouragement to come. If more people who didn't receive a flyer returned, I wouldn't hand them a flyer as it appeared they were being discouraged. ",Female,,1550504,2023-04-04 16:02:32,
1628,experimental_left,1,5,3,10,0,34196.60000000894,1029939,18,29,22,Hispanic,"If the number of tickets sold were similar for people with or without the flyers, I would not hand them out because it would be a waste of money. If more people saw the movie if they were handed a flyer, I would obviously hand them one as an encouragement to come. If more people who didn't receive a flyer returned, I wouldn't hand them a flyer as it appeared they were being discouraged. ",Female,,1550504,2023-04-04 16:02:32,
1628,experimental_left,1,6,4,2,0,28686.79999999702,1060165,11,31,22,Hispanic,"If the number of tickets sold were similar for people with or without the flyers, I would not hand them out because it would be a waste of money. If more people saw the movie if they were handed a flyer, I would obviously hand them one as an encouragement to come. If more people who didn't receive a flyer returned, I wouldn't hand them a flyer as it appeared they were being discouraged. ",Female,,1550504,2023-04-04 16:02:32,
1628,experimental_left,1,7,5,4,0,29533.09999999404,1091635,13,33,22,Hispanic,"If the number of tickets sold were similar for people with or without the flyers, I would not hand them out because it would be a waste of money. If more people saw the movie if they were handed a flyer, I would obviously hand them one as an encouragement to come. If more people who didn't receive a flyer returned, I wouldn't hand them a flyer as it appeared they were being discouraged. ",Female,,1550504,2023-04-04 16:02:32,
1628,experimental_left,0,4,4,0,0,21206.20000000298,1114550,5,35,22,Hispanic,"If the number of tickets sold were similar for people with or without the flyers, I would not hand them out because it would be a waste of money. If more people saw the movie if they were handed a flyer, I would obviously hand them one as an encouragement to come. If more people who didn't receive a flyer returned, I wouldn't hand them a flyer as it appeared they were being discouraged. ",Female,,1550504,2023-04-04 16:02:32,
1628,experimental_left,1,7,3,10,0,29449.80000001192,1146100,21,37,22,Hispanic,"If the number of tickets sold were similar for people with or without the flyers, I would not hand them out because it would be a waste of money. If more people saw the movie if they were handed a flyer, I would obviously hand them one as an encouragement to come. If more people who didn't receive a flyer returned, I wouldn't hand them a flyer as it appeared they were being discouraged. ",Female,,1550504,2023-04-04 16:02:32,
1628,experimental_left,0,7,3,10,6,44083.09999999404,1191940,22,39,22,Hispanic,"If the number of tickets sold were similar for people with or without the flyers, I would not hand them out because it would be a waste of money. If more people saw the movie if they were handed a flyer, I would obviously hand them one as an encouragement to come. If more people who didn't receive a flyer returned, I wouldn't hand them a flyer as it appeared they were being discouraged. ",Female,,1550504,2023-04-04 16:02:32,
1628,experimental_left,0,5,2,0,0,26449.90000000596,1221839,19,41,22,Hispanic,"If the number of tickets sold were similar for people with or without the flyers, I would not hand them out because it would be a waste of money. If more people saw the movie if they were handed a flyer, I would obviously hand them one as an encouragement to come. If more people who didn't receive a flyer returned, I wouldn't hand them a flyer as it appeared they were being discouraged. ",Female,,1550504,2023-04-04 16:02:32,
1628,experimental_left,0,7,10,5,10,19200,1242115,16,43,22,Hispanic,"If the number of tickets sold were similar for people with or without the flyers, I would not hand them out because it would be a waste of money. If more people saw the movie if they were handed a flyer, I would obviously hand them one as an encouragement to come. If more people who didn't receive a flyer returned, I wouldn't hand them a flyer as it appeared they were being discouraged. ",Female,,1550504,2023-04-04 16:02:32,
1628,experimental_left,0,5,5,0,0,77263.30000001192,1321075,6,45,22,Hispanic,"If the number of tickets sold were similar for people with or without the flyers, I would not hand them out because it would be a waste of money. If more people saw the movie if they were handed a flyer, I would obviously hand them one as an encouragement to come. If more people who didn't receive a flyer returned, I wouldn't hand them a flyer as it appeared they were being discouraged. ",Female,,1550504,2023-04-04 16:02:32,
1628,experimental_left,0,7,5,4,10,23724.09999999404,1346815,14,47,22,Hispanic,"If the number of tickets sold were similar for people with or without the flyers, I would not hand them out because it would be a waste of money. If more people saw the movie if they were handed a flyer, I would obviously hand them one as an encouragement to come. If more people who didn't receive a flyer returned, I wouldn't hand them a flyer as it appeared they were being discouraged. ",Female,,1550504,2023-04-04 16:02:32,
1628,experimental_left,1,5,3,0,0,11236.10000000894,1359103,17,49,22,Hispanic,"If the number of tickets sold were similar for people with or without the flyers, I would not hand them out because it would be a waste of money. If more people saw the movie if they were handed a flyer, I would obviously hand them one as an encouragement to come. If more people who didn't receive a flyer returned, I wouldn't hand them a flyer as it appeared they were being discouraged. ",Female,,1550504,2023-04-04 16:02:32,
1628,experimental_left,0,5,5,10,10,23368.10000000894,1383760,4,51,22,Hispanic,"If the number of tickets sold were similar for people with or without the flyers, I would not hand them out because it would be a waste of money. If more people saw the movie if they were handed a flyer, I would obviously hand them one as an encouragement to come. If more people who didn't receive a flyer returned, I wouldn't hand them a flyer as it appeared they were being discouraged. ",Female,,1550504,2023-04-04 16:02:32,
1628,experimental_left,0,6,5,10,0,21828.20000000298,1407593,10,53,22,Hispanic,"If the number of tickets sold were similar for people with or without the flyers, I would not hand them out because it would be a waste of money. If more people saw the movie if they were handed a flyer, I would obviously hand them one as an encouragement to come. If more people who didn't receive a flyer returned, I wouldn't hand them a flyer as it appeared they were being discouraged. ",Female,,1550504,2023-04-04 16:02:32,
1642,experimental_left,1,5,4,10,0,72436.69999998808,555091,1,8,31,Non-Hispanic,I reflected on how many people with flyers went to the movies heavily.,Female,Black/African American,1246669,2023-04-04 16:06:59,
1642,experimental_left,0,5,5,0,10,41704.70000001788,625630,2,12,31,Non-Hispanic,I reflected on how many people with flyers went to the movies heavily.,Female,Black/African American,1246669,2023-04-04 16:06:59,
1642,experimental_left,1,6,5,2,10,31276,663477,8,15,31,Non-Hispanic,I reflected on how many people with flyers went to the movies heavily.,Female,Black/African American,1246669,2023-04-04 16:06:59,
1642,experimental_left,1,7,5,10,0,27958.70000001788,693290,15,17,31,Non-Hispanic,I reflected on how many people with flyers went to the movies heavily.,Female,Black/African American,1246669,2023-04-04 16:06:59,
1642,experimental_left,0,6,5,10,10,27958.80000001192,724099,10,19,31,Non-Hispanic,I reflected on how many people with flyers went to the movies heavily.,Female,Black/African American,1246669,2023-04-04 16:06:59,
1642,experimental_left,0,6,5,2,0,31447,766115,7,21,31,Non-Hispanic,I reflected on how many people with flyers went to the movies heavily.,Female,Black/African American,1246669,2023-04-04 16:06:59,
1642,experimental_left,0,5,4,0,0,20195.59999999404,789075,5,23,31,Non-Hispanic,I reflected on how many people with flyers went to the movies heavily.,Female,Black/African American,1246669,2023-04-04 16:06:59,
1642,experimental_left,1,7,3,10,0,44092.90000000596,835299,21,25,31,Non-Hispanic,I reflected on how many people with flyers went to the movies heavily.,Female,Black/African American,1246669,2023-04-04 16:06:59,
1642,experimental_left,0,6,5,10,0,39191.19999998808,876417,9,27,31,Non-Hispanic,I reflected on how many people with flyers went to the movies heavily.,Female,Black/African American,1246669,2023-04-04 16:06:59,
1642,experimental_left,0,5,3,0,0,21539.70000001788,900237,17,29,31,Non-Hispanic,I reflected on how many people with flyers went to the movies heavily.,Female,Black/African American,1246669,2023-04-04 16:06:59,
1642,experimental_left,0,7,5,4,0,22031.39999997616,923941,13,31,31,Non-Hispanic,I reflected on how many people with flyers went to the movies heavily.,Female,Black/African American,1246669,2023-04-04 16:06:59,
1642,experimental_left,0,5,5,0,0,15961.69999998808,941456,6,33,31,Non-Hispanic,I reflected on how many people with flyers went to the movies heavily.,Female,Black/African American,1246669,2023-04-04 16:06:59,
1642,experimental_left,0,6,4,2,0,21334.80000001192,964309,11,35,31,Non-Hispanic,I reflected on how many people with flyers went to the movies heavily.,Female,Black/African American,1246669,2023-04-04 16:06:59,
1642,experimental_left,1,6,5,10,10,28320.09999999404,994028,16,37,31,Non-Hispanic,I reflected on how many people with flyers went to the movies heavily.,Female,Black/African American,1246669,2023-04-04 16:06:59,
1642,experimental_left,0,5,3,10,0,15590.79999998212,1012481,18,39,31,Non-Hispanic,I reflected on how many people with flyers went to the movies heavily.,Female,Black/African American,1246669,2023-04-04 16:06:59,
1642,experimental_left,0,7,5,4,10,40632.59999999404,1056218,14,41,31,Non-Hispanic,I reflected on how many people with flyers went to the movies heavily.,Female,Black/African American,1246669,2023-04-04 16:06:59,
1642,experimental_left,0,5,5,10,10,27770.5,1085338,4,43,31,Non-Hispanic,I reflected on how many people with flyers went to the movies heavily.,Female,Black/African American,1246669,2023-04-04 16:06:59,
1642,experimental_left,1,7,3,10,6,22841.89999997616,1109862,22,45,31,Non-Hispanic,I reflected on how many people with flyers went to the movies heavily.,Female,Black/African American,1246669,2023-04-04 16:06:59,
1642,experimental_left,0,5,2,10,0,19688.30000001192,1131188,20,47,31,Non-Hispanic,I reflected on how many people with flyers went to the movies heavily.,Female,Black/African American,1246669,2023-04-04 16:06:59,
1642,experimental_left,1,5,5,10,0,24029.09999999404,1156458,3,49,31,Non-Hispanic,I reflected on how many people with flyers went to the movies heavily.,Female,Black/African American,1246669,2023-04-04 16:06:59,
1642,experimental_left,1,6,4,10,0,27010.5,1185117,12,51,31,Non-Hispanic,I reflected on how many people with flyers went to the movies heavily.,Female,Black/African American,1246669,2023-04-04 16:06:59,
1642,experimental_left,0,5,2,0,0,11154.5,1197704,19,53,31,Non-Hispanic,I reflected on how many people with flyers went to the movies heavily.,Female,Black/African American,1246669,2023-04-04 16:06:59,
1648,experimental_left,1,5,4,10,0,209414,469490,1,8,25,Non-Hispanic,"Based on how many more people returned when they received a flyer (handed to them, rather than took)",Female,White,1219431,2023-04-04 16:08:04,
1648,experimental_left,0,5,5,0,10,21818.80000000447,672886,2,12,25,Non-Hispanic,"Based on how many more people returned when they received a flyer (handed to them, rather than took)",Female,White,1219431,2023-04-04 16:08:04,
1648,experimental_left,1,6,5,10,0,22538.10000000149,699896,9,15,25,Non-Hispanic,"Based on how many more people returned when they received a flyer (handed to them, rather than took)",Female,White,1219431,2023-04-04 16:08:04,
1648,experimental_left,1,5,5,0,0,31559.60000000149,733663,5,17,25,Non-Hispanic,"Based on how many more people returned when they received a flyer (handed to them, rather than took)",Female,White,1219431,2023-04-04 16:08:04,
1648,experimental_left,1,5,2,10,0,19724.60000000149,755312,20,19,25,Non-Hispanic,"Based on how many more people returned when they received a flyer (handed to them, rather than took)",Female,White,1219431,2023-04-04 16:08:04,
1648,experimental_left,1,7,5,4,0,57364.80000000447,814054,13,21,25,Non-Hispanic,"Based on how many more people returned when they received a flyer (handed to them, rather than took)",Female,White,1219431,2023-04-04 16:08:04,
1648,experimental_left,0,6,5,2,0,45648,861855,7,23,25,Non-Hispanic,"Based on how many more people returned when they received a flyer (handed to them, rather than took)",Female,White,1219431,2023-04-04 16:08:04,
1648,experimental_left,1,6,4,2,0,12609.70000000298,875429,11,25,25,Non-Hispanic,"Based on how many more people returned when they received a flyer (handed to them, rather than took)",Female,White,1219431,2023-04-04 16:08:04,
1648,experimental_left,1,5,3,0,0,18565.29999999702,895097,17,27,25,Non-Hispanic,"Based on how many more people returned when they received a flyer (handed to them, rather than took)",Female,White,1219431,2023-04-04 16:08:04,
1648,experimental_left,0,7,5,4,10,13229.69999999553,912721,14,29,25,Non-Hispanic,"Based on how many more people returned when they received a flyer (handed to them, rather than took)",Female,White,1219431,2023-04-04 16:08:04,
1648,experimental_left,1,5,2,0,0,13729.89999999851,928070,19,31,25,Non-Hispanic,"Based on how many more people returned when they received a flyer (handed to them, rather than took)",Female,White,1219431,2023-04-04 16:08:04,
1648,experimental_left,0,5,5,0,0,14814.79999999702,944543,6,33,25,Non-Hispanic,"Based on how many more people returned when they received a flyer (handed to them, rather than took)",Female,White,1219431,2023-04-04 16:08:04,
1648,experimental_left,1,7,3,10,6,18278.39999999851,963857,22,35,25,Non-Hispanic,"Based on how many more people returned when they received a flyer (handed to them, rather than took)",Female,White,1219431,2023-04-04 16:08:04,
1648,experimental_left,0,6,5,10,10,112731.29999999702,1078448,10,37,25,Non-Hispanic,"Based on how many more people returned when they received a flyer (handed to them, rather than took)",Female,White,1219431,2023-04-04 16:08:04,
1648,experimental_left,1,7,3,10,0,11072.80000000447,1093468,21,39,25,Non-Hispanic,"Based on how many more people returned when they received a flyer (handed to them, rather than took)",Female,White,1219431,2023-04-04 16:08:04,
1648,experimental_left,0,5,5,10,0,11405.60000000149,1106297,3,41,25,Non-Hispanic,"Based on how many more people returned when they received a flyer (handed to them, rather than took)",Female,White,1219431,2023-04-04 16:08:04,
1648,experimental_left,1,7,5,10,10,10878.79999999702,1117865,16,43,25,Non-Hispanic,"Based on how many more people returned when they received a flyer (handed to them, rather than took)",Female,White,1219431,2023-04-04 16:08:04,
1648,experimental_left,0,6,5,2,10,14007.10000000149,1133077,8,45,25,Non-Hispanic,"Based on how many more people returned when they received a flyer (handed to them, rather than took)",Female,White,1219431,2023-04-04 16:08:04,
1648,experimental_left,1,7,5,10,0,9234,1143043,15,47,25,Non-Hispanic,"Based on how many more people returned when they received a flyer (handed to them, rather than took)",Female,White,1219431,2023-04-04 16:08:04,
1648,experimental_left,1,5,3,10,0,11404.5,1155955,18,49,25,Non-Hispanic,"Based on how many more people returned when they received a flyer (handed to them, rather than took)",Female,White,1219431,2023-04-04 16:08:04,
1648,experimental_left,0,5,5,10,10,7632.90000000596,1164529,4,51,25,Non-Hispanic,"Based on how many more people returned when they received a flyer (handed to them, rather than took)",Female,White,1219431,2023-04-04 16:08:04,
1648,experimental_left,1,6,4,10,0,17084,1190792,12,53,25,Non-Hispanic,"Based on how many more people returned when they received a flyer (handed to them, rather than took)",Female,White,1219431,2023-04-04 16:08:04,
1674,experimental_left,1,5,4,10,0,80763.60000000149,717102,1,8,62,,,Male,White,1683575,2023-04-04 16:26:44,
1674,experimental_left,1,5,5,0,10,57016,794375,2,12,62,,,Male,White,1683575,2023-04-04 16:26:44,
1674,experimental_left,1,5,3,10,0,31867,836979,18,15,62,,,Male,White,1683575,2023-04-04 16:26:44,
1674,experimental_left,0,5,5,10,10,25490,867835,4,17,62,,,Male,White,1683575,2023-04-04 16:26:44,
1674,experimental_left,1,7,5,10,10,30559,902750,16,19,62,,,Male,White,1683575,2023-04-04 16:26:44,
1674,experimental_left,1,5,5,10,0,33465,942144,3,21,62,,,Male,White,1683575,2023-04-04 16:26:44,
1674,experimental_left,1,5,2,0,0,24344.29999999702,973798,19,23,62,,,Male,White,1683575,2023-04-04 16:26:44,
1674,experimental_left,1,6,4,2,0,26726.800000000745,1005038,11,25,62,,,Male,White,1683575,2023-04-04 16:26:44,
1674,experimental_left,1,7,3,10,0,46149.800000000745,1055849,21,27,62,,,Male,White,1683575,2023-04-04 16:26:44,
1674,experimental_left,0,6,5,2,10,24260.699999999255,1084738,8,29,62,,,Male,White,1683575,2023-04-04 16:26:44,
1674,experimental_left,1,7,5,4,10,80462,1171463,14,31,62,,,Male,White,1683575,2023-04-04 16:26:44,
1674,experimental_left,1,7,5,4,0,20981.39999999851,1197076,13,33,62,,,Male,White,1683575,2023-04-04 16:26:44,
1674,experimental_left,0,6,5,10,10,26793,1230645,10,35,62,,,Male,White,1683575,2023-04-04 16:26:44,
1674,experimental_left,0,5,2,10,0,25711.60000000149,1261619,20,37,62,,,Male,White,1683575,2023-04-04 16:26:44,
1674,experimental_left,1,5,4,0,0,23697.79999999702,1289712,5,39,62,,,Male,White,1683575,2023-04-04 16:26:44,
1674,experimental_left,0,6,5,2,0,21799.300000000745,1316623,7,41,62,,,Male,White,1683575,2023-04-04 16:26:44,
1674,experimental_left,0,6,4,10,0,22215.89999999851,1351140,12,43,62,,,Male,White,1683575,2023-04-04 16:26:44,
1674,experimental_left,1,7,5,10,0,24375.20000000298,1380530,15,45,62,,,Male,White,1683575,2023-04-04 16:26:44,
1674,experimental_left,1,6,5,10,0,77116,1462007,9,47,62,,,Male,White,1683575,2023-04-04 16:26:44,
1674,experimental_left,1,5,3,0,0,45838.599999997765,1513673,17,49,62,,,Male,White,1683575,2023-04-04 16:26:44,
1674,experimental_left,1,5,5,0,0,33282.699999999255,1552134,6,51,62,,,Male,White,1683575,2023-04-04 16:26:44,
1674,experimental_left,1,7,3,10,6,59544.89999999851,1623064,22,53,62,,,Male,White,1683575,2023-04-04 16:26:44,
1682,experimental_left,1,5,4,10,0,32009.900000095367,2483234,1,18,30,Non-Hispanic,number of tickts sold for flyers,Female,Asian,3224510,2023-04-04 17:00:01,
1682,experimental_left,1,5,5,0,10,19308.599999904633,2534536,2,22,30,Non-Hispanic,number of tickts sold for flyers,Female,Asian,3224510,2023-04-04 17:00:01,
1682,experimental_left,1,7,5,4,0,43169.79999995232,2586737,13,25,30,Non-Hispanic,number of tickts sold for flyers,Female,Asian,3224510,2023-04-04 17:00:01,
1682,experimental_left,0,5,5,10,10,54131.5,2642608,4,27,30,Non-Hispanic,number of tickts sold for flyers,Female,Asian,3224510,2023-04-04 17:00:01,
1682,experimental_left,1,5,2,0,0,55483.70000004768,2699689,19,29,30,Non-Hispanic,number of tickts sold for flyers,Female,Asian,3224510,2023-04-04 17:00:01,
1682,experimental_left,1,6,5,2,0,43026.79999995232,2744296,7,31,30,Non-Hispanic,number of tickts sold for flyers,Female,Asian,3224510,2023-04-04 17:00:01,
1682,experimental_left,0,5,5,0,0,12278.599999904633,2763148,6,33,30,Non-Hispanic,number of tickts sold for flyers,Female,Asian,3224510,2023-04-04 17:00:01,
1682,experimental_left,1,7,5,10,10,24435.099999904633,2789974,16,35,30,Non-Hispanic,number of tickts sold for flyers,Female,Asian,3224510,2023-04-04 17:00:01,
1682,experimental_left,1,5,2,10,0,20361.799999952316,2812093,20,37,30,Non-Hispanic,number of tickts sold for flyers,Female,Asian,3224510,2023-04-04 17:00:01,
1682,experimental_left,1,7,5,10,0,20085.5,2833694,15,39,30,Non-Hispanic,number of tickts sold for flyers,Female,Asian,3224510,2023-04-04 17:00:01,
1682,experimental_left,1,7,3,10,0,20608.5,2855712,21,41,30,Non-Hispanic,number of tickts sold for flyers,Female,Asian,3224510,2023-04-04 17:00:01,
1682,experimental_left,1,5,5,10,0,44750.89999985695,2901755,3,43,30,Non-Hispanic,number of tickts sold for flyers,Female,Asian,3224510,2023-04-04 17:00:01,
1682,experimental_left,0,6,5,2,10,49375,2952707,8,45,30,Non-Hispanic,number of tickts sold for flyers,Female,Asian,3224510,2023-04-04 17:00:01,
1682,experimental_left,1,7,3,10,6,29572.5,2983932,22,47,30,Non-Hispanic,number of tickts sold for flyers,Female,Asian,3224510,2023-04-04 17:00:01,
1682,experimental_left,1,5,3,0,0,26371.700000047684,3011846,17,49,30,Non-Hispanic,number of tickts sold for flyers,Female,Asian,3224510,2023-04-04 17:00:01,
1682,experimental_left,1,6,4,10,0,18697.299999952316,3031893,12,51,30,Non-Hispanic,number of tickts sold for flyers,Female,Asian,3224510,2023-04-04 17:00:01,
1682,experimental_left,1,5,3,10,0,22969.799999952316,3056258,18,53,30,Non-Hispanic,number of tickts sold for flyers,Female,Asian,3224510,2023-04-04 17:00:01,
1682,experimental_left,1,6,4,2,0,43217.5,3100830,11,55,30,Non-Hispanic,number of tickts sold for flyers,Female,Asian,3224510,2023-04-04 17:00:01,
1682,experimental_left,1,6,5,10,10,28162,3130294,10,57,30,Non-Hispanic,number of tickts sold for flyers,Female,Asian,3224510,2023-04-04 17:00:01,
1682,experimental_left,0,7,5,4,10,25726.599999904633,3157416,14,59,30,Non-Hispanic,number of tickts sold for flyers,Female,Asian,3224510,2023-04-04 17:00:01,
1682,experimental_left,0,5,4,10,10,16745.5,3175570,5,61,30,Non-Hispanic,number of tickts sold for flyers,Female,Asian,3224510,2023-04-04 17:00:01,
1682,experimental_left,0,6,5,10,0,16608.299999952316,3193647,9,63,30,Non-Hispanic,number of tickts sold for flyers,Female,Asian,3224510,2023-04-04 17:00:01,
1630,experimental_left,0,5,4,10,0,25700,411618,1,8,35,Non-Hispanic,It changed over the course of the experiment. I eventually settled on how many went to see the movie without an obtainable flyer.,Female,White,704781,2023-04-04 15:49:19,
1630,experimental_left,0,5,5,0,10,19930.799999952316,439474,2,12,35,Non-Hispanic,It changed over the course of the experiment. I eventually settled on how many went to see the movie without an obtainable flyer.,Female,White,704781,2023-04-04 15:49:19,
1630,experimental_left,1,5,5,0,0,10414.600000023842,458495,6,15,35,Non-Hispanic,It changed over the course of the experiment. I eventually settled on how many went to see the movie without an obtainable flyer.,Female,White,704781,2023-04-04 15:49:19,
1630,experimental_left,1,7,5,4,10,15806.899999976158,478165,14,17,35,Non-Hispanic,It changed over the course of the experiment. I eventually settled on how many went to see the movie without an obtainable flyer.,Female,White,704781,2023-04-04 15:49:19,
1630,experimental_left,0,6,5,2,10,12564.30000001192,493291,8,19,35,Non-Hispanic,It changed over the course of the experiment. I eventually settled on how many went to see the movie without an obtainable flyer.,Female,White,704781,2023-04-04 15:49:19,
1630,experimental_left,1,5,2,0,0,10117.19999998808,504793,19,21,35,Non-Hispanic,It changed over the course of the experiment. I eventually settled on how many went to see the movie without an obtainable flyer.,Female,White,704781,2023-04-04 15:49:19,
1630,experimental_left,1,5,5,10,0,10494.5,517170,3,23,35,Non-Hispanic,It changed over the course of the experiment. I eventually settled on how many went to see the movie without an obtainable flyer.,Female,White,704781,2023-04-04 15:49:19,
1630,experimental_left,1,6,4,2,0,9650.80000001192,528012,11,25,35,Non-Hispanic,It changed over the course of the experiment. I eventually settled on how many went to see the movie without an obtainable flyer.,Female,White,704781,2023-04-04 15:49:19,
1630,experimental_left,0,5,5,10,10,9037.5,540004,4,27,35,Non-Hispanic,It changed over the course of the experiment. I eventually settled on how many went to see the movie without an obtainable flyer.,Female,White,704781,2023-04-04 15:49:19,
1630,experimental_left,1,7,5,4,0,10472,552249,13,29,35,Non-Hispanic,It changed over the course of the experiment. I eventually settled on how many went to see the movie without an obtainable flyer.,Female,White,704781,2023-04-04 15:49:19,
1630,experimental_left,1,7,3,10,0,11399,564793,21,31,35,Non-Hispanic,It changed over the course of the experiment. I eventually settled on how many went to see the movie without an obtainable flyer.,Female,White,704781,2023-04-04 15:49:19,
1630,experimental_left,1,6,4,10,0,9306.099999964235,575696,12,33,35,Non-Hispanic,It changed over the course of the experiment. I eventually settled on how many went to see the movie without an obtainable flyer.,Female,White,704781,2023-04-04 15:49:19,
1630,experimental_left,1,5,3,10,0,7707.600000023842,584826,18,35,35,Non-Hispanic,It changed over the course of the experiment. I eventually settled on how many went to see the movie without an obtainable flyer.,Female,White,704781,2023-04-04 15:49:19,
1630,experimental_left,0,6,5,10,0,8890.300000011921,594689,9,37,35,Non-Hispanic,It changed over the course of the experiment. I eventually settled on how many went to see the movie without an obtainable flyer.,Female,White,704781,2023-04-04 15:49:19,
1630,experimental_left,0,5,4,0,0,7395.300000011921,603125,5,39,35,Non-Hispanic,It changed over the course of the experiment. I eventually settled on how many went to see the movie without an obtainable flyer.,Female,White,704781,2023-04-04 15:49:19,
1630,experimental_left,0,5,3,0,0,6529.900000035763,610860,17,41,35,Non-Hispanic,It changed over the course of the experiment. I eventually settled on how many went to see the movie without an obtainable flyer.,Female,White,704781,2023-04-04 15:49:19,
1630,experimental_left,1,7,3,10,6,8878.199999988079,621645,22,43,35,Non-Hispanic,It changed over the course of the experiment. I eventually settled on how many went to see the movie without an obtainable flyer.,Female,White,704781,2023-04-04 15:49:19,
1630,experimental_left,0,6,5,2,0,7855.599999964237,630331,7,45,35,Non-Hispanic,It changed over the course of the experiment. I eventually settled on how many went to see the movie without an obtainable flyer.,Female,White,704781,2023-04-04 15:49:19,
1630,experimental_left,1,5,2,10,0,8642.299999952316,640381,20,47,35,Non-Hispanic,It changed over the course of the experiment. I eventually settled on how many went to see the movie without an obtainable flyer.,Female,White,704781,2023-04-04 15:49:19,
1630,experimental_left,1,7,5,10,0,9169.19999998808,650759,15,49,35,Non-Hispanic,It changed over the course of the experiment. I eventually settled on how many went to see the movie without an obtainable flyer.,Female,White,704781,2023-04-04 15:49:19,
1630,experimental_left,1,6,5,10,10,8762.599999964237,660241,10,51,35,Non-Hispanic,It changed over the course of the experiment. I eventually settled on how many went to see the movie without an obtainable flyer.,Female,White,704781,2023-04-04 15:49:19,
1630,experimental_left,0,7,5,10,10,8188.100000023842,669370,16,53,35,Non-Hispanic,It changed over the course of the experiment. I eventually settled on how many went to see the movie without an obtainable flyer.,Female,White,704781,2023-04-04 15:49:19,
1624,experimental_left,1,5,4,10,0,23346.200000047684,282237,1,8,20,Non-Hispanic,I was influenced based on the ration of customers who returned vs. the method of flier distribution,Female,White,645850,2023-04-04 15:45:14,
1624,experimental_left,1,5,5,0,10,19961.900000095367,323509,2,12,20,Non-Hispanic,I was influenced based on the ration of customers who returned vs. the method of flier distribution,Female,White,645850,2023-04-04 15:45:14,
1624,experimental_left,0,5,5,0,0,9036.299999952316,341827,6,15,20,Non-Hispanic,I was influenced based on the ration of customers who returned vs. the method of flier distribution,Female,White,645850,2023-04-04 15:45:14,
1624,experimental_left,0,6,5,10,10,32991.700000047684,377441,10,17,20,Non-Hispanic,I was influenced based on the ration of customers who returned vs. the method of flier distribution,Female,White,645850,2023-04-04 15:45:14,
1624,experimental_left,1,7,5,4,0,26540.299999952316,407590,13,19,20,Non-Hispanic,I was influenced based on the ration of customers who returned vs. the method of flier distribution,Female,White,645850,2023-04-04 15:45:14,
1624,experimental_left,0,6,5,2,0,9248.299999952316,418346,7,21,20,Non-Hispanic,I was influenced based on the ration of customers who returned vs. the method of flier distribution,Female,White,645850,2023-04-04 15:45:14,
1624,experimental_left,1,7,4,10,0,10415.5,429884,15,23,20,Non-Hispanic,I was influenced based on the ration of customers who returned vs. the method of flier distribution,Female,White,645850,2023-04-04 15:45:14,
1624,experimental_left,0,6,4,2,0,12122.599999904633,443371,11,25,20,Non-Hispanic,I was influenced based on the ration of customers who returned vs. the method of flier distribution,Female,White,645850,2023-04-04 15:45:14,
1624,experimental_left,1,7,3,10,0,10666.400000095367,455289,21,27,20,Non-Hispanic,I was influenced based on the ration of customers who returned vs. the method of flier distribution,Female,White,645850,2023-04-04 15:45:14,
1624,experimental_left,1,5,5,10,0,7152.200000047684,463511,3,29,20,Non-Hispanic,I was influenced based on the ration of customers who returned vs. the method of flier distribution,Female,White,645850,2023-04-04 15:45:14,
1624,experimental_left,0,6,5,2,10,21363.39999985695,485887,8,31,20,Non-Hispanic,I was influenced based on the ration of customers who returned vs. the method of flier distribution,Female,White,645850,2023-04-04 15:45:14,
1624,experimental_left,1,7,3,10,6,13672.099999904633,500643,22,33,20,Non-Hispanic,I was influenced based on the ration of customers who returned vs. the method of flier distribution,Female,White,645850,2023-04-04 15:45:14,
1624,experimental_left,0,7,5,10,10,11194.200000047684,513756,16,35,20,Non-Hispanic,I was influenced based on the ration of customers who returned vs. the method of flier distribution,Female,White,645850,2023-04-04 15:45:14,
1624,experimental_left,1,5,3,10,0,13284.200000047684,528148,18,37,20,Non-Hispanic,I was influenced based on the ration of customers who returned vs. the method of flier distribution,Female,White,645850,2023-04-04 15:45:14,
1624,experimental_left,1,5,2,0,0,10144.5,539367,19,39,20,Non-Hispanic,I was influenced based on the ration of customers who returned vs. the method of flier distribution,Female,White,645850,2023-04-04 15:45:14,
1624,experimental_left,0,5,2,10,0,8706.399999856949,549297,20,41,20,Non-Hispanic,I was influenced based on the ration of customers who returned vs. the method of flier distribution,Female,White,645850,2023-04-04 15:45:14,
1624,experimental_left,0,5,5,10,10,9064.900000095367,559563,4,43,20,Non-Hispanic,I was influenced based on the ration of customers who returned vs. the method of flier distribution,Female,White,645850,2023-04-04 15:45:14,
1624,experimental_left,1,6,5,10,0,8360.199999809265,568853,9,45,20,Non-Hispanic,I was influenced based on the ration of customers who returned vs. the method of flier distribution,Female,White,645850,2023-04-04 15:45:14,
1624,experimental_left,1,5,3,0,0,10024.900000095367,579733,17,47,20,Non-Hispanic,I was influenced based on the ration of customers who returned vs. the method of flier distribution,Female,White,645850,2023-04-04 15:45:14,
1624,experimental_left,1,6,4,10,0,9264.200000047684,589975,12,49,20,Non-Hispanic,I was influenced based on the ration of customers who returned vs. the method of flier distribution,Female,White,645850,2023-04-04 15:45:14,
1624,experimental_left,1,5,4,0,0,7882.299999952316,598915,5,51,20,Non-Hispanic,I was influenced based on the ration of customers who returned vs. the method of flier distribution,Female,White,645850,2023-04-04 15:45:14,
1624,experimental_left,0,7,5,4,10,11614.400000095367,611479,14,53,20,Non-Hispanic,I was influenced based on the ration of customers who returned vs. the method of flier distribution,Female,White,645850,2023-04-04 15:45:14,
1652,experimental_left,1,10,0,5,4,60899.699999999255,610446,1,8,39,Non-Hispanic,"There were some typos, for example the label of obtainable vs. handed out was switched on at least one trial.",Female,White,1542666,2023-04-04 16:13:51,
1652,experimental_left,1,5,5,0,10,16984.60000000149,812212,2,12,39,Non-Hispanic,"There were some typos, for example the label of obtainable vs. handed out was switched on at least one trial.",Female,White,1542666,2023-04-04 16:13:51,
1652,experimental_left,1,7,5,10,0,33504.10000000149,854401,15,15,39,Non-Hispanic,"There were some typos, for example the label of obtainable vs. handed out was switched on at least one trial.",Female,White,1542666,2023-04-04 16:13:51,
1652,experimental_left,1,7,3,10,6,24721.10000000149,881364,22,17,39,Non-Hispanic,"There were some typos, for example the label of obtainable vs. handed out was switched on at least one trial.",Female,White,1542666,2023-04-04 16:13:51,
1652,experimental_left,0,7,5,4,10,21760.20000000298,906056,14,19,39,Non-Hispanic,"There were some typos, for example the label of obtainable vs. handed out was switched on at least one trial.",Female,White,1542666,2023-04-04 16:13:51,
1652,experimental_left,1,7,3,10,0,15422.5,924877,21,21,39,Non-Hispanic,"There were some typos, for example the label of obtainable vs. handed out was switched on at least one trial.",Female,White,1542666,2023-04-04 16:13:51,
1652,experimental_left,1,5,4,0,0,16451.89999999851,943790,5,23,39,Non-Hispanic,"There were some typos, for example the label of obtainable vs. handed out was switched on at least one trial.",Female,White,1542666,2023-04-04 16:13:51,
1652,experimental_left,1,6,4,10,0,26790,977483,12,25,39,Non-Hispanic,"There were some typos, for example the label of obtainable vs. handed out was switched on at least one trial.",Female,White,1542666,2023-04-04 16:13:51,
1652,experimental_left,1,5,2,0,0,32257.900000002235,1011585,19,27,39,Non-Hispanic,"There were some typos, for example the label of obtainable vs. handed out was switched on at least one trial.",Female,White,1542666,2023-04-04 16:13:51,
1652,experimental_left,1,6,4,2,0,21913.39999999851,1035782,11,29,39,Non-Hispanic,"There were some typos, for example the label of obtainable vs. handed out was switched on at least one trial.",Female,White,1542666,2023-04-04 16:13:51,
1652,experimental_left,1,5,5,10,0,9973.099999997765,1048499,3,31,39,Non-Hispanic,"There were some typos, for example the label of obtainable vs. handed out was switched on at least one trial.",Female,White,1542666,2023-04-04 16:13:51,
1652,experimental_left,1,5,2,10,0,37388.39999999851,1087766,20,33,39,Non-Hispanic,"There were some typos, for example the label of obtainable vs. handed out was switched on at least one trial.",Female,White,1542666,2023-04-04 16:13:51,
1652,experimental_left,0,5,5,10,10,10023.89999999851,1100538,4,35,39,Non-Hispanic,"There were some typos, for example the label of obtainable vs. handed out was switched on at least one trial.",Female,White,1542666,2023-04-04 16:13:51,
1652,experimental_left,0,6,5,10,10,31359.39999999851,1138637,10,37,39,Non-Hispanic,"There were some typos, for example the label of obtainable vs. handed out was switched on at least one trial.",Female,White,1542666,2023-04-04 16:13:51,
1652,experimental_left,1,7,5,4,0,11620.199999999257,1339161,13,39,39,Non-Hispanic,"There were some typos, for example the label of obtainable vs. handed out was switched on at least one trial.",Female,White,1542666,2023-04-04 16:13:51,
1652,experimental_left,0,4,3,0,0,9273.800000000743,1350852,17,41,39,Non-Hispanic,"There were some typos, for example the label of obtainable vs. handed out was switched on at least one trial.",Female,White,1542666,2023-04-04 16:13:51,
1652,experimental_left,1,6,5,10,0,10251,1363344,9,43,39,Non-Hispanic,"There were some typos, for example the label of obtainable vs. handed out was switched on at least one trial.",Female,White,1542666,2023-04-04 16:13:51,
1652,experimental_left,0,6,5,2,10,10631.39999999851,1375919,8,45,39,Non-Hispanic,"There were some typos, for example the label of obtainable vs. handed out was switched on at least one trial.",Female,White,1542666,2023-04-04 16:13:51,
1652,experimental_left,0,6,5,2,0,11624.699999999257,1393042,7,47,39,Non-Hispanic,"There were some typos, for example the label of obtainable vs. handed out was switched on at least one trial.",Female,White,1542666,2023-04-04 16:13:51,
1652,experimental_left,1,5,3,10,0,50904.800000000745,1446019,18,49,39,Non-Hispanic,"There were some typos, for example the label of obtainable vs. handed out was switched on at least one trial.",Female,White,1542666,2023-04-04 16:13:51,
1652,experimental_left,0,5,5,0,0,11330.800000000743,1459441,6,51,39,Non-Hispanic,"There were some typos, for example the label of obtainable vs. handed out was switched on at least one trial.",Female,White,1542666,2023-04-04 16:13:51,
1652,experimental_left,0,7,5,10,10,48710.099999997765,1510401,16,53,39,Non-Hispanic,"There were some typos, for example the label of obtainable vs. handed out was switched on at least one trial.",Female,White,1542666,2023-04-04 16:13:51,
1619,observational_left,0,5,4,10,0,42211,381149,1,8,32,Non-Hispanic,If there seemed to be a good chance that the customer went to the movie if he/she received a flyer (especially compared to the data of customers who didn't receive a flyer) I gave them one.,Male,White,1034749,2023-03-29 00:41:05,
1619,observational_left,0,5,5,0,10,21342.30000007153,409624,2,12,32,Non-Hispanic,If there seemed to be a good chance that the customer went to the movie if he/she received a flyer (especially compared to the data of customers who didn't receive a flyer) I gave them one.,Male,White,1034749,2023-03-29 00:41:05,
1619,observational_left,1,5,4,0,0,18818.200000047684,435075,5,15,32,Non-Hispanic,If there seemed to be a good chance that the customer went to the movie if he/she received a flyer (especially compared to the data of customers who didn't receive a flyer) I gave them one.,Male,White,1034749,2023-03-29 00:41:05,
1619,observational_left,1,6,4,2,0,13247.5,450264,11,17,32,Non-Hispanic,If there seemed to be a good chance that the customer went to the movie if he/she received a flyer (especially compared to the data of customers who didn't receive a flyer) I gave them one.,Male,White,1034749,2023-03-29 00:41:05,
1619,observational_left,0,5,2,0,0,21745,473816,19,19,32,Non-Hispanic,If there seemed to be a good chance that the customer went to the movie if he/she received a flyer (especially compared to the data of customers who didn't receive a flyer) I gave them one.,Male,White,1034749,2023-03-29 00:41:05,
1619,observational_left,0,5,5,0,0,18020.900000095367,495060,13,21,32,Non-Hispanic,If there seemed to be a good chance that the customer went to the movie if he/she received a flyer (especially compared to the data of customers who didn't receive a flyer) I gave them one.,Male,White,1034749,2023-03-29 00:41:05,
1619,observational_left,0,5,3,0,0,12602.5,509498,17,23,32,Non-Hispanic,If there seemed to be a good chance that the customer went to the movie if he/she received a flyer (especially compared to the data of customers who didn't receive a flyer) I gave them one.,Male,White,1034749,2023-03-29 00:41:05,
1619,observational_left,0,7,3,10,0,17159.699999928474,528453,21,25,32,Non-Hispanic,If there seemed to be a good chance that the customer went to the movie if he/she received a flyer (especially compared to the data of customers who didn't receive a flyer) I gave them one.,Male,White,1034749,2023-03-29 00:41:05,
1619,observational_left,0,6,5,2,10,15521.800000071526,546030,8,27,32,Non-Hispanic,If there seemed to be a good chance that the customer went to the movie if he/she received a flyer (especially compared to the data of customers who didn't receive a flyer) I gave them one.,Male,White,1034749,2023-03-29 00:41:05,
1619,observational_left,0,6,5,2,0,21096.5,569551,7,29,32,Non-Hispanic,If there seemed to be a good chance that the customer went to the movie if he/she received a flyer (especially compared to the data of customers who didn't receive a flyer) I gave them one.,Male,White,1034749,2023-03-29 00:41:05,
1619,observational_left,0,5,5,10,10,17845.800000071526,593559,4,31,32,Non-Hispanic,If there seemed to be a good chance that the customer went to the movie if he/she received a flyer (especially compared to the data of customers who didn't receive a flyer) I gave them one.,Male,White,1034749,2023-03-29 00:41:05,
1619,observational_left,0,6,5,10,10,18265.19999992847,614281,10,33,32,Non-Hispanic,If there seemed to be a good chance that the customer went to the movie if he/she received a flyer (especially compared to the data of customers who didn't receive a flyer) I gave them one.,Male,White,1034749,2023-03-29 00:41:05,
1619,observational_left,0,7,5,10,10,22265.700000047684,638444,16,35,32,Non-Hispanic,If there seemed to be a good chance that the customer went to the movie if he/she received a flyer (especially compared to the data of customers who didn't receive a flyer) I gave them one.,Male,White,1034749,2023-03-29 00:41:05,
1619,observational_left,1,5,3,10,0,44443.60000002384,685504,18,37,32,Non-Hispanic,If there seemed to be a good chance that the customer went to the movie if he/she received a flyer (especially compared to the data of customers who didn't receive a flyer) I gave them one.,Male,White,1034749,2023-03-29 00:41:05,
1619,observational_left,0,5,5,10,0,55416.39999997616,742994,3,39,32,Non-Hispanic,If there seemed to be a good chance that the customer went to the movie if he/she received a flyer (especially compared to the data of customers who didn't receive a flyer) I gave them one.,Male,White,1034749,2023-03-29 00:41:05,
1619,observational_left,1,7,5,10,0,31426.89999997616,776206,15,41,32,Non-Hispanic,If there seemed to be a good chance that the customer went to the movie if he/she received a flyer (especially compared to the data of customers who didn't receive a flyer) I gave them one.,Male,White,1034749,2023-03-29 00:41:05,
1619,observational_left,0,5,5,0,0,27088.799999952316,804843,6,43,32,Non-Hispanic,If there seemed to be a good chance that the customer went to the movie if he/she received a flyer (especially compared to the data of customers who didn't receive a flyer) I gave them one.,Male,White,1034749,2023-03-29 00:41:05,
1619,observational_left,1,5,2,10,0,25319,832018,20,45,32,Non-Hispanic,If there seemed to be a good chance that the customer went to the movie if he/she received a flyer (especially compared to the data of customers who didn't receive a flyer) I gave them one.,Male,White,1034749,2023-03-29 00:41:05,
1619,observational_left,0,7,3,10,6,22439.30000007153,856309,22,47,32,Non-Hispanic,If there seemed to be a good chance that the customer went to the movie if he/she received a flyer (especially compared to the data of customers who didn't receive a flyer) I gave them one.,Male,White,1034749,2023-03-29 00:41:05,
1619,observational_left,0,7,5,4,10,19901.10000002384,877841,14,49,32,Non-Hispanic,If there seemed to be a good chance that the customer went to the movie if he/she received a flyer (especially compared to the data of customers who didn't receive a flyer) I gave them one.,Male,White,1034749,2023-03-29 00:41:05,
1619,observational_left,0,6,4,10,0,48363.20000004768,929850,12,51,32,Non-Hispanic,If there seemed to be a good chance that the customer went to the movie if he/she received a flyer (especially compared to the data of customers who didn't receive a flyer) I gave them one.,Male,White,1034749,2023-03-29 00:41:05,
1619,observational_left,1,6,5,10,0,20871.19999992847,952501,9,53,32,Non-Hispanic,If there seemed to be a good chance that the customer went to the movie if he/she received a flyer (especially compared to the data of customers who didn't receive a flyer) I gave them one.,Male,White,1034749,2023-03-29 00:41:05,
1629,observational_left,0,5,4,10,0,36375.5,614111,1,8,50,,I tried to decide by basing it on the number of people who came back when they were handed a flyer.,Female,Black/African American,1363855,2023-04-04 15:59:37,
1629,observational_left,1,5,5,0,10,30003.900000095367,717410,2,12,50,,I tried to decide by basing it on the number of people who came back when they were handed a flyer.,Female,Black/African American,1363855,2023-04-04 15:59:37,
1629,observational_left,1,7,5,10,0,40409.89999985695,767143,15,15,50,,I tried to decide by basing it on the number of people who came back when they were handed a flyer.,Female,Black/African American,1363855,2023-04-04 15:59:37,
1629,observational_left,0,5,5,10,10,97367.10000014304,870911,4,17,50,,I tried to decide by basing it on the number of people who came back when they were handed a flyer.,Female,Black/African American,1363855,2023-04-04 15:59:37,
1629,observational_left,1,5,2,0,0,29256,905804,19,19,50,,I tried to decide by basing it on the number of people who came back when they were handed a flyer.,Female,Black/African American,1363855,2023-04-04 15:59:37,
1629,observational_left,0,6,5,10,0,25490.10000014305,935349,9,21,50,,I tried to decide by basing it on the number of people who came back when they were handed a flyer.,Female,Black/African American,1363855,2023-04-04 15:59:37,
1629,observational_left,1,5,3,0,0,31417.900000095367,974150,17,23,50,,I tried to decide by basing it on the number of people who came back when they were handed a flyer.,Female,Black/African American,1363855,2023-04-04 15:59:37,
1629,observational_left,0,5,2,10,0,25553.5,1004059,20,25,50,,I tried to decide by basing it on the number of people who came back when they were handed a flyer.,Female,Black/African American,1363855,2023-04-04 15:59:37,
1629,observational_left,0,7,3,9,6,19157.200000047684,1029755,22,27,50,,I tried to decide by basing it on the number of people who came back when they were handed a flyer.,Female,Black/African American,1363855,2023-04-04 15:59:37,
1629,observational_left,1,6,4,10,0,17379.599999904633,1049452,12,29,50,,I tried to decide by basing it on the number of people who came back when they were handed a flyer.,Female,Black/African American,1363855,2023-04-04 15:59:37,
1629,observational_left,1,7,6,4,0,23897.200000047684,1075948,13,31,50,,I tried to decide by basing it on the number of people who came back when they were handed a flyer.,Female,Black/African American,1363855,2023-04-04 15:59:37,
1629,observational_left,1,6,5,2,10,22198.799999952316,1100217,8,33,50,,I tried to decide by basing it on the number of people who came back when they were handed a flyer.,Female,Black/African American,1363855,2023-04-04 15:59:37,
1629,observational_left,1,5,5,10,0,17379.200000047684,1120369,3,35,50,,I tried to decide by basing it on the number of people who came back when they were handed a flyer.,Female,Black/African American,1363855,2023-04-04 15:59:37,
1629,observational_left,1,6,4,10,10,19782.60000014305,1142307,10,37,50,,I tried to decide by basing it on the number of people who came back when they were handed a flyer.,Female,Black/African American,1363855,2023-04-04 15:59:37,
1629,observational_left,0,7,5,10,10,23871.10000014305,1169382,16,39,50,,I tried to decide by basing it on the number of people who came back when they were handed a flyer.,Female,Black/African American,1363855,2023-04-04 15:59:37,
1629,observational_left,0,5,3,10,0,17348.099999904633,1189623,18,41,50,,I tried to decide by basing it on the number of people who came back when they were handed a flyer.,Female,Black/African American,1363855,2023-04-04 15:59:37,
1629,observational_left,1,5,5,0,0,26133.300000190735,1218576,6,43,50,,I tried to decide by basing it on the number of people who came back when they were handed a flyer.,Female,Black/African American,1363855,2023-04-04 15:59:37,
1629,observational_left,1,7,5,4,10,19704.89999985695,1243583,14,45,50,,I tried to decide by basing it on the number of people who came back when they were handed a flyer.,Female,Black/African American,1363855,2023-04-04 15:59:37,
1629,observational_left,1,6,5,2,0,15544,1261389,7,47,50,,I tried to decide by basing it on the number of people who came back when they were handed a flyer.,Female,Black/African American,1363855,2023-04-04 15:59:37,
1629,observational_left,0,5,4,0,0,11480,1276102,5,49,50,,I tried to decide by basing it on the number of people who came back when they were handed a flyer.,Female,Black/African American,1363855,2023-04-04 15:59:37,
1629,observational_left,1,7,3,10,0,20117.799999952316,1299633,21,51,50,,I tried to decide by basing it on the number of people who came back when they were handed a flyer.,Female,Black/African American,1363855,2023-04-04 15:59:37,
1629,observational_left,1,6,4,2,0,14396.400000095367,1317480,11,53,50,,I tried to decide by basing it on the number of people who came back when they were handed a flyer.,Female,Black/African American,1363855,2023-04-04 15:59:37,
1653,observational_left,1,5,4,10,0,26382.60000014305,327487,1,8,30,Non-Hispanic,COMPARING LEFT TO RIGHT,Female,White,809793,2023-04-04 16:01:51,
1653,observational_left,0,5,5,0,10,22398.900000095367,362824,2,12,30,Non-Hispanic,COMPARING LEFT TO RIGHT,Female,White,809793,2023-04-04 16:01:51,
1653,observational_left,1,6,5,10,10,19999.099999904633,388664,10,15,30,Non-Hispanic,COMPARING LEFT TO RIGHT,Female,White,809793,2023-04-04 16:01:51,
1653,observational_left,0,5,5,0,0,14575,406448,6,17,30,Non-Hispanic,COMPARING LEFT TO RIGHT,Female,White,809793,2023-04-04 16:01:51,
1653,observational_left,1,7,3,10,6,25999.10000014305,435425,22,19,30,Non-Hispanic,COMPARING LEFT TO RIGHT,Female,White,809793,2023-04-04 16:01:51,
1653,observational_left,0,5,3,0,0,13766.800000190737,452697,17,21,30,Non-Hispanic,COMPARING LEFT TO RIGHT,Female,White,809793,2023-04-04 16:01:51,
1653,observational_left,0,6,5,2,0,15903.099999904633,471802,7,23,30,Non-Hispanic,COMPARING LEFT TO RIGHT,Female,White,809793,2023-04-04 16:01:51,
1653,observational_left,0,5,4,0,0,15151.100000143051,490842,5,25,30,Non-Hispanic,COMPARING LEFT TO RIGHT,Female,White,809793,2023-04-04 16:01:51,
1653,observational_left,1,5,3,10,0,18639.10000014305,510626,18,27,30,Non-Hispanic,COMPARING LEFT TO RIGHT,Female,White,809793,2023-04-04 16:01:51,
1653,observational_left,0,5,5,10,10,12215,524794,4,29,30,Non-Hispanic,COMPARING LEFT TO RIGHT,Female,White,809793,2023-04-04 16:01:51,
1653,observational_left,0,6,5,2,10,14151.100000143051,540404,8,31,30,Non-Hispanic,COMPARING LEFT TO RIGHT,Female,White,809793,2023-04-04 16:01:51,
1653,observational_left,1,6,4,2,0,35119,580356,11,33,30,Non-Hispanic,COMPARING LEFT TO RIGHT,Female,White,809793,2023-04-04 16:01:51,
1653,observational_left,0,7,5,4,10,34047,615813,14,35,30,Non-Hispanic,COMPARING LEFT TO RIGHT,Female,White,809793,2023-04-04 16:01:51,
1653,observational_left,0,7,5,10,10,13271.299999952316,630069,16,37,30,Non-Hispanic,COMPARING LEFT TO RIGHT,Female,White,809793,2023-04-04 16:01:51,
1653,observational_left,0,7,5,4,0,21679.10000014305,652949,13,39,30,Non-Hispanic,COMPARING LEFT TO RIGHT,Female,White,809793,2023-04-04 16:01:51,
1653,observational_left,1,5,2,10,0,15071,669038,20,41,30,Non-Hispanic,COMPARING LEFT TO RIGHT,Female,White,809793,2023-04-04 16:01:51,
1653,observational_left,1,6,5,10,0,25511,695862,9,43,30,Non-Hispanic,COMPARING LEFT TO RIGHT,Female,White,809793,2023-04-04 16:01:51,
1653,observational_left,1,6,4,10,0,18239.099999904633,715630,12,45,30,Non-Hispanic,COMPARING LEFT TO RIGHT,Female,White,809793,2023-04-04 16:01:51,
1653,observational_left,1,6,3,10,0,12399,729607,21,47,30,Non-Hispanic,COMPARING LEFT TO RIGHT,Female,White,809793,2023-04-04 16:01:51,
1653,observational_left,0,5,2,0,0,22943.10000014305,754095,19,49,30,Non-Hispanic,COMPARING LEFT TO RIGHT,Female,White,809793,2023-04-04 16:01:51,
1653,observational_left,1,5,5,10,0,8623.100000143051,763895,3,51,30,Non-Hispanic,COMPARING LEFT TO RIGHT,Female,White,809793,2023-04-04 16:01:51,
1653,observational_left,1,7,5,10,0,27255.200000047684,792433,15,53,30,Non-Hispanic,COMPARING LEFT TO RIGHT,Female,White,809793,2023-04-04 16:01:51,
1663,observational_left,1,4,4,8,4,57447,1017859,1,23,56,,I guessed,Female,White,1681014,2023-04-04 16:20:40,
1663,observational_left,0,5,5,10,10,33268.59999990463,1081862,2,27,56,,I guessed,Female,White,1681014,2023-04-04 16:20:40,
1663,observational_left,1,5,3,10,10,42903.2999997139,1134670,18,30,56,,I guessed,Female,White,1681014,2023-04-04 16:20:40,
1663,observational_left,1,5,4,0,0,21781,1160192,5,32,56,,I guessed,Female,White,1681014,2023-04-04 16:20:40,
1663,observational_left,0,6,5,2,10,26162.799999713898,1191432,8,34,56,,I guessed,Female,White,1681014,2023-04-04 16:20:40,
1663,observational_left,1,5,5,10,0,23928,1219283,3,36,56,,I guessed,Female,White,1681014,2023-04-04 16:20:40,
1663,observational_left,1,5,3,0,0,21940.199999809265,1244513,17,38,56,,I guessed,Female,White,1681014,2023-04-04 16:20:40,
1663,observational_left,1,6,5,10,0,11992.60000038147,1259991,9,40,56,,I guessed,Female,White,1681014,2023-04-04 16:20:40,
1663,observational_left,1,7,5,4,0,28596.099999904633,1293896,13,42,56,,I guessed,Female,White,1681014,2023-04-04 16:20:40,
1663,observational_left,1,6,5,10,10,15591,1313278,10,44,56,,I guessed,Female,White,1681014,2023-04-04 16:20:40,
1663,observational_left,0,5,2,10,0,25525.699999809265,1344172,20,46,56,,I guessed,Female,White,1681014,2023-04-04 16:20:40,
1663,observational_left,1,6,4,10,0,20620.199999809265,1368342,12,48,56,,I guessed,Female,White,1681014,2023-04-04 16:20:40,
1663,observational_left,0,7,5,4,10,16749.199999809265,1393736,14,50,56,,I guessed,Female,White,1681014,2023-04-04 16:20:40,
1663,observational_left,1,7,3,10,0,21609,1419328,21,52,56,,I guessed,Female,White,1681014,2023-04-04 16:20:40,
1663,observational_left,1,7,5,10,0,32374.199999809265,1468227,15,54,56,,I guessed,Female,White,1681014,2023-04-04 16:20:40,
1663,observational_left,0,7,5,10,10,25707.800000190735,1497672,16,56,56,,I guessed,Female,White,1681014,2023-04-04 16:20:40,
1663,observational_left,0,6,4,2,0,34939.800000190735,1536133,11,58,56,,I guessed,Female,White,1681014,2023-04-04 16:20:40,
1663,observational_left,0,5,2,0,0,26838,1566898,19,60,56,,I guessed,Female,White,1681014,2023-04-04 16:20:40,
1663,observational_left,0,7,3,10,6,23065.700000286102,1594013,22,62,56,,I guessed,Female,White,1681014,2023-04-04 16:20:40,
1663,observational_left,0,6,5,2,0,25177.599999904633,1623270,7,64,56,,I guessed,Female,White,1681014,2023-04-04 16:20:40,
1663,observational_left,0,5,5,0,0,12861.599999904633,1639712,6,66,56,,I guessed,Female,White,1681014,2023-04-04 16:20:40,
1663,observational_left,0,5,5,10,10,12236.199999809263,1655945,4,68,56,,I guessed,Female,White,1681014,2023-04-04 16:20:40,
1677,observational_left,0,5,4,10,0,68497,956070,1,33,21,Non-Hispanic,by seeing how many tickets was sold in where the flyers were given,Male,Asian,1535594,2023-04-04 16:25:03,
1677,observational_left,1,5,5,0,10,40673,1005173,2,37,21,Non-Hispanic,by seeing how many tickets was sold in where the flyers were given,Male,Asian,1535594,2023-04-04 16:25:03,
1677,observational_left,1,7,7,4,10,22803,1040561,14,40,21,Non-Hispanic,by seeing how many tickets was sold in where the flyers were given,Male,Asian,1535594,2023-04-04 16:25:03,
1677,observational_left,0,5,4,0,0,29066,1085967,5,42,21,Non-Hispanic,by seeing how many tickets was sold in where the flyers were given,Male,Asian,1535594,2023-04-04 16:25:03,
1677,observational_left,0,6,4,10,0,26161,1118812,12,44,21,Non-Hispanic,by seeing how many tickets was sold in where the flyers were given,Male,Asian,1535594,2023-04-04 16:25:03,
1677,observational_left,1,7,3,10,6,21542,1143154,22,46,21,Non-Hispanic,by seeing how many tickets was sold in where the flyers were given,Male,Asian,1535594,2023-04-04 16:25:03,
1677,observational_left,1,6,5,2,10,19922,1166857,8,48,21,Non-Hispanic,by seeing how many tickets was sold in where the flyers were given,Male,Asian,1535594,2023-04-04 16:25:03,
1677,observational_left,0,6,5,10,10,19116,1188926,16,50,21,Non-Hispanic,by seeing how many tickets was sold in where the flyers were given,Male,Asian,1535594,2023-04-04 16:25:03,
1677,observational_left,0,5,3,10,0,16079,1207291,18,52,21,Non-Hispanic,by seeing how many tickets was sold in where the flyers were given,Male,Asian,1535594,2023-04-04 16:25:03,
1677,observational_left,0,5,5,0,0,14574,1224104,6,54,21,Non-Hispanic,by seeing how many tickets was sold in where the flyers were given,Male,Asian,1535594,2023-04-04 16:25:03,
1677,observational_left,0,7,5,4,0,27820,1254757,13,56,21,Non-Hispanic,by seeing how many tickets was sold in where the flyers were given,Male,Asian,1535594,2023-04-04 16:25:03,
1677,observational_left,0,5,3,0,0,18180,1274291,17,58,21,Non-Hispanic,by seeing how many tickets was sold in where the flyers were given,Male,Asian,1535594,2023-04-04 16:25:03,
1677,observational_left,0,5,5,10,0,12725,1289314,3,60,21,Non-Hispanic,by seeing how many tickets was sold in where the flyers were given,Male,Asian,1535594,2023-04-04 16:25:03,
1677,observational_left,0,5,5,10,10,14466,1305893,4,62,21,Non-Hispanic,by seeing how many tickets was sold in where the flyers were given,Male,Asian,1535594,2023-04-04 16:25:03,
1677,observational_left,0,6,5,2,0,23063,1331198,7,64,21,Non-Hispanic,by seeing how many tickets was sold in where the flyers were given,Male,Asian,1535594,2023-04-04 16:25:03,
1677,observational_left,0,6,5,10,0,39220,1373287,9,66,21,Non-Hispanic,by seeing how many tickets was sold in where the flyers were given,Male,Asian,1535594,2023-04-04 16:25:03,
1677,observational_left,0,5,2,0,0,13937,1390821,19,68,21,Non-Hispanic,by seeing how many tickets was sold in where the flyers were given,Male,Asian,1535594,2023-04-04 16:25:03,
1677,observational_left,0,7,5,10,0,21290,1413855,15,70,21,Non-Hispanic,by seeing how many tickets was sold in where the flyers were given,Male,Asian,1535594,2023-04-04 16:25:03,
1677,observational_left,1,7,3,10,0,22301,1439902,21,72,21,Non-Hispanic,by seeing how many tickets was sold in where the flyers were given,Male,Asian,1535594,2023-04-04 16:25:03,
1677,observational_left,0,5,2,10,0,16122,1459306,20,74,21,Non-Hispanic,by seeing how many tickets was sold in where the flyers were given,Male,Asian,1535594,2023-04-04 16:25:03,
1677,observational_left,1,6,5,10,10,16233,1477807,10,76,21,Non-Hispanic,by seeing how many tickets was sold in where the flyers were given,Male,Asian,1535594,2023-04-04 16:25:03,
1677,observational_left,0,6,4,2,0,15842,1497383,11,78,21,Non-Hispanic,by seeing how many tickets was sold in where the flyers were given,Male,Asian,1535594,2023-04-04 16:25:03,
1645,observational_left,1,5,6,10,10,157768.59999999963,2296180,1,18,25,Hispanic,The amount of poeole that cameback after getting a ticket. ,Female,White,3967462,2023-04-04 16:52:17,
1645,observational_left,0,5,5,0,10,46300.699999999255,2433747,2,22,25,Hispanic,The amount of poeole that cameback after getting a ticket. ,Female,White,3967462,2023-04-04 16:52:17,
1645,observational_left,0,5,5,10,10,143852.09999999963,2592046,4,25,25,Hispanic,The amount of poeole that cameback after getting a ticket. ,Female,White,3967462,2023-04-04 16:52:17,
1645,observational_left,1,5,5,10,10,55149.09999999963,2711062,3,27,25,Hispanic,The amount of poeole that cameback after getting a ticket. ,Female,White,3967462,2023-04-04 16:52:17,
1645,observational_left,0,5,2,10,10,68715.19999999925,2789960,20,29,25,Hispanic,The amount of poeole that cameback after getting a ticket. ,Female,White,3967462,2023-04-04 16:52:17,
1645,observational_left,0,7,3,10,10,86082.40000000037,2882778,21,31,25,Hispanic,The amount of poeole that cameback after getting a ticket. ,Female,White,3967462,2023-04-04 16:52:17,
1645,observational_left,1,5,5,10,10,39415,2924911,10,33,25,Hispanic,The amount of poeole that cameback after getting a ticket. ,Female,White,3967462,2023-04-04 16:52:17,
1645,observational_left,1,7,5,10,10,74433.19999999925,3004995,15,35,25,Hispanic,The amount of poeole that cameback after getting a ticket. ,Female,White,3967462,2023-04-04 16:52:17,
1645,observational_left,1,7,3,10,6,86650.09999999963,3096387,22,37,25,Hispanic,The amount of poeole that cameback after getting a ticket. ,Female,White,3967462,2023-04-04 16:52:17,
1645,observational_left,1,7,5,10,10,31231.5,3130553,16,39,25,Hispanic,The amount of poeole that cameback after getting a ticket. ,Female,White,3967462,2023-04-04 16:52:17,
1645,observational_left,1,5,5,0,0,22515.599999999627,3164387,6,41,25,Hispanic,The amount of poeole that cameback after getting a ticket. ,Female,White,3967462,2023-04-04 16:52:17,
1645,observational_left,0,5,3,10,10,39965.5,3206370,18,43,25,Hispanic,The amount of poeole that cameback after getting a ticket. ,Female,White,3967462,2023-04-04 16:52:17,
1645,observational_left,1,6,5,10,10,21098.20000000112,3230569,9,45,25,Hispanic,The amount of poeole that cameback after getting a ticket. ,Female,White,3967462,2023-04-04 16:52:17,
1645,observational_left,0,5,2,0,0,44714.29999999888,3277651,19,47,25,Hispanic,The amount of poeole that cameback after getting a ticket. ,Female,White,3967462,2023-04-04 16:52:17,
1645,observational_left,0,6,4,10,10,106918,3387668,12,49,25,Hispanic,The amount of poeole that cameback after getting a ticket. ,Female,White,3967462,2023-04-04 16:52:17,
1645,observational_left,1,6,4,2,10,111200.69999999924,3502667,11,51,25,Hispanic,The amount of poeole that cameback after getting a ticket. ,Female,White,3967462,2023-04-04 16:52:17,
1645,observational_left,1,6,5,2,10,105218.5,3610617,7,53,25,Hispanic,The amount of poeole that cameback after getting a ticket. ,Female,White,3967462,2023-04-04 16:52:17,
1645,observational_left,0,5,6,0,10,50414.800000000745,3662949,5,55,25,Hispanic,The amount of poeole that cameback after getting a ticket. ,Female,White,3967462,2023-04-04 16:52:17,
1645,observational_left,1,7,5,4,10,74883.30000000075,3739515,13,57,25,Hispanic,The amount of poeole that cameback after getting a ticket. ,Female,White,3967462,2023-04-04 16:52:17,
1645,observational_left,0,5,7,0,0,31230.599999999627,3772247,17,59,25,Hispanic,The amount of poeole that cameback after getting a ticket. ,Female,White,3967462,2023-04-04 16:52:17,
1645,observational_left,0,5,5,2,10,55549.40000000037,3833298,8,61,25,Hispanic,The amount of poeole that cameback after getting a ticket. ,Female,White,3967462,2023-04-04 16:52:17,
1645,observational_left,1,7,5,4,10,30499.400000000373,3866263,14,63,25,Hispanic,The amount of poeole that cameback after getting a ticket. ,Female,White,3967462,2023-04-04 16:52:17,
1657,observational_left,0,5,4,10,0,48702,1625367,1,28,31,Non-Hispanic,I have nothing to say. Thanks.,Female,White,2358645,2023-04-04 16:30:00,
1657,observational_left,1,5,5,0,10,44093,1679301,2,32,31,Non-Hispanic,I have nothing to say. Thanks.,Female,White,2358645,2023-04-04 16:30:00,
1657,observational_left,0,7,5,4,10,38718,1728806,14,35,31,Non-Hispanic,I have nothing to say. Thanks.,Female,White,2358645,2023-04-04 16:30:00,
1657,observational_left,1,6,4,2,0,44638,1776293,11,37,31,Non-Hispanic,I have nothing to say. Thanks.,Female,White,2358645,2023-04-04 16:30:00,
1657,observational_left,1,5,3,0,0,21974,1807085,17,39,31,Non-Hispanic,I have nothing to say. Thanks.,Female,White,2358645,2023-04-04 16:30:00,
1657,observational_left,1,5,3,10,0,20848,1830318,18,41,31,Non-Hispanic,I have nothing to say. Thanks.,Female,White,2358645,2023-04-04 16:30:00,
1657,observational_left,0,5,5,10,10,18263,1852958,4,43,31,Non-Hispanic,I have nothing to say. Thanks.,Female,White,2358645,2023-04-04 16:30:00,
1657,observational_left,0,5,5,10,0,23841,1881344,3,45,31,Non-Hispanic,I have nothing to say. Thanks.,Female,White,2358645,2023-04-04 16:30:00,
1657,observational_left,1,6,5,2,0,22981,1908838,7,47,31,Non-Hispanic,I have nothing to say. Thanks.,Female,White,2358645,2023-04-04 16:30:00,
1657,observational_left,0,7,5,10,0,26777,1943406,15,49,31,Non-Hispanic,I have nothing to say. Thanks.,Female,White,2358645,2023-04-04 16:30:00,
1657,observational_left,1,6,4,10,0,19871,1965534,12,51,31,Non-Hispanic,I have nothing to say. Thanks.,Female,White,2358645,2023-04-04 16:30:00,
1657,observational_left,1,5,2,10,0,16669,1985821,20,53,31,Non-Hispanic,I have nothing to say. Thanks.,Female,White,2358645,2023-04-04 16:30:00,
1657,observational_left,1,5,2,0,0,16239,2004276,19,55,31,Non-Hispanic,I have nothing to say. Thanks.,Female,White,2358645,2023-04-04 16:30:00,
1657,observational_left,1,6,5,10,0,17174,2024693,9,57,31,Non-Hispanic,I have nothing to say. Thanks.,Female,White,2358645,2023-04-04 16:30:00,
1657,observational_left,1,7,5,4,0,17238,2044461,13,59,31,Non-Hispanic,I have nothing to say. Thanks.,Female,White,2358645,2023-04-04 16:30:00,
1657,observational_left,1,5,4,0,0,23065,2071552,5,61,31,Non-Hispanic,I have nothing to say. Thanks.,Female,White,2358645,2023-04-04 16:30:00,
1657,observational_left,1,7,5,10,10,19495,2093326,16,63,31,Non-Hispanic,I have nothing to say. Thanks.,Female,White,2358645,2023-04-04 16:30:00,
1657,observational_left,1,6,5,2,10,28437,2130172,8,65,31,Non-Hispanic,I have nothing to say. Thanks.,Female,White,2358645,2023-04-04 16:30:00,
1657,observational_left,1,6,5,10,10,15880,2148501,10,67,31,Non-Hispanic,I have nothing to say. Thanks.,Female,White,2358645,2023-04-04 16:30:00,
1657,observational_left,1,7,3,10,0,44869,2199564,21,69,31,Non-Hispanic,I have nothing to say. Thanks.,Female,White,2358645,2023-04-04 16:30:00,
1657,observational_left,1,5,5,0,0,16239,2220423,6,71,31,Non-Hispanic,I have nothing to say. Thanks.,Female,White,2358645,2023-04-04 16:30:00,
1657,observational_left,0,7,3,10,6,18711,2241589,22,73,31,Non-Hispanic,I have nothing to say. Thanks.,Female,White,2358645,2023-04-04 16:30:00,
1661,observational_left,1,5,4,10,0,28191,649737,1,8,18,Non-Hispanic,If the number people who returned with flyer was higher then yes otherwise no,Male,White,1055289,2023-04-04 16:09:05,
1661,observational_left,0,5,5,0,10,18583,684209,2,12,18,Non-Hispanic,If the number people who returned with flyer was higher then yes otherwise no,Male,White,1055289,2023-04-04 16:09:05,
1661,observational_left,0,5,5,10,10,12263.399999976158,707384,4,15,18,Non-Hispanic,If the number people who returned with flyer was higher then yes otherwise no,Male,White,1055289,2023-04-04 16:09:05,
1661,observational_left,0,5,5,10,0,8879.700000047684,717745,3,17,18,Non-Hispanic,If the number people who returned with flyer was higher then yes otherwise no,Male,White,1055289,2023-04-04 16:09:05,
1661,observational_left,1,5,4,10,0,11752.399999976158,730944,18,19,18,Non-Hispanic,If the number people who returned with flyer was higher then yes otherwise no,Male,White,1055289,2023-04-04 16:09:05,
1661,observational_left,1,7,3,10,0,13431.900000095367,746297,21,21,18,Non-Hispanic,If the number people who returned with flyer was higher then yes otherwise no,Male,White,1055289,2023-04-04 16:09:05,
1661,observational_left,1,7,5,4,0,23190.799999952316,770945,13,23,18,Non-Hispanic,If the number people who returned with flyer was higher then yes otherwise no,Male,White,1055289,2023-04-04 16:09:05,
1661,observational_left,1,6,5,2,0,13703.900000095367,788026,7,25,18,Non-Hispanic,If the number people who returned with flyer was higher then yes otherwise no,Male,White,1055289,2023-04-04 16:09:05,
1661,observational_left,1,7,5,10,0,12623.100000023842,802009,15,27,18,Non-Hispanic,If the number people who returned with flyer was higher then yes otherwise no,Male,White,1055289,2023-04-04 16:09:05,
1661,observational_left,1,5,2,10,0,11742.899999976158,814977,20,29,18,Non-Hispanic,If the number people who returned with flyer was higher then yes otherwise no,Male,White,1055289,2023-04-04 16:09:05,
1661,observational_left,0,6,5,2,10,13639.100000023842,829697,8,31,18,Non-Hispanic,If the number people who returned with flyer was higher then yes otherwise no,Male,White,1055289,2023-04-04 16:09:05,
1661,observational_left,1,7,3,10,6,14263,845153,22,33,18,Non-Hispanic,If the number people who returned with flyer was higher then yes otherwise no,Male,White,1055289,2023-04-04 16:09:05,
1661,observational_left,1,7,5,10,10,9423.300000071526,855745,16,35,18,Non-Hispanic,If the number people who returned with flyer was higher then yes otherwise no,Male,White,1055289,2023-04-04 16:09:05,
1661,observational_left,1,6,5,10,10,13942.799999952316,870841,10,37,18,Non-Hispanic,If the number people who returned with flyer was higher then yes otherwise no,Male,White,1055289,2023-04-04 16:09:05,
1661,observational_left,1,6,5,10,0,10423.5,882409,9,39,18,Non-Hispanic,If the number people who returned with flyer was higher then yes otherwise no,Male,White,1055289,2023-04-04 16:09:05,
1661,observational_left,1,5,2,0,0,7231.100000023842,890769,19,41,18,Non-Hispanic,If the number people who returned with flyer was higher then yes otherwise no,Male,White,1055289,2023-04-04 16:09:05,
1661,observational_left,1,6,4,2,0,6718.599999904633,898537,11,43,18,Non-Hispanic,If the number people who returned with flyer was higher then yes otherwise no,Male,White,1055289,2023-04-04 16:09:05,
1661,observational_left,1,7,5,4,10,21151,921049,14,45,18,Non-Hispanic,If the number people who returned with flyer was higher then yes otherwise no,Male,White,1055289,2023-04-04 16:09:05,
1661,observational_left,1,5,4,0,0,8519.200000047684,931057,5,47,18,Non-Hispanic,If the number people who returned with flyer was higher then yes otherwise no,Male,White,1055289,2023-04-04 16:09:05,
1661,observational_left,1,5,3,0,0,9791.100000023842,941889,17,49,18,Non-Hispanic,If the number people who returned with flyer was higher then yes otherwise no,Male,White,1055289,2023-04-04 16:09:05,
1661,observational_left,0,5,5,0,0,8055,951169,6,51,18,Non-Hispanic,If the number people who returned with flyer was higher then yes otherwise no,Male,White,1055289,2023-04-04 16:09:05,
1661,observational_left,1,6,4,10,0,10062.400000095367,964129,12,53,18,Non-Hispanic,If the number people who returned with flyer was higher then yes otherwise no,Male,White,1055289,2023-04-04 16:09:05,
1627,observational_left,1,5,4,10,10,142908,1037062,1,8,65,Non-Hispanic,"If the persons who were NOT influenced decided to come, then handing out a flyer, may have changed their minds",Male,White,1572729,2023-04-04 16:02:16,
1627,observational_left,0,5,5,0,10,19057.200000047684,1085884,2,12,65,Non-Hispanic,"If the persons who were NOT influenced decided to come, then handing out a flyer, may have changed their minds",Male,White,1572729,2023-04-04 16:02:16,
1627,observational_left,1,5,5,0,0,17338.599999904633,1108674,6,15,65,Non-Hispanic,"If the persons who were NOT influenced decided to come, then handing out a flyer, may have changed their minds",Male,White,1572729,2023-04-04 16:02:16,
1627,observational_left,1,6,5,2,10,15056.299999952316,1134336,7,17,65,Non-Hispanic,"If the persons who were NOT influenced decided to come, then handing out a flyer, may have changed their minds",Male,White,1572729,2023-04-04 16:02:16,
1627,observational_left,1,5,2,0,0,15164,1152802,19,19,65,Non-Hispanic,"If the persons who were NOT influenced decided to come, then handing out a flyer, may have changed their minds",Male,White,1572729,2023-04-04 16:02:16,
1627,observational_left,1,5,3,10,0,16077.799999952316,1170871,18,21,65,Non-Hispanic,"If the persons who were NOT influenced decided to come, then handing out a flyer, may have changed their minds",Male,White,1572729,2023-04-04 16:02:16,
1627,observational_left,1,5,4,0,0,13890.100000143051,1186247,5,23,65,Non-Hispanic,"If the persons who were NOT influenced decided to come, then handing out a flyer, may have changed their minds",Male,White,1572729,2023-04-04 16:02:16,
1627,observational_left,0,6,5,2,10,14676,1204021,8,25,65,Non-Hispanic,"If the persons who were NOT influenced decided to come, then handing out a flyer, may have changed their minds",Male,White,1572729,2023-04-04 16:02:16,
1627,observational_left,0,7,3,10,6,15288.200000047684,1221157,22,27,65,Non-Hispanic,"If the persons who were NOT influenced decided to come, then handing out a flyer, may have changed their minds",Male,White,1572729,2023-04-04 16:02:16,
1627,observational_left,1,5,0,10,0,33071.800000190735,1255505,20,29,65,Non-Hispanic,"If the persons who were NOT influenced decided to come, then handing out a flyer, may have changed their minds",Male,White,1572729,2023-04-04 16:02:16,
1627,observational_left,1,7,5,10,0,11474.599999904633,1268480,15,31,65,Non-Hispanic,"If the persons who were NOT influenced decided to come, then handing out a flyer, may have changed their minds",Male,White,1572729,2023-04-04 16:02:16,
1627,observational_left,0,6,5,10,10,11366.099999904633,1281205,10,33,65,Non-Hispanic,"If the persons who were NOT influenced decided to come, then handing out a flyer, may have changed their minds",Male,White,1572729,2023-04-04 16:02:16,
1627,observational_left,1,5,0,0,0,12242.699999809263,1294708,17,35,65,Non-Hispanic,"If the persons who were NOT influenced decided to come, then handing out a flyer, may have changed their minds",Male,White,1572729,2023-04-04 16:02:16,
1627,observational_left,1,7,5,4,0,19656.699999809265,1316002,13,37,65,Non-Hispanic,"If the persons who were NOT influenced decided to come, then handing out a flyer, may have changed their minds",Male,White,1572729,2023-04-04 16:02:16,
1627,observational_left,1,5,0,10,0,33397.90000009537,1350746,3,39,65,Non-Hispanic,"If the persons who were NOT influenced decided to come, then handing out a flyer, may have changed their minds",Male,White,1572729,2023-04-04 16:02:16,
1627,observational_left,0,7,5,10,10,14076.200000047684,1366190,16,41,65,Non-Hispanic,"If the persons who were NOT influenced decided to come, then handing out a flyer, may have changed their minds",Male,White,1572729,2023-04-04 16:02:16,
1627,observational_left,1,6,4,10,0,15558.200000047684,1384585,12,43,65,Non-Hispanic,"If the persons who were NOT influenced decided to come, then handing out a flyer, may have changed their minds",Male,White,1572729,2023-04-04 16:02:16,
1627,observational_left,1,7,3,10,0,17033.5,1448944,21,45,65,Non-Hispanic,"If the persons who were NOT influenced decided to come, then handing out a flyer, may have changed their minds",Male,White,1572729,2023-04-04 16:02:16,
1627,observational_left,0,7,0,4,10,14330.799999952316,1464768,14,47,65,Non-Hispanic,"If the persons who were NOT influenced decided to come, then handing out a flyer, may have changed their minds",Male,White,1572729,2023-04-04 16:02:16,
1627,observational_left,1,6,4,2,0,20814.700000047684,1489480,11,49,65,Non-Hispanic,"If the persons who were NOT influenced decided to come, then handing out a flyer, may have changed their minds",Male,White,1572729,2023-04-04 16:02:16,
1627,observational_left,0,5,5,10,10,10145.899999856949,1501247,4,51,65,Non-Hispanic,"If the persons who were NOT influenced decided to come, then handing out a flyer, may have changed their minds",Male,White,1572729,2023-04-04 16:02:16,
1627,observational_left,1,6,5,10,0,13756.400000095367,1516729,9,53,65,Non-Hispanic,"If the persons who were NOT influenced decided to come, then handing out a flyer, may have changed their minds",Male,White,1572729,2023-04-04 16:02:16,
1647,observational_left,0,5,4,10,0,29794,431068,1,8,43,Non-Hispanic,I tried to determine if they were less likely to go with the flyer being available and then with the flyer being handed out.,Female,White,911990,2023-04-04 16:02:37,
1647,observational_left,0,5,5,0,10,22707,477847,2,12,43,Non-Hispanic,I tried to determine if they were less likely to go with the flyer being available and then with the flyer being handed out.,Female,White,911990,2023-04-04 16:02:37,
1647,observational_left,1,5,2,10,0,19486.20000000298,505006,20,15,43,Non-Hispanic,I tried to determine if they were less likely to go with the flyer being available and then with the flyer being handed out.,Female,White,911990,2023-04-04 16:02:37,
1647,observational_left,1,8,3,10,0,16818.20000000298,526284,21,17,43,Non-Hispanic,I tried to determine if they were less likely to go with the flyer being available and then with the flyer being handed out.,Female,White,911990,2023-04-04 16:02:37,
1647,observational_left,0,6,5,10,10,26666.60000000894,556127,10,19,43,Non-Hispanic,I tried to determine if they were less likely to go with the flyer being available and then with the flyer being handed out.,Female,White,911990,2023-04-04 16:02:37,
1647,observational_left,1,5,3,0,0,20569.5,580851,17,21,43,Non-Hispanic,I tried to determine if they were less likely to go with the flyer being available and then with the flyer being handed out.,Female,White,911990,2023-04-04 16:02:37,
1647,observational_left,1,7,3,10,6,17082.79999999702,600307,22,23,43,Non-Hispanic,I tried to determine if they were less likely to go with the flyer being available and then with the flyer being handed out.,Female,White,911990,2023-04-04 16:02:37,
1647,observational_left,1,8,5,10,0,15029.90000000596,616963,15,25,43,Non-Hispanic,I tried to determine if they were less likely to go with the flyer being available and then with the flyer being handed out.,Female,White,911990,2023-04-04 16:02:37,
1647,observational_left,0,6,4,2,0,17019.29999999702,635623,11,27,43,Non-Hispanic,I tried to determine if they were less likely to go with the flyer being available and then with the flyer being handed out.,Female,White,911990,2023-04-04 16:02:37,
1647,observational_left,0,6,5,10,0,17079.19999998808,654049,9,29,43,Non-Hispanic,I tried to determine if they were less likely to go with the flyer being available and then with the flyer being handed out.,Female,White,911990,2023-04-04 16:02:37,
1647,observational_left,1,5,2,0,0,17584.60000000894,673174,19,31,43,Non-Hispanic,I tried to determine if they were less likely to go with the flyer being available and then with the flyer being handed out.,Female,White,911990,2023-04-04 16:02:37,
1647,observational_left,0,5,5,0,0,9480.79999999702,683924,6,33,43,Non-Hispanic,I tried to determine if they were less likely to go with the flyer being available and then with the flyer being handed out.,Female,White,911990,2023-04-04 16:02:37,
1647,observational_left,1,6,4,10,0,16130.40000000596,706822,12,35,43,Non-Hispanic,I tried to determine if they were less likely to go with the flyer being available and then with the flyer being handed out.,Female,White,911990,2023-04-04 16:02:37,
1647,observational_left,1,6,5,2,10,16449,724812,8,37,43,Non-Hispanic,I tried to determine if they were less likely to go with the flyer being available and then with the flyer being handed out.,Female,White,911990,2023-04-04 16:02:37,
1647,observational_left,1,5,4,0,0,16154.70000000298,742207,5,39,43,Non-Hispanic,I tried to determine if they were less likely to go with the flyer being available and then with the flyer being handed out.,Female,White,911990,2023-04-04 16:02:37,
1647,observational_left,0,5,5,10,0,12280.40000000596,757560,3,41,43,Non-Hispanic,I tried to determine if they were less likely to go with the flyer being available and then with the flyer being handed out.,Female,White,911990,2023-04-04 16:02:37,
1647,observational_left,0,5,5,10,10,12318.40000000596,772532,4,43,43,Non-Hispanic,I tried to determine if they were less likely to go with the flyer being available and then with the flyer being handed out.,Female,White,911990,2023-04-04 16:02:37,
1647,observational_left,1,8,5,4,0,14420.30000001192,789358,13,45,43,Non-Hispanic,I tried to determine if they were less likely to go with the flyer being available and then with the flyer being handed out.,Female,White,911990,2023-04-04 16:02:37,
1647,observational_left,1,8,5,10,10,18810.29999999702,812854,16,47,43,Non-Hispanic,I tried to determine if they were less likely to go with the flyer being available and then with the flyer being handed out.,Female,White,911990,2023-04-04 16:02:37,
1647,observational_left,1,6,5,2,0,10710.5,824834,7,49,43,Non-Hispanic,I tried to determine if they were less likely to go with the flyer being available and then with the flyer being handed out.,Female,White,911990,2023-04-04 16:02:37,
1647,observational_left,0,7,5,4,10,11115,837249,14,51,43,Non-Hispanic,I tried to determine if they were less likely to go with the flyer being available and then with the flyer being handed out.,Female,White,911990,2023-04-04 16:02:37,
1647,observational_left,1,5,3,10,0,16270.70000000298,855139,18,53,43,Non-Hispanic,I tried to determine if they were less likely to go with the flyer being available and then with the flyer being handed out.,Female,White,911990,2023-04-04 16:02:37,
1671,observational_left,1,5,4,10,0,22085.89999997616,792556,1,8,33,Non-Hispanic,"The amount of people who returned after being given a flyer vs not being given a flyer had the biggest impact on me, if more people returned after being given I usually went with giving a flyer, if a lot of moviegoers that took a flyer went to see the movie then that told me it was likely converting people and I tended to give a flyer when I notied that. If nobody wanted to take see the movie after taking the flyer I tended to not hand out the flyer.",Male,White,1284004,2023-04-04 16:18:09,
1671,observational_left,0,5,5,0,10,16813.200000047684,845580,2,12,33,Non-Hispanic,"The amount of people who returned after being given a flyer vs not being given a flyer had the biggest impact on me, if more people returned after being given I usually went with giving a flyer, if a lot of moviegoers that took a flyer went to see the movie then that told me it was likely converting people and I tended to give a flyer when I notied that. If nobody wanted to take see the movie after taking the flyer I tended to not hand out the flyer.",Male,White,1284004,2023-04-04 16:18:09,
1671,observational_left,1,7,5,4,10,25087.200000047684,885925,14,15,33,Non-Hispanic,"The amount of people who returned after being given a flyer vs not being given a flyer had the biggest impact on me, if more people returned after being given I usually went with giving a flyer, if a lot of moviegoers that took a flyer went to see the movie then that told me it was likely converting people and I tended to give a flyer when I notied that. If nobody wanted to take see the movie after taking the flyer I tended to not hand out the flyer.",Male,White,1284004,2023-04-04 16:18:09,
1671,observational_left,1,7,3,10,0,14430.5,906837,21,17,33,Non-Hispanic,"The amount of people who returned after being given a flyer vs not being given a flyer had the biggest impact on me, if more people returned after being given I usually went with giving a flyer, if a lot of moviegoers that took a flyer went to see the movie then that told me it was likely converting people and I tended to give a flyer when I notied that. If nobody wanted to take see the movie after taking the flyer I tended to not hand out the flyer.",Male,White,1284004,2023-04-04 16:18:09,
1671,observational_left,1,5,3,0,0,11942.099999964235,920572,17,19,33,Non-Hispanic,"The amount of people who returned after being given a flyer vs not being given a flyer had the biggest impact on me, if more people returned after being given I usually went with giving a flyer, if a lot of moviegoers that took a flyer went to see the movie then that told me it was likely converting people and I tended to give a flyer when I notied that. If nobody wanted to take see the movie after taking the flyer I tended to not hand out the flyer.",Male,White,1284004,2023-04-04 16:18:09,
1671,observational_left,1,5,2,10,0,16247.899999976158,939463,20,21,33,Non-Hispanic,"The amount of people who returned after being given a flyer vs not being given a flyer had the biggest impact on me, if more people returned after being given I usually went with giving a flyer, if a lot of moviegoers that took a flyer went to see the movie then that told me it was likely converting people and I tended to give a flyer when I notied that. If nobody wanted to take see the movie after taking the flyer I tended to not hand out the flyer.",Male,White,1284004,2023-04-04 16:18:09,
1671,observational_left,0,5,5,10,0,13062.599999964235,953836,3,23,33,Non-Hispanic,"The amount of people who returned after being given a flyer vs not being given a flyer had the biggest impact on me, if more people returned after being given I usually went with giving a flyer, if a lot of moviegoers that took a flyer went to see the movie then that told me it was likely converting people and I tended to give a flyer when I notied that. If nobody wanted to take see the movie after taking the flyer I tended to not hand out the flyer.",Male,White,1284004,2023-04-04 16:18:09,
1671,observational_left,1,5,3,10,0,11455.400000035765,967245,18,25,33,Non-Hispanic,"The amount of people who returned after being given a flyer vs not being given a flyer had the biggest impact on me, if more people returned after being given I usually went with giving a flyer, if a lot of moviegoers that took a flyer went to see the movie then that told me it was likely converting people and I tended to give a flyer when I notied that. If nobody wanted to take see the movie after taking the flyer I tended to not hand out the flyer.",Male,White,1284004,2023-04-04 16:18:09,
1671,observational_left,0,5,4,0,0,8663.699999988079,977045,5,27,33,Non-Hispanic,"The amount of people who returned after being given a flyer vs not being given a flyer had the biggest impact on me, if more people returned after being given I usually went with giving a flyer, if a lot of moviegoers that took a flyer went to see the movie then that told me it was likely converting people and I tended to give a flyer when I notied that. If nobody wanted to take see the movie after taking the flyer I tended to not hand out the flyer.",Male,White,1284004,2023-04-04 16:18:09,
1671,observational_left,1,5,5,10,10,9381.399999976158,988643,4,29,33,Non-Hispanic,"The amount of people who returned after being given a flyer vs not being given a flyer had the biggest impact on me, if more people returned after being given I usually went with giving a flyer, if a lot of moviegoers that took a flyer went to see the movie then that told me it was likely converting people and I tended to give a flyer when I notied that. If nobody wanted to take see the movie after taking the flyer I tended to not hand out the flyer.",Male,White,1284004,2023-04-04 16:18:09,
1671,observational_left,1,7,5,10,10,18557.69999998808,1008404,16,31,33,Non-Hispanic,"The amount of people who returned after being given a flyer vs not being given a flyer had the biggest impact on me, if more people returned after being given I usually went with giving a flyer, if a lot of moviegoers that took a flyer went to see the movie then that told me it was likely converting people and I tended to give a flyer when I notied that. If nobody wanted to take see the movie after taking the flyer I tended to not hand out the flyer.",Male,White,1284004,2023-04-04 16:18:09,
1671,observational_left,0,6,5,2,0,15758.69999998808,1026006,7,33,33,Non-Hispanic,"The amount of people who returned after being given a flyer vs not being given a flyer had the biggest impact on me, if more people returned after being given I usually went with giving a flyer, if a lot of moviegoers that took a flyer went to see the movie then that told me it was likely converting people and I tended to give a flyer when I notied that. If nobody wanted to take see the movie after taking the flyer I tended to not hand out the flyer.",Male,White,1284004,2023-04-04 16:18:09,
1671,observational_left,1,7,5,4,0,11262.30000001192,1039333,13,35,33,Non-Hispanic,"The amount of people who returned after being given a flyer vs not being given a flyer had the biggest impact on me, if more people returned after being given I usually went with giving a flyer, if a lot of moviegoers that took a flyer went to see the movie then that told me it was likely converting people and I tended to give a flyer when I notied that. If nobody wanted to take see the movie after taking the flyer I tended to not hand out the flyer.",Male,White,1284004,2023-04-04 16:18:09,
1671,observational_left,1,6,5,10,10,22734.5,1063245,10,37,33,Non-Hispanic,"The amount of people who returned after being given a flyer vs not being given a flyer had the biggest impact on me, if more people returned after being given I usually went with giving a flyer, if a lot of moviegoers that took a flyer went to see the movie then that told me it was likely converting people and I tended to give a flyer when I notied that. If nobody wanted to take see the movie after taking the flyer I tended to not hand out the flyer.",Male,White,1284004,2023-04-04 16:18:09,
1671,observational_left,1,5,2,0,0,8853.899999976158,1073020,19,39,33,Non-Hispanic,"The amount of people who returned after being given a flyer vs not being given a flyer had the biggest impact on me, if more people returned after being given I usually went with giving a flyer, if a lot of moviegoers that took a flyer went to see the movie then that told me it was likely converting people and I tended to give a flyer when I notied that. If nobody wanted to take see the movie after taking the flyer I tended to not hand out the flyer.",Male,White,1284004,2023-04-04 16:18:09,
1671,observational_left,1,6,5,10,0,7661.700000047684,1081924,9,41,33,Non-Hispanic,"The amount of people who returned after being given a flyer vs not being given a flyer had the biggest impact on me, if more people returned after being given I usually went with giving a flyer, if a lot of moviegoers that took a flyer went to see the movie then that told me it was likely converting people and I tended to give a flyer when I notied that. If nobody wanted to take see the movie after taking the flyer I tended to not hand out the flyer.",Male,White,1284004,2023-04-04 16:18:09,
1671,observational_left,0,6,5,2,10,12669.69999998808,1095717,8,43,33,Non-Hispanic,"The amount of people who returned after being given a flyer vs not being given a flyer had the biggest impact on me, if more people returned after being given I usually went with giving a flyer, if a lot of moviegoers that took a flyer went to see the movie then that told me it was likely converting people and I tended to give a flyer when I notied that. If nobody wanted to take see the movie after taking the flyer I tended to not hand out the flyer.",Male,White,1284004,2023-04-04 16:18:09,
1671,observational_left,1,7,3,10,6,13878.19999998808,1110716,22,45,33,Non-Hispanic,"The amount of people who returned after being given a flyer vs not being given a flyer had the biggest impact on me, if more people returned after being given I usually went with giving a flyer, if a lot of moviegoers that took a flyer went to see the movie then that told me it was likely converting people and I tended to give a flyer when I notied that. If nobody wanted to take see the movie after taking the flyer I tended to not hand out the flyer.",Male,White,1284004,2023-04-04 16:18:09,
1671,observational_left,1,6,4,10,0,7717.899999976158,1119628,12,47,33,Non-Hispanic,"The amount of people who returned after being given a flyer vs not being given a flyer had the biggest impact on me, if more people returned after being given I usually went with giving a flyer, if a lot of moviegoers that took a flyer went to see the movie then that told me it was likely converting people and I tended to give a flyer when I notied that. If nobody wanted to take see the movie after taking the flyer I tended to not hand out the flyer.",Male,White,1284004,2023-04-04 16:18:09,
1671,observational_left,1,7,5,10,0,12733.5,1133243,15,49,33,Non-Hispanic,"The amount of people who returned after being given a flyer vs not being given a flyer had the biggest impact on me, if more people returned after being given I usually went with giving a flyer, if a lot of moviegoers that took a flyer went to see the movie then that told me it was likely converting people and I tended to give a flyer when I notied that. If nobody wanted to take see the movie after taking the flyer I tended to not hand out the flyer.",Male,White,1284004,2023-04-04 16:18:09,
1671,observational_left,0,6,4,2,0,12749.099999964235,1146939,11,51,33,Non-Hispanic,"The amount of people who returned after being given a flyer vs not being given a flyer had the biggest impact on me, if more people returned after being given I usually went with giving a flyer, if a lot of moviegoers that took a flyer went to see the movie then that told me it was likely converting people and I tended to give a flyer when I notied that. If nobody wanted to take see the movie after taking the flyer I tended to not hand out the flyer.",Male,White,1284004,2023-04-04 16:18:09,
1671,observational_left,1,5,5,0,0,6557.300000011921,1154596,6,53,33,Non-Hispanic,"The amount of people who returned after being given a flyer vs not being given a flyer had the biggest impact on me, if more people returned after being given I usually went with giving a flyer, if a lot of moviegoers that took a flyer went to see the movie then that told me it was likely converting people and I tended to give a flyer when I notied that. If nobody wanted to take see the movie after taking the flyer I tended to not hand out the flyer.",Male,White,1284004,2023-04-04 16:18:09,
1621,observational_left,0,5,4,10,0,38056,481186,1,8,34,Non-Hispanic,My attempt at mental math,Male,White,850645,2023-04-04 15:46:14,
1621,observational_left,0,5,5,0,10,36255,523502,2,12,34,Non-Hispanic,My attempt at mental math,Male,White,850645,2023-04-04 15:46:14,
1621,observational_left,0,7,5,4,10,26444,554030,14,15,34,Non-Hispanic,My attempt at mental math,Male,White,850645,2023-04-04 15:46:14,
1621,observational_left,0,5,5,10,10,10943,567027,4,17,34,Non-Hispanic,My attempt at mental math,Male,White,850645,2023-04-04 15:46:14,
1621,observational_left,1,6,4,2,0,13065,581328,11,19,34,Non-Hispanic,My attempt at mental math,Male,White,850645,2023-04-04 15:46:14,
1621,observational_left,1,7,5,4,0,21413,604738,13,21,34,Non-Hispanic,My attempt at mental math,Male,White,850645,2023-04-04 15:46:14,
1621,observational_left,0,6,5,2,10,13135,618870,8,23,34,Non-Hispanic,My attempt at mental math,Male,White,850645,2023-04-04 15:46:14,
1621,observational_left,0,6,5,10,0,21957,642086,9,25,34,Non-Hispanic,My attempt at mental math,Male,White,850645,2023-04-04 15:46:14,
1621,observational_left,0,6,5,10,10,8368,651567,10,27,34,Non-Hispanic,My attempt at mental math,Male,White,850645,2023-04-04 15:46:14,
1621,observational_left,1,7,5,10,0,10092,662839,15,29,34,Non-Hispanic,My attempt at mental math,Male,White,850645,2023-04-04 15:46:14,
1621,observational_left,1,5,3,0,0,7534,671395,17,31,34,Non-Hispanic,My attempt at mental math,Male,White,850645,2023-04-04 15:46:14,
1621,observational_left,0,5,5,0,0,4823,677070,6,33,34,Non-Hispanic,My attempt at mental math,Male,White,850645,2023-04-04 15:46:14,
1621,observational_left,0,5,5,10,0,10747,688856,3,35,34,Non-Hispanic,My attempt at mental math,Male,White,850645,2023-04-04 15:46:14,
1621,observational_left,0,7,3,10,6,14980,705029,22,37,34,Non-Hispanic,My attempt at mental math,Male,White,850645,2023-04-04 15:46:14,
1621,observational_left,0,7,5,10,10,12911,719118,16,39,34,Non-Hispanic,My attempt at mental math,Male,White,850645,2023-04-04 15:46:14,
1621,observational_left,1,5,2,10,0,7216,727389,20,41,34,Non-Hispanic,My attempt at mental math,Male,White,850645,2023-04-04 15:46:14,
1621,observational_left,1,6,5,2,0,20912,749279,7,43,34,Non-Hispanic,My attempt at mental math,Male,White,850645,2023-04-04 15:46:14,
1621,observational_left,0,5,3,10,0,7639,758233,18,45,34,Non-Hispanic,My attempt at mental math,Male,White,850645,2023-04-04 15:46:14,
1621,observational_left,0,6,4,10,0,30372,789923,12,47,34,Non-Hispanic,My attempt at mental math,Male,White,850645,2023-04-04 15:46:14,
1621,observational_left,1,7,3,10,0,10229,802149,21,49,34,Non-Hispanic,My attempt at mental math,Male,White,850645,2023-04-04 15:46:14,
1621,observational_left,1,5,2,0,0,6532,809702,19,51,34,Non-Hispanic,My attempt at mental math,Male,White,850645,2023-04-04 15:46:14,
1621,observational_left,1,5,4,0,0,7589,818725,5,53,34,Non-Hispanic,My attempt at mental math,Male,White,850645,2023-04-04 15:46:14,
1679,observational_left,0,5,4,10,0,64723.29999995232,752352,1,8,29,Non-Hispanic,Trying to use how much the company gains or loses to figure out handing out or not handing out the flyer.,Female,White,1749119,2023-04-04 16:32:22,
1679,observational_left,1,5,5,0,10,21674.60000014305,828160,2,12,29,Non-Hispanic,Trying to use how much the company gains or loses to figure out handing out or not handing out the flyer.,Female,White,1749119,2023-04-04 16:32:22,
1679,observational_left,1,6,5,2,10,36767.09999990463,880468,8,15,29,Non-Hispanic,Trying to use how much the company gains or loses to figure out handing out or not handing out the flyer.,Female,White,1749119,2023-04-04 16:32:22,
1679,observational_left,0,5,5,10,10,50011.39999985695,935193,4,17,29,Non-Hispanic,Trying to use how much the company gains or loses to figure out handing out or not handing out the flyer.,Female,White,1749119,2023-04-04 16:32:22,
1679,observational_left,1,6,4,2,0,29758.10000014305,972392,11,19,29,Non-Hispanic,Trying to use how much the company gains or loses to figure out handing out or not handing out the flyer.,Female,White,1749119,2023-04-04 16:32:22,
1679,observational_left,1,7,3,10,0,36815.10000014305,1011407,21,21,29,Non-Hispanic,Trying to use how much the company gains or loses to figure out handing out or not handing out the flyer.,Female,White,1749119,2023-04-04 16:32:22,
1679,observational_left,0,7,5,4,10,28794.800000190735,1043500,14,23,29,Non-Hispanic,Trying to use how much the company gains or loses to figure out handing out or not handing out the flyer.,Female,White,1749119,2023-04-04 16:32:22,
1679,observational_left,1,5,3,10,0,18894.900000095367,1065436,18,25,29,Non-Hispanic,Trying to use how much the company gains or loses to figure out handing out or not handing out the flyer.,Female,White,1749119,2023-04-04 16:32:22,
1679,observational_left,0,7,5,4,0,116369.90000009535,1183504,13,27,29,Non-Hispanic,Trying to use how much the company gains or loses to figure out handing out or not handing out the flyer.,Female,White,1749119,2023-04-04 16:32:22,
1679,observational_left,0,5,4,0,0,27618.5,1212644,5,29,29,Non-Hispanic,Trying to use how much the company gains or loses to figure out handing out or not handing out the flyer.,Female,White,1749119,2023-04-04 16:32:22,
1679,observational_left,1,5,5,10,0,84777.79999995232,1298572,3,31,29,Non-Hispanic,Trying to use how much the company gains or loses to figure out handing out or not handing out the flyer.,Female,White,1749119,2023-04-04 16:32:22,
1679,observational_left,0,6,5,10,10,54019.29999995232,1355328,10,33,29,Non-Hispanic,Trying to use how much the company gains or loses to figure out handing out or not handing out the flyer.,Female,White,1749119,2023-04-04 16:32:22,
1679,observational_left,0,5,2,0,0,56182.699999809265,1412728,19,35,29,Non-Hispanic,Trying to use how much the company gains or loses to figure out handing out or not handing out the flyer.,Female,White,1749119,2023-04-04 16:32:22,
1679,observational_left,0,7,5,10,0,60970.39999985695,1475035,15,37,29,Non-Hispanic,Trying to use how much the company gains or loses to figure out handing out or not handing out the flyer.,Female,White,1749119,2023-04-04 16:32:22,
1679,observational_left,0,7,3,10,6,18662.700000047684,1494803,22,39,29,Non-Hispanic,Trying to use how much the company gains or loses to figure out handing out or not handing out the flyer.,Female,White,1749119,2023-04-04 16:32:22,
1679,observational_left,0,6,5,2,0,14094.200000047684,1509659,7,41,29,Non-Hispanic,Trying to use how much the company gains or loses to figure out handing out or not handing out the flyer.,Female,White,1749119,2023-04-04 16:32:22,
1679,observational_left,0,7,5,10,10,33159.5,1544105,16,43,29,Non-Hispanic,Trying to use how much the company gains or loses to figure out handing out or not handing out the flyer.,Female,White,1749119,2023-04-04 16:32:22,
1679,observational_left,1,6,4,10,0,24543.099999904633,1569840,12,45,29,Non-Hispanic,Trying to use how much the company gains or loses to figure out handing out or not handing out the flyer.,Female,White,1749119,2023-04-04 16:32:22,
1679,observational_left,0,5,5,0,0,18351,1589384,6,47,29,Non-Hispanic,Trying to use how much the company gains or loses to figure out handing out or not handing out the flyer.,Female,White,1749119,2023-04-04 16:32:22,
1679,observational_left,1,5,2,10,0,32462.5,1622800,20,49,29,Non-Hispanic,Trying to use how much the company gains or loses to figure out handing out or not handing out the flyer.,Female,White,1749119,2023-04-04 16:32:22,
1679,observational_left,1,0,5,10,6,11967.400000095367,1636680,9,51,29,Non-Hispanic,Trying to use how much the company gains or loses to figure out handing out or not handing out the flyer.,Female,White,1749119,2023-04-04 16:32:22,
1679,observational_left,1,5,3,0,0,28311.400000095367,1666083,17,53,29,Non-Hispanic,Trying to use how much the company gains or loses to figure out handing out or not handing out the flyer.,Female,White,1749119,2023-04-04 16:32:22,
1649,observational_left,1,5,6,10,10,46689.5,476012,1,8,56,Non-Hispanic,I decided if it was sparse returns then I better give a flyer anyway and cross my fingers to not discourage.,Male,White,1007217,2023-04-04 16:04:37,
1649,observational_left,0,5,5,0,10,26955.69999998808,520309,2,12,56,Non-Hispanic,I decided if it was sparse returns then I better give a flyer anyway and cross my fingers to not discourage.,Male,White,1007217,2023-04-04 16:04:37,
1649,observational_left,0,5,3,0,0,17519,549167,17,15,56,Non-Hispanic,I decided if it was sparse returns then I better give a flyer anyway and cross my fingers to not discourage.,Male,White,1007217,2023-04-04 16:04:37,
1649,observational_left,1,5,4,0,0,15666.5,568152,5,17,56,Non-Hispanic,I decided if it was sparse returns then I better give a flyer anyway and cross my fingers to not discourage.,Male,White,1007217,2023-04-04 16:04:37,
1649,observational_left,1,6,6,2,0,27709.70000001788,598678,11,19,56,Non-Hispanic,I decided if it was sparse returns then I better give a flyer anyway and cross my fingers to not discourage.,Male,White,1007217,2023-04-04 16:04:37,
1649,observational_left,1,6,5,2,10,16022.5,616952,8,21,56,Non-Hispanic,I decided if it was sparse returns then I better give a flyer anyway and cross my fingers to not discourage.,Male,White,1007217,2023-04-04 16:04:37,
1649,observational_left,0,6,3,10,6,20887.80000001192,640209,22,23,56,Non-Hispanic,I decided if it was sparse returns then I better give a flyer anyway and cross my fingers to not discourage.,Male,White,1007217,2023-04-04 16:04:37,
1649,observational_left,1,7,5,4,0,15133.19999998808,657510,13,25,56,Non-Hispanic,I decided if it was sparse returns then I better give a flyer anyway and cross my fingers to not discourage.,Male,White,1007217,2023-04-04 16:04:37,
1649,observational_left,0,5,5,0,0,27193,687334,6,27,56,Non-Hispanic,I decided if it was sparse returns then I better give a flyer anyway and cross my fingers to not discourage.,Male,White,1007217,2023-04-04 16:04:37,
1649,observational_left,1,6,5,2,0,13310.80000001192,703016,7,29,56,Non-Hispanic,I decided if it was sparse returns then I better give a flyer anyway and cross my fingers to not discourage.,Male,White,1007217,2023-04-04 16:04:37,
1649,observational_left,1,5,5,10,10,15545.70000001788,721065,4,31,56,Non-Hispanic,I decided if it was sparse returns then I better give a flyer anyway and cross my fingers to not discourage.,Male,White,1007217,2023-04-04 16:04:37,
1649,observational_left,0,7,5,4,10,21652.40000000596,746302,14,33,56,Non-Hispanic,I decided if it was sparse returns then I better give a flyer anyway and cross my fingers to not discourage.,Male,White,1007217,2023-04-04 16:04:37,
1649,observational_left,1,5,2,10,0,12268.90000000596,760528,20,35,56,Non-Hispanic,I decided if it was sparse returns then I better give a flyer anyway and cross my fingers to not discourage.,Male,White,1007217,2023-04-04 16:04:37,
1649,observational_left,1,6,4,10,0,15613.5,778638,12,37,56,Non-Hispanic,I decided if it was sparse returns then I better give a flyer anyway and cross my fingers to not discourage.,Male,White,1007217,2023-04-04 16:04:37,
1649,observational_left,0,7,5,10,10,16486.40000000596,799937,16,39,56,Non-Hispanic,I decided if it was sparse returns then I better give a flyer anyway and cross my fingers to not discourage.,Male,White,1007217,2023-04-04 16:04:37,
1649,observational_left,1,7,3,10,0,14447.69999998808,816465,21,41,56,Non-Hispanic,I decided if it was sparse returns then I better give a flyer anyway and cross my fingers to not discourage.,Male,White,1007217,2023-04-04 16:04:37,
1649,observational_left,0,6,5,10,10,14954.40000000596,832865,10,43,56,Non-Hispanic,I decided if it was sparse returns then I better give a flyer anyway and cross my fingers to not discourage.,Male,White,1007217,2023-04-04 16:04:37,
1649,observational_left,1,5,3,10,0,12456.30000001192,847564,18,45,56,Non-Hispanic,I decided if it was sparse returns then I better give a flyer anyway and cross my fingers to not discourage.,Male,White,1007217,2023-04-04 16:04:37,
1649,observational_left,1,5,5,10,0,15263.29999998212,864465,3,47,56,Non-Hispanic,I decided if it was sparse returns then I better give a flyer anyway and cross my fingers to not discourage.,Male,White,1007217,2023-04-04 16:04:37,
1649,observational_left,1,6,5,10,0,17166.40000000596,883696,9,49,56,Non-Hispanic,I decided if it was sparse returns then I better give a flyer anyway and cross my fingers to not discourage.,Male,White,1007217,2023-04-04 16:04:37,
1649,observational_left,1,5,2,10,10,11801.70000001788,897461,19,51,56,Non-Hispanic,I decided if it was sparse returns then I better give a flyer anyway and cross my fingers to not discourage.,Male,White,1007217,2023-04-04 16:04:37,
1649,observational_left,1,7,5,10,0,20671,920605,15,53,56,Non-Hispanic,I decided if it was sparse returns then I better give a flyer anyway and cross my fingers to not discourage.,Male,White,1007217,2023-04-04 16:04:37,
1678,observational_left,0,5,4,10,0,37216.79999999888,640302,1,8,30,Non-Hispanic,I mainly looked at how many individuals went when the flyer was obtainable to make my decision.,Male,White,1017062,2023-04-04 16:19:48,
1678,observational_left,0,5,5,0,10,27109,682057,2,12,30,Non-Hispanic,I mainly looked at how many individuals went when the flyer was obtainable to make my decision.,Male,White,1017062,2023-04-04 16:19:48,
1678,observational_left,1,7,5,4,10,25699,714283,14,15,30,Non-Hispanic,I mainly looked at how many individuals went when the flyer was obtainable to make my decision.,Male,White,1017062,2023-04-04 16:19:48,
1678,observational_left,1,7,5,10,10,19743.400000000373,737410,16,17,30,Non-Hispanic,I mainly looked at how many individuals went when the flyer was obtainable to make my decision.,Male,White,1017062,2023-04-04 16:19:48,
1678,observational_left,0,5,5,0,0,8813.099999999627,748386,6,19,30,Non-Hispanic,I mainly looked at how many individuals went when the flyer was obtainable to make my decision.,Male,White,1017062,2023-04-04 16:19:48,
1678,observational_left,1,5,3,0,0,16026.200000001118,768934,17,21,30,Non-Hispanic,I mainly looked at how many individuals went when the flyer was obtainable to make my decision.,Male,White,1017062,2023-04-04 16:19:48,
1678,observational_left,1,5,2,0,0,10829.699999999257,781363,19,23,30,Non-Hispanic,I mainly looked at how many individuals went when the flyer was obtainable to make my decision.,Male,White,1017062,2023-04-04 16:19:48,
1678,observational_left,1,7,3,10,0,13928.5,796961,21,25,30,Non-Hispanic,I mainly looked at how many individuals went when the flyer was obtainable to make my decision.,Male,White,1017062,2023-04-04 16:19:48,
1678,observational_left,0,6,5,10,10,13177.099999999627,811756,10,27,30,Non-Hispanic,I mainly looked at how many individuals went when the flyer was obtainable to make my decision.,Male,White,1017062,2023-04-04 16:19:48,
1678,observational_left,1,6,5,2,10,15874.099999999627,829427,8,29,30,Non-Hispanic,I mainly looked at how many individuals went when the flyer was obtainable to make my decision.,Male,White,1017062,2023-04-04 16:19:48,
1678,observational_left,0,7,5,4,0,13817.599999999627,845482,13,31,30,Non-Hispanic,I mainly looked at how many individuals went when the flyer was obtainable to make my decision.,Male,White,1017062,2023-04-04 16:19:48,
1678,observational_left,1,6,5,2,0,12239.900000000373,859396,7,33,30,Non-Hispanic,I mainly looked at how many individuals went when the flyer was obtainable to make my decision.,Male,White,1017062,2023-04-04 16:19:48,
1678,observational_left,0,5,5,10,10,8702.800000000745,869694,4,35,30,Non-Hispanic,I mainly looked at how many individuals went when the flyer was obtainable to make my decision.,Male,White,1017062,2023-04-04 16:19:48,
1678,observational_left,1,5,2,10,0,10826.300000000743,882982,20,37,30,Non-Hispanic,I mainly looked at how many individuals went when the flyer was obtainable to make my decision.,Male,White,1017062,2023-04-04 16:19:48,
1678,observational_left,0,7,5,10,0,12883.700000001118,897779,15,39,30,Non-Hispanic,I mainly looked at how many individuals went when the flyer was obtainable to make my decision.,Male,White,1017062,2023-04-04 16:19:48,
1678,observational_left,1,6,4,10,0,10678.199999999257,910130,12,41,30,Non-Hispanic,I mainly looked at how many individuals went when the flyer was obtainable to make my decision.,Male,White,1017062,2023-04-04 16:19:48,
1678,observational_left,0,5,5,10,0,12518.900000000373,924202,3,43,30,Non-Hispanic,I mainly looked at how many individuals went when the flyer was obtainable to make my decision.,Male,White,1017062,2023-04-04 16:19:48,
1678,observational_left,1,5,3,10,0,13852.099999999627,939748,18,45,30,Non-Hispanic,I mainly looked at how many individuals went when the flyer was obtainable to make my decision.,Male,White,1017062,2023-04-04 16:19:48,
1678,observational_left,0,7,3,10,6,10006.900000000373,951402,22,47,30,Non-Hispanic,I mainly looked at how many individuals went when the flyer was obtainable to make my decision.,Male,White,1017062,2023-04-04 16:19:48,
1678,observational_left,1,5,4,0,0,9950.5,962632,5,49,30,Non-Hispanic,I mainly looked at how many individuals went when the flyer was obtainable to make my decision.,Male,White,1017062,2023-04-04 16:19:48,
1678,observational_left,1,6,4,2,0,11776.400000000373,975866,11,51,30,Non-Hispanic,I mainly looked at how many individuals went when the flyer was obtainable to make my decision.,Male,White,1017062,2023-04-04 16:19:48,
1678,observational_left,1,6,5,10,0,9167.599999999627,986627,9,53,30,Non-Hispanic,I mainly looked at how many individuals went when the flyer was obtainable to make my decision.,Male,White,1017062,2023-04-04 16:19:48,
1669,observational_left,0,5,4,10,0,25163.39999997616,1656936,1,8,29,Hispanic,I tried to choose the option with the largest amount of returning customers.,Male,White,2192285,2023-04-04 16:32:45,
1669,observational_left,0,5,5,0,10,25015.5,1690136,2,12,29,Hispanic,I tried to choose the option with the largest amount of returning customers.,Male,White,2192285,2023-04-04 16:32:45,
1669,observational_left,0,5,5,10,10,32678.299999952316,1728566,4,15,29,Hispanic,I tried to choose the option with the largest amount of returning customers.,Male,White,2192285,2023-04-04 16:32:45,
1669,observational_left,1,6,4,10,0,26695.400000095367,1756802,12,17,29,Hispanic,I tried to choose the option with the largest amount of returning customers.,Male,White,2192285,2023-04-04 16:32:45,
1669,observational_left,0,7,5,4,10,19980.60000002384,1779686,14,19,29,Hispanic,I tried to choose the option with the largest amount of returning customers.,Male,White,2192285,2023-04-04 16:32:45,
1669,observational_left,1,5,5,10,0,26031.5,1806987,3,21,29,Hispanic,I tried to choose the option with the largest amount of returning customers.,Male,White,2192285,2023-04-04 16:32:45,
1669,observational_left,0,7,5,10,0,16528.200000047684,1825334,15,23,29,Hispanic,I tried to choose the option with the largest amount of returning customers.,Male,White,2192285,2023-04-04 16:32:45,
1669,observational_left,0,5,2,10,0,9581.299999952316,1835735,20,25,29,Hispanic,I tried to choose the option with the largest amount of returning customers.,Male,White,2192285,2023-04-04 16:32:45,
1669,observational_left,0,7,3,10,6,59548.39999997616,1896202,22,27,29,Hispanic,I tried to choose the option with the largest amount of returning customers.,Male,White,2192285,2023-04-04 16:32:45,
1669,observational_left,0,7,5,10,10,9079.600000023842,1906633,16,29,29,Hispanic,I tried to choose the option with the largest amount of returning customers.,Male,White,2192285,2023-04-04 16:32:45,
1669,observational_left,0,7,3,10,0,30844.700000047684,1938715,21,31,29,Hispanic,I tried to choose the option with the largest amount of returning customers.,Male,White,2192285,2023-04-04 16:32:45,
1669,observational_left,0,5,3,10,0,21550.39999997616,1961486,18,33,29,Hispanic,I tried to choose the option with the largest amount of returning customers.,Male,White,2192285,2023-04-04 16:32:45,
1669,observational_left,1,5,3,0,0,7449.200000047684,1969802,17,35,29,Hispanic,I tried to choose the option with the largest amount of returning customers.,Male,White,2192285,2023-04-04 16:32:45,
1669,observational_left,1,6,5,2,0,12595.699999928474,1988134,7,37,29,Hispanic,I tried to choose the option with the largest amount of returning customers.,Male,White,2192285,2023-04-04 16:32:45,
1669,observational_left,1,5,2,0,0,13465.200000047684,2002585,19,39,29,Hispanic,I tried to choose the option with the largest amount of returning customers.,Male,White,2192285,2023-04-04 16:32:45,
1669,observational_left,1,6,4,2,0,58630,2062767,11,41,29,Hispanic,I tried to choose the option with the largest amount of returning customers.,Male,White,2192285,2023-04-04 16:32:45,
1669,observational_left,1,7,5,4,0,12266.600000023842,2075918,13,43,29,Hispanic,I tried to choose the option with the largest amount of returning customers.,Male,White,2192285,2023-04-04 16:32:45,
1669,observational_left,0,6,5,2,10,10231.699999928474,2087050,8,45,29,Hispanic,I tried to choose the option with the largest amount of returning customers.,Male,White,2192285,2023-04-04 16:32:45,
1669,observational_left,1,5,4,0,0,12863.5,2100782,5,47,29,Hispanic,I tried to choose the option with the largest amount of returning customers.,Male,White,2192285,2023-04-04 16:32:45,
1669,observational_left,1,5,5,0,0,13595.799999952316,2116099,6,49,29,Hispanic,I tried to choose the option with the largest amount of returning customers.,Male,White,2192285,2023-04-04 16:32:45,
1669,observational_left,1,6,5,10,0,20562.700000047684,2137534,9,51,29,Hispanic,I tried to choose the option with the largest amount of returning customers.,Male,White,2192285,2023-04-04 16:32:45,
1669,observational_left,1,6,5,10,10,14680.600000023842,2153684,10,53,29,Hispanic,I tried to choose the option with the largest amount of returning customers.,Male,White,2192285,2023-04-04 16:32:45,
1641,observational_left,1,5,4,10,0,25406.79999999702,644312,1,8,36,Non-Hispanic,"When the flyers was obtainable, how many took them and seen the movie to the ones who didn't take one and still seen the movie.",Female,White,1109950,2023-04-04 16:04:40,
1641,observational_left,0,5,5,10,10,17702.70000000298,691494,2,12,36,Non-Hispanic,"When the flyers was obtainable, how many took them and seen the movie to the ones who didn't take one and still seen the movie.",Female,White,1109950,2023-04-04 16:04:40,
1641,observational_left,0,6,5,2,10,18649.09999999404,725504,8,15,36,Non-Hispanic,"When the flyers was obtainable, how many took them and seen the movie to the ones who didn't take one and still seen the movie.",Female,White,1109950,2023-04-04 16:04:40,
1641,observational_left,1,5,5,10,10,11510.70000000298,742254,4,17,36,Non-Hispanic,"When the flyers was obtainable, how many took them and seen the movie to the ones who didn't take one and still seen the movie.",Female,White,1109950,2023-04-04 16:04:40,
1641,observational_left,1,5,2,10,0,17087.09999999404,761732,20,19,36,Non-Hispanic,"When the flyers was obtainable, how many took them and seen the movie to the ones who didn't take one and still seen the movie.",Female,White,1109950,2023-04-04 16:04:40,
1641,observational_left,1,7,5,10,10,13043.20000000298,776274,16,21,36,Non-Hispanic,"When the flyers was obtainable, how many took them and seen the movie to the ones who didn't take one and still seen the movie.",Female,White,1109950,2023-04-04 16:04:40,
1641,observational_left,0,7,5,4,10,10492.90000000596,788448,14,23,36,Non-Hispanic,"When the flyers was obtainable, how many took them and seen the movie to the ones who didn't take one and still seen the movie.",Female,White,1109950,2023-04-04 16:04:40,
1641,observational_left,1,5,3,10,0,12813.10000000894,802812,18,25,36,Non-Hispanic,"When the flyers was obtainable, how many took them and seen the movie to the ones who didn't take one and still seen the movie.",Female,White,1109950,2023-04-04 16:04:40,
1641,observational_left,1,6,4,2,0,11631.10000000894,815972,11,27,36,Non-Hispanic,"When the flyers was obtainable, how many took them and seen the movie to the ones who didn't take one and still seen the movie.",Female,White,1109950,2023-04-04 16:04:40,
1641,observational_left,1,5,3,0,0,12282.90000000596,829478,17,29,36,Non-Hispanic,"When the flyers was obtainable, how many took them and seen the movie to the ones who didn't take one and still seen the movie.",Female,White,1109950,2023-04-04 16:04:40,
1641,observational_left,1,7,5,10,0,18049.09999999404,848856,15,31,36,Non-Hispanic,"When the flyers was obtainable, how many took them and seen the movie to the ones who didn't take one and still seen the movie.",Female,White,1109950,2023-04-04 16:04:40,
1641,observational_left,0,6,5,2,0,17815,868094,7,33,36,Non-Hispanic,"When the flyers was obtainable, how many took them and seen the movie to the ones who didn't take one and still seen the movie.",Female,White,1109950,2023-04-04 16:04:40,
1641,observational_left,1,5,2,0,0,23346.79999999702,893214,19,35,36,Non-Hispanic,"When the flyers was obtainable, how many took them and seen the movie to the ones who didn't take one and still seen the movie.",Female,White,1109950,2023-04-04 16:04:40,
1641,observational_left,1,6,4,10,0,10038.69999998808,904546,12,37,36,Non-Hispanic,"When the flyers was obtainable, how many took them and seen the movie to the ones who didn't take one and still seen the movie.",Female,White,1109950,2023-04-04 16:04:40,
1641,observational_left,0,5,5,10,0,13015,919054,3,39,36,Non-Hispanic,"When the flyers was obtainable, how many took them and seen the movie to the ones who didn't take one and still seen the movie.",Female,White,1109950,2023-04-04 16:04:40,
1641,observational_left,0,5,5,0,0,10562.90000000596,931002,6,41,36,Non-Hispanic,"When the flyers was obtainable, how many took them and seen the movie to the ones who didn't take one and still seen the movie.",Female,White,1109950,2023-04-04 16:04:40,
1641,observational_left,0,5,4,0,0,8643.20000000298,941048,5,43,36,Non-Hispanic,"When the flyers was obtainable, how many took them and seen the movie to the ones who didn't take one and still seen the movie.",Female,White,1109950,2023-04-04 16:04:40,
1641,observational_left,0,6,5,10,10,21906.89999999106,965116,10,45,36,Non-Hispanic,"When the flyers was obtainable, how many took them and seen the movie to the ones who didn't take one and still seen the movie.",Female,White,1109950,2023-04-04 16:04:40,
1641,observational_left,1,7,3,10,0,12469.20000000298,978926,21,47,36,Non-Hispanic,"When the flyers was obtainable, how many took them and seen the movie to the ones who didn't take one and still seen the movie.",Female,White,1109950,2023-04-04 16:04:40,
1641,observational_left,1,6,5,10,0,12775.09999999404,993478,9,49,36,Non-Hispanic,"When the flyers was obtainable, how many took them and seen the movie to the ones who didn't take one and still seen the movie.",Female,White,1109950,2023-04-04 16:04:40,
1641,observational_left,1,7,3,10,6,16011.10000000894,1010652,22,51,36,Non-Hispanic,"When the flyers was obtainable, how many took them and seen the movie to the ones who didn't take one and still seen the movie.",Female,White,1109950,2023-04-04 16:04:40,
1641,observational_left,1,7,5,4,0,17963.5,1030078,13,53,36,Non-Hispanic,"When the flyers was obtainable, how many took them and seen the movie to the ones who didn't take one and still seen the movie.",Female,White,1109950,2023-04-04 16:04:40,
1665,observational_left,0,5,4,10,0,51268,578964,1,8,60,Non-Hispanic,Combination of how many went when getting their own flyers and how many went when handed a flyer.,Male,White,1480201,2023-04-04 16:18:34,
1665,observational_left,0,4,4,0,10,37507.59999999404,639509,2,12,60,Non-Hispanic,Combination of how many went when getting their own flyers and how many went when handed a flyer.,Male,White,1480201,2023-04-04 16:18:34,
1665,observational_left,1,6,5,10,10,42101.09999999404,689996,10,15,60,Non-Hispanic,Combination of how many went when getting their own flyers and how many went when handed a flyer.,Male,White,1480201,2023-04-04 16:18:34,
1665,observational_left,1,4,3,0,0,41356.40000000596,743228,5,17,60,Non-Hispanic,Combination of how many went when getting their own flyers and how many went when handed a flyer.,Male,White,1480201,2023-04-04 16:18:34,
1665,observational_left,1,5,3,10,0,31483.80000001192,778080,18,19,60,Non-Hispanic,Combination of how many went when getting their own flyers and how many went when handed a flyer.,Male,White,1480201,2023-04-04 16:18:34,
1665,observational_left,0,5,5,0,0,24019,805652,6,21,60,Non-Hispanic,Combination of how many went when getting their own flyers and how many went when handed a flyer.,Male,White,1480201,2023-04-04 16:18:34,
1665,observational_left,0,6,5,2,0,49085.5,859937,7,23,60,Non-Hispanic,Combination of how many went when getting their own flyers and how many went when handed a flyer.,Male,White,1480201,2023-04-04 16:18:34,
1665,observational_left,1,7,3,10,0,28434.70000001788,892605,21,25,60,Non-Hispanic,Combination of how many went when getting their own flyers and how many went when handed a flyer.,Male,White,1480201,2023-04-04 16:18:34,
1665,observational_left,1,5,2,10,0,26690.80000001192,923168,20,27,60,Non-Hispanic,Combination of how many went when getting their own flyers and how many went when handed a flyer.,Male,White,1480201,2023-04-04 16:18:34,
1665,observational_left,1,7,5,10,0,29162.40000000596,955229,15,29,60,Non-Hispanic,Combination of how many went when getting their own flyers and how many went when handed a flyer.,Male,White,1480201,2023-04-04 16:18:34,
1665,observational_left,0,6,5,2,10,22441.90000000596,979862,8,31,60,Non-Hispanic,Combination of how many went when getting their own flyers and how many went when handed a flyer.,Male,White,1480201,2023-04-04 16:18:34,
1665,observational_left,1,6,4,2,0,25257.30000001192,1011002,11,33,60,Non-Hispanic,Combination of how many went when getting their own flyers and how many went when handed a flyer.,Male,White,1480201,2023-04-04 16:18:34,
1665,observational_left,0,5,5,10,0,26322.69999998808,1061961,3,35,60,Non-Hispanic,Combination of how many went when getting their own flyers and how many went when handed a flyer.,Male,White,1480201,2023-04-04 16:18:34,
1665,observational_left,0,7,5,4,0,55813,1120959,13,37,60,Non-Hispanic,Combination of how many went when getting their own flyers and how many went when handed a flyer.,Male,White,1480201,2023-04-04 16:18:34,
1665,observational_left,0,7,3,10,7,85929.90000000596,1209818,22,39,60,Non-Hispanic,Combination of how many went when getting their own flyers and how many went when handed a flyer.,Male,White,1480201,2023-04-04 16:18:34,
1665,observational_left,0,5,5,10,10,24192.59999999404,1238375,4,41,60,Non-Hispanic,Combination of how many went when getting their own flyers and how many went when handed a flyer.,Male,White,1480201,2023-04-04 16:18:34,
1665,observational_left,1,6,5,10,0,21612.5,1262901,9,43,60,Non-Hispanic,Combination of how many went when getting their own flyers and how many went when handed a flyer.,Male,White,1480201,2023-04-04 16:18:34,
1665,observational_left,1,5,3,0,0,32476,1297816,17,45,60,Non-Hispanic,Combination of how many went when getting their own flyers and how many went when handed a flyer.,Male,White,1480201,2023-04-04 16:18:34,
1665,observational_left,0,6,4,10,0,18281.60000002384,1329723,12,47,60,Non-Hispanic,Combination of how many went when getting their own flyers and how many went when handed a flyer.,Male,White,1480201,2023-04-04 16:18:34,
1665,observational_left,0,7,5,4,10,37962.5,1373113,14,49,60,Non-Hispanic,Combination of how many went when getting their own flyers and how many went when handed a flyer.,Male,White,1480201,2023-04-04 16:18:34,
1665,observational_left,1,5,2,0,0,13081,1389052,19,51,60,Non-Hispanic,Combination of how many went when getting their own flyers and how many went when handed a flyer.,Male,White,1480201,2023-04-04 16:18:34,
1665,observational_left,0,7,5,10,10,18345.89999997616,1411431,16,53,60,Non-Hispanic,Combination of how many went when getting their own flyers and how many went when handed a flyer.,Male,White,1480201,2023-04-04 16:18:34,
1659,observational_left,1,5,4,10,0,23271,746448,1,23,34,Non-Hispanic,NA,Female,Asian,1198684,2023-04-04 16:10:47,
1659,observational_left,0,5,5,0,10,21230,778074,2,27,34,Non-Hispanic,NA,Female,Asian,1198684,2023-04-04 16:10:47,
1659,observational_left,0,7,5,4,10,36267,817190,14,30,34,Non-Hispanic,NA,Female,Asian,1198684,2023-04-04 16:10:47,
1659,observational_left,1,7,5,4,0,25128,844912,13,32,34,Non-Hispanic,NA,Female,Asian,1198684,2023-04-04 16:10:47,
1659,observational_left,0,6,5,10,10,18461,866045,10,34,34,Non-Hispanic,NA,Female,Asian,1198684,2023-04-04 16:10:47,
1659,observational_left,0,5,2,0,3,26517,894188,19,36,34,Non-Hispanic,NA,Female,Asian,1198684,2023-04-04 16:10:47,
1659,observational_left,1,5,5,10,0,14053,909721,3,38,34,Non-Hispanic,NA,Female,Asian,1198684,2023-04-04 16:10:47,
1659,observational_left,1,6,4,10,0,20139,931406,9,40,34,Non-Hispanic,NA,Female,Asian,1198684,2023-04-04 16:10:47,
1659,observational_left,1,6,4,2,0,16357,950260,11,42,34,Non-Hispanic,NA,Female,Asian,1198684,2023-04-04 16:10:47,
1659,observational_left,1,7,5,10,0,12826,964533,15,44,34,Non-Hispanic,NA,Female,Asian,1198684,2023-04-04 16:10:47,
1659,observational_left,0,5,5,0,0,9480,975413,6,46,34,Non-Hispanic,NA,Female,Asian,1198684,2023-04-04 16:10:47,
1659,observational_left,1,7,3,10,0,11098,987900,21,48,34,Non-Hispanic,NA,Female,Asian,1198684,2023-04-04 16:10:47,
1659,observational_left,1,5,2,10,0,10792,1000771,20,50,34,Non-Hispanic,NA,Female,Asian,1198684,2023-04-04 16:10:47,
1659,observational_left,0,7,5,10,10,18875,1021089,16,52,34,Non-Hispanic,NA,Female,Asian,1198684,2023-04-04 16:10:47,
1659,observational_left,0,5,3,0,0,11045,1033955,17,54,34,Non-Hispanic,NA,Female,Asian,1198684,2023-04-04 16:10:47,
1659,observational_left,0,6,5,2,10,13084,1048390,8,56,34,Non-Hispanic,NA,Female,Asian,1198684,2023-04-04 16:10:47,
1659,observational_left,1,5,3,10,0,9959,1059670,18,58,34,Non-Hispanic,NA,Female,Asian,1198684,2023-04-04 16:10:47,
1659,observational_left,0,5,4,0,0,69731,1130864,5,60,34,Non-Hispanic,NA,Female,Asian,1198684,2023-04-04 16:10:47,
1659,observational_left,0,5,5,10,10,10873,1143760,4,62,34,Non-Hispanic,NA,Female,Asian,1198684,2023-04-04 16:10:47,
1659,observational_left,0,6,5,2,0,15875,1160924,7,64,34,Non-Hispanic,NA,Female,Asian,1198684,2023-04-04 16:10:47,
1659,observational_left,1,7,3,10,5,11792,1173944,22,66,34,Non-Hispanic,NA,Female,Asian,1198684,2023-04-04 16:10:47,
1659,observational_left,1,6,4,10,0,10773,1185892,12,68,34,Non-Hispanic,NA,Female,Asian,1198684,2023-04-04 16:10:47,
1651,observational_left,0,5,4,10,0,33002.2000002861,380108,1,8,41,Non-Hispanic,This was a fun experiment. I feel like I may have been missing something in the way all the factors correlated but that I performed pretty well!,Female,White,707388,2023-04-04 15:59:50,
1651,observational_left,0,5,5,0,10,15986.299999713898,419056,2,12,41,Non-Hispanic,This was a fun experiment. I feel like I may have been missing something in the way all the factors correlated but that I performed pretty well!,Female,White,707388,2023-04-04 15:59:50,
1651,observational_left,1,6,4,2,0,16567.900000095367,441531,11,15,41,Non-Hispanic,This was a fun experiment. I feel like I may have been missing something in the way all the factors correlated but that I performed pretty well!,Female,White,707388,2023-04-04 15:59:50,
1651,observational_left,1,7,3,10,0,19782,462840,21,17,41,Non-Hispanic,This was a fun experiment. I feel like I may have been missing something in the way all the factors correlated but that I performed pretty well!,Female,White,707388,2023-04-04 15:59:50,
1651,observational_left,1,5,2,0,0,10435.700000286102,475690,19,19,41,Non-Hispanic,This was a fun experiment. I feel like I may have been missing something in the way all the factors correlated but that I performed pretty well!,Female,White,707388,2023-04-04 15:59:50,
1651,observational_left,0,7,5,10,10,18714.099999904633,496247,16,21,41,Non-Hispanic,This was a fun experiment. I feel like I may have been missing something in the way all the factors correlated but that I performed pretty well!,Female,White,707388,2023-04-04 15:59:50,
1651,observational_left,0,7,3,10,6,15933.300000190737,513643,22,23,41,Non-Hispanic,This was a fun experiment. I feel like I may have been missing something in the way all the factors correlated but that I performed pretty well!,Female,White,707388,2023-04-04 15:59:50,
1651,observational_left,1,5,3,10,0,10840.799999713898,526224,18,25,41,Non-Hispanic,This was a fun experiment. I feel like I may have been missing something in the way all the factors correlated but that I performed pretty well!,Female,White,707388,2023-04-04 15:59:50,
1651,observational_left,0,6,5,10,10,11096.700000286102,538645,10,27,41,Non-Hispanic,This was a fun experiment. I feel like I may have been missing something in the way all the factors correlated but that I performed pretty well!,Female,White,707388,2023-04-04 15:59:50,
1651,observational_left,0,5,5,10,0,8214.599999904633,548537,3,29,41,Non-Hispanic,This was a fun experiment. I feel like I may have been missing something in the way all the factors correlated but that I performed pretty well!,Female,White,707388,2023-04-04 15:59:50,
1651,observational_left,0,7,5,4,10,13357.900000095367,563014,14,31,41,Non-Hispanic,This was a fun experiment. I feel like I may have been missing something in the way all the factors correlated but that I performed pretty well!,Female,White,707388,2023-04-04 15:59:50,
1651,observational_left,0,7,5,4,0,11389.400000095367,575942,13,33,41,Non-Hispanic,This was a fun experiment. I feel like I may have been missing something in the way all the factors correlated but that I performed pretty well!,Female,White,707388,2023-04-04 15:59:50,
1651,observational_left,0,5,5,10,10,9192.400000095367,586292,4,35,41,Non-Hispanic,This was a fun experiment. I feel like I may have been missing something in the way all the factors correlated but that I performed pretty well!,Female,White,707388,2023-04-04 15:59:50,
1651,observational_left,0,6,4,10,0,9091.5,597063,12,37,41,Non-Hispanic,This was a fun experiment. I feel like I may have been missing something in the way all the factors correlated but that I performed pretty well!,Female,White,707388,2023-04-04 15:59:50,
1651,observational_left,1,5,2,10,0,7034.299999713898,605788,20,39,41,Non-Hispanic,This was a fun experiment. I feel like I may have been missing something in the way all the factors correlated but that I performed pretty well!,Female,White,707388,2023-04-04 15:59:50,
1651,observational_left,0,7,5,10,0,8138,614816,15,41,41,Non-Hispanic,This was a fun experiment. I feel like I may have been missing something in the way all the factors correlated but that I performed pretty well!,Female,White,707388,2023-04-04 15:59:50,
1651,observational_left,1,5,3,0,0,7110.300000190735,622754,17,43,41,Non-Hispanic,This was a fun experiment. I feel like I may have been missing something in the way all the factors correlated but that I performed pretty well!,Female,White,707388,2023-04-04 15:59:50,
1651,observational_left,0,6,5,2,0,7274.700000286102,630919,7,45,41,Non-Hispanic,This was a fun experiment. I feel like I may have been missing something in the way all the factors correlated but that I performed pretty well!,Female,White,707388,2023-04-04 15:59:50,
1651,observational_left,0,5,4,0,0,6398.299999713898,638411,5,47,41,Non-Hispanic,This was a fun experiment. I feel like I may have been missing something in the way all the factors correlated but that I performed pretty well!,Female,White,707388,2023-04-04 15:59:50,
1651,observational_left,0,6,5,2,10,8975.5,648429,8,49,41,Non-Hispanic,This was a fun experiment. I feel like I may have been missing something in the way all the factors correlated but that I performed pretty well!,Female,White,707388,2023-04-04 15:59:50,
1651,observational_left,0,6,5,10,0,8417,658118,9,51,41,Non-Hispanic,This was a fun experiment. I feel like I may have been missing something in the way all the factors correlated but that I performed pretty well!,Female,White,707388,2023-04-04 15:59:50,
1651,observational_left,0,5,5,0,0,6678.300000190735,666144,6,53,41,Non-Hispanic,This was a fun experiment. I feel like I may have been missing something in the way all the factors correlated but that I performed pretty well!,Female,White,707388,2023-04-04 15:59:50,
1643,observational_left,0,5,4,10,10,30799.5,384796,1,8,48,Non-Hispanic,how likely it seemed the flyer convinced people to see the movie if they would not have otherwise,Female,White,809524,2023-04-04 15:59:42,
1643,observational_left,0,5,5,0,10,19557.699999809265,419984,2,12,48,Non-Hispanic,how likely it seemed the flyer convinced people to see the movie if they would not have otherwise,Female,White,809524,2023-04-04 15:59:42,
1643,observational_left,0,7,5,4,10,27081,456816,14,15,48,Non-Hispanic,how likely it seemed the flyer convinced people to see the movie if they would not have otherwise,Female,White,809524,2023-04-04 15:59:42,
1643,observational_left,1,6,4,2,0,15914.699999809263,475326,11,17,48,Non-Hispanic,how likely it seemed the flyer convinced people to see the movie if they would not have otherwise,Female,White,809524,2023-04-04 15:59:42,
1643,observational_left,0,5,5,10,10,12650.199999809263,490220,4,19,48,Non-Hispanic,how likely it seemed the flyer convinced people to see the movie if they would not have otherwise,Female,White,809524,2023-04-04 15:59:42,
1643,observational_left,0,7,5,10,10,14042.39999961853,506185,16,21,48,Non-Hispanic,how likely it seemed the flyer convinced people to see the movie if they would not have otherwise,Female,White,809524,2023-04-04 15:59:42,
1643,observational_left,1,7,5,10,0,16023.89999961853,524654,15,23,48,Non-Hispanic,how likely it seemed the flyer convinced people to see the movie if they would not have otherwise,Female,White,809524,2023-04-04 15:59:42,
1643,observational_left,1,6,4,10,0,11699.199999809263,538098,12,25,48,Non-Hispanic,how likely it seemed the flyer convinced people to see the movie if they would not have otherwise,Female,White,809524,2023-04-04 15:59:42,
1643,observational_left,1,7,5,4,0,17680.60000038147,557097,13,27,48,Non-Hispanic,how likely it seemed the flyer convinced people to see the movie if they would not have otherwise,Female,White,809524,2023-04-04 15:59:42,
1643,observational_left,0,5,2,0,0,14509.39999961853,573044,19,29,48,Non-Hispanic,how likely it seemed the flyer convinced people to see the movie if they would not have otherwise,Female,White,809524,2023-04-04 15:59:42,
1643,observational_left,1,5,2,10,0,12535.300000190737,586958,20,31,48,Non-Hispanic,how likely it seemed the flyer convinced people to see the movie if they would not have otherwise,Female,White,809524,2023-04-04 15:59:42,
1643,observational_left,1,7,3,10,0,12132.29999923706,600479,21,33,48,Non-Hispanic,how likely it seemed the flyer convinced people to see the movie if they would not have otherwise,Female,White,809524,2023-04-04 15:59:42,
1643,observational_left,1,5,5,10,0,11112.60000038147,612659,3,35,48,Non-Hispanic,how likely it seemed the flyer convinced people to see the movie if they would not have otherwise,Female,White,809524,2023-04-04 15:59:42,
1643,observational_left,1,6,5,2,0,14204.699999809263,629135,7,37,48,Non-Hispanic,how likely it seemed the flyer convinced people to see the movie if they would not have otherwise,Female,White,809524,2023-04-04 15:59:42,
1643,observational_left,0,7,5,2,10,11026,642169,8,39,48,Non-Hispanic,how likely it seemed the flyer convinced people to see the movie if they would not have otherwise,Female,White,809524,2023-04-04 15:59:42,
1643,observational_left,1,5,4,0,0,15200.199999809263,658473,5,41,48,Non-Hispanic,how likely it seemed the flyer convinced people to see the movie if they would not have otherwise,Female,White,809524,2023-04-04 15:59:42,
1643,observational_left,0,5,5,0,0,14474.300000190737,674181,6,43,48,Non-Hispanic,how likely it seemed the flyer convinced people to see the movie if they would not have otherwise,Female,White,809524,2023-04-04 15:59:42,
1643,observational_left,0,5,5,10,10,9648.10000038147,684933,10,45,48,Non-Hispanic,how likely it seemed the flyer convinced people to see the movie if they would not have otherwise,Female,White,809524,2023-04-04 15:59:42,
1643,observational_left,1,5,3,0,0,13156.099999427795,699161,17,47,48,Non-Hispanic,how likely it seemed the flyer convinced people to see the movie if they would not have otherwise,Female,White,809524,2023-04-04 15:59:42,
1643,observational_left,1,7,3,10,6,10300.400000572205,710599,22,49,48,Non-Hispanic,how likely it seemed the flyer convinced people to see the movie if they would not have otherwise,Female,White,809524,2023-04-04 15:59:42,
1643,observational_left,1,6,5,10,0,10227.70000076294,721963,9,51,48,Non-Hispanic,how likely it seemed the flyer convinced people to see the movie if they would not have otherwise,Female,White,809524,2023-04-04 15:59:42,
1643,observational_left,1,5,4,10,0,10581.800000190737,733891,18,53,48,Non-Hispanic,how likely it seemed the flyer convinced people to see the movie if they would not have otherwise,Female,White,809524,2023-04-04 15:59:42,
1667,observational_left,1,5,4,10,0,34181.5,614750,1,8,34,Non-Hispanic,,Female,White,1214950,2023-04-04 16:15:18,
1667,observational_left,1,5,5,0,10,15830.700000047684,678800,2,12,34,Non-Hispanic,,Female,White,1214950,2023-04-04 16:15:18,
1667,observational_left,1,7,5,4,0,23916.69999992847,711638,13,15,34,Non-Hispanic,,Female,White,1214950,2023-04-04 16:15:18,
1667,observational_left,1,5,3,10,0,13844.5,726962,18,17,34,Non-Hispanic,,Female,White,1214950,2023-04-04 16:15:18,
1667,observational_left,1,7,3,10,6,15059.100000023842,744827,22,19,34,Non-Hispanic,,Female,White,1214950,2023-04-04 16:15:18,
1667,observational_left,1,0,5,10,7,17850.899999976158,764299,15,21,34,Non-Hispanic,,Female,White,1214950,2023-04-04 16:15:18,
1667,observational_left,1,0,2,10,5,16428.699999928474,782212,20,23,34,Non-Hispanic,,Female,White,1214950,2023-04-04 16:15:18,
1667,observational_left,0,6,5,2,0,16911,800298,7,25,34,Non-Hispanic,,Female,White,1214950,2023-04-04 16:15:18,
1667,observational_left,0,5,5,0,0,11939.399999976158,817020,6,27,34,Non-Hispanic,,Female,White,1214950,2023-04-04 16:15:18,
1667,observational_left,1,7,5,10,10,15996.200000047684,834266,16,29,34,Non-Hispanic,,Female,White,1214950,2023-04-04 16:15:18,
1667,observational_left,1,7,5,4,10,21574.30000007153,857177,14,31,34,Non-Hispanic,,Female,White,1214950,2023-04-04 16:15:18,
1667,observational_left,1,5,5,10,0,18211,877017,3,33,34,Non-Hispanic,,Female,White,1214950,2023-04-04 16:15:18,
1667,observational_left,0,5,3,0,0,13158.199999928474,891092,17,35,34,Non-Hispanic,,Female,White,1214950,2023-04-04 16:15:18,
1667,observational_left,0,6,4,2,0,11036.899999976158,903028,11,37,34,Non-Hispanic,,Female,White,1214950,2023-04-04 16:15:18,
1667,observational_left,1,6,5,10,0,12346,916447,9,39,34,Non-Hispanic,,Female,White,1214950,2023-04-04 16:15:18,
1667,observational_left,1,6,5,10,10,15160.199999928474,933010,10,41,34,Non-Hispanic,,Female,White,1214950,2023-04-04 16:15:18,
1667,observational_left,1,7,3,10,0,17705.299999952316,952091,21,43,34,Non-Hispanic,,Female,White,1214950,2023-04-04 16:15:18,
1667,observational_left,0,5,4,0,0,117496.20000004768,1070564,5,45,34,Non-Hispanic,,Female,White,1214950,2023-04-04 16:15:18,
1667,observational_left,0,6,5,2,10,12804.100000023842,1130435,8,47,34,Non-Hispanic,,Female,White,1214950,2023-04-04 16:15:18,
1667,observational_left,1,5,2,0,0,24649.799999952316,1156041,19,49,34,Non-Hispanic,,Female,White,1214950,2023-04-04 16:15:18,
1667,observational_left,1,5,5,10,10,10272,1167509,4,51,34,Non-Hispanic,,Female,White,1214950,2023-04-04 16:15:18,
1667,observational_left,1,6,4,10,0,27179.60000002384,1195597,12,53,34,Non-Hispanic,,Female,White,1214950,2023-04-04 16:15:18,
1637,observational_left,1,5,4,10,0,44614.70000004768,421604,1,8,30,Non-Hispanic,The fact some fliers were available to take would lead to selection bias that would need to be adjusted for.,Male,White,919260,2023-04-04 16:00:49,
1637,observational_left,0,5,5,0,10,13412.599999904633,453283,2,12,30,Non-Hispanic,The fact some fliers were available to take would lead to selection bias that would need to be adjusted for.,Male,White,919260,2023-04-04 16:00:49,
1637,observational_left,1,7,5,10,0,17534.799999952316,480484,15,15,30,Non-Hispanic,The fact some fliers were available to take would lead to selection bias that would need to be adjusted for.,Male,White,919260,2023-04-04 16:00:49,
1637,observational_left,1,6,4,10,0,17438.599999904633,499620,12,17,30,Non-Hispanic,The fact some fliers were available to take would lead to selection bias that would need to be adjusted for.,Male,White,919260,2023-04-04 16:00:49,
1637,observational_left,1,5,3,10,0,13614.700000047684,515020,18,19,30,Non-Hispanic,The fact some fliers were available to take would lead to selection bias that would need to be adjusted for.,Male,White,919260,2023-04-04 16:00:49,
1637,observational_left,1,5,2,0,0,21758.699999809265,538860,19,21,30,Non-Hispanic,The fact some fliers were available to take would lead to selection bias that would need to be adjusted for.,Male,White,919260,2023-04-04 16:00:49,
1637,observational_left,0,5,5,10,10,12998.400000095367,553916,4,23,30,Non-Hispanic,The fact some fliers were available to take would lead to selection bias that would need to be adjusted for.,Male,White,919260,2023-04-04 16:00:49,
1637,observational_left,0,5,5,10,0,15462.700000047684,573292,3,25,30,Non-Hispanic,The fact some fliers were available to take would lead to selection bias that would need to be adjusted for.,Male,White,919260,2023-04-04 16:00:49,
1637,observational_left,1,7,5,4,10,19024.599999904633,594333,14,27,30,Non-Hispanic,The fact some fliers were available to take would lead to selection bias that would need to be adjusted for.,Male,White,919260,2023-04-04 16:00:49,
1637,observational_left,1,6,5,2,0,18158.900000095367,615555,7,29,30,Non-Hispanic,The fact some fliers were available to take would lead to selection bias that would need to be adjusted for.,Male,White,919260,2023-04-04 16:00:49,
1637,observational_left,1,7,3,10,0,13350.099999904633,635220,21,31,30,Non-Hispanic,The fact some fliers were available to take would lead to selection bias that would need to be adjusted for.,Male,White,919260,2023-04-04 16:00:49,
1637,observational_left,0,6,5,10,10,16286.599999904633,655132,10,33,30,Non-Hispanic,The fact some fliers were available to take would lead to selection bias that would need to be adjusted for.,Male,White,919260,2023-04-04 16:00:49,
1637,observational_left,1,5,2,10,0,9078.799999952316,667060,20,35,30,Non-Hispanic,The fact some fliers were available to take would lead to selection bias that would need to be adjusted for.,Male,White,919260,2023-04-04 16:00:49,
1637,observational_left,1,7,3,10,6,13406.799999952316,682196,22,37,30,Non-Hispanic,The fact some fliers were available to take would lead to selection bias that would need to be adjusted for.,Male,White,919260,2023-04-04 16:00:49,
1637,observational_left,0,6,5,2,10,17286.900000095367,701268,8,39,30,Non-Hispanic,The fact some fliers were available to take would lead to selection bias that would need to be adjusted for.,Male,White,919260,2023-04-04 16:00:49,
1637,observational_left,1,6,5,10,0,9566.799999952316,714516,9,41,30,Non-Hispanic,The fact some fliers were available to take would lead to selection bias that would need to be adjusted for.,Male,White,919260,2023-04-04 16:00:49,
1637,observational_left,1,5,4,0,0,11527.200000047684,728100,5,43,30,Non-Hispanic,The fact some fliers were available to take would lead to selection bias that would need to be adjusted for.,Male,White,919260,2023-04-04 16:00:49,
1637,observational_left,1,7,5,4,0,33135.40000009537,768052,13,45,30,Non-Hispanic,The fact some fliers were available to take would lead to selection bias that would need to be adjusted for.,Male,White,919260,2023-04-04 16:00:49,
1637,observational_left,0,7,5,10,10,14542.799999952316,788932,16,47,30,Non-Hispanic,The fact some fliers were available to take would lead to selection bias that would need to be adjusted for.,Male,White,919260,2023-04-04 16:00:49,
1637,observational_left,0,6,4,2,0,12182.599999904633,803324,11,49,30,Non-Hispanic,The fact some fliers were available to take would lead to selection bias that would need to be adjusted for.,Male,White,919260,2023-04-04 16:00:49,
1637,observational_left,0,5,5,0,0,8662.900000095367,813700,6,51,30,Non-Hispanic,The fact some fliers were available to take would lead to selection bias that would need to be adjusted for.,Male,White,919260,2023-04-04 16:00:49,
1637,observational_left,1,5,3,0,0,10206.799999952316,825564,17,53,30,Non-Hispanic,The fact some fliers were available to take would lead to selection bias that would need to be adjusted for.,Male,White,919260,2023-04-04 16:00:49,
