workerid,proliferate.condition,button_pressed,trial,participants.age,participants.ethnicity,participants.feedback,participants.gender,participants.race,participants.time,participants.timestamp,error
569,observational_left_feedback,0,1,46,Non-Hispanic,I tried to see how many over all came back with the flyers,Female,White,994672,2022-04-05 19:49:40,
569,observational_left_feedback,0,2,46,Non-Hispanic,I tried to see how many over all came back with the flyers,Female,White,994672,2022-04-05 19:49:40,
569,observational_left_feedback,0,17,46,Non-Hispanic,I tried to see how many over all came back with the flyers,Female,White,994672,2022-04-05 19:49:40,
569,observational_left_feedback,1,22,46,Non-Hispanic,I tried to see how many over all came back with the flyers,Female,White,994672,2022-04-05 19:49:40,
569,observational_left_feedback,0,19,46,Non-Hispanic,I tried to see how many over all came back with the flyers,Female,White,994672,2022-04-05 19:49:40,
569,observational_left_feedback,1,4,46,Non-Hispanic,I tried to see how many over all came back with the flyers,Female,White,994672,2022-04-05 19:49:40,
569,observational_left_feedback,1,7,46,Non-Hispanic,I tried to see how many over all came back with the flyers,Female,White,994672,2022-04-05 19:49:40,
569,observational_left_feedback,1,10,46,Non-Hispanic,I tried to see how many over all came back with the flyers,Female,White,994672,2022-04-05 19:49:40,
569,observational_left_feedback,0,6,46,Non-Hispanic,I tried to see how many over all came back with the flyers,Female,White,994672,2022-04-05 19:49:40,
569,observational_left_feedback,1,18,46,Non-Hispanic,I tried to see how many over all came back with the flyers,Female,White,994672,2022-04-05 19:49:40,
569,observational_left_feedback,1,21,46,Non-Hispanic,I tried to see how many over all came back with the flyers,Female,White,994672,2022-04-05 19:49:40,
569,observational_left_feedback,1,15,46,Non-Hispanic,I tried to see how many over all came back with the flyers,Female,White,994672,2022-04-05 19:49:40,
569,observational_left_feedback,1,12,46,Non-Hispanic,I tried to see how many over all came back with the flyers,Female,White,994672,2022-04-05 19:49:40,
569,observational_left_feedback,0,16,46,Non-Hispanic,I tried to see how many over all came back with the flyers,Female,White,994672,2022-04-05 19:49:40,
569,observational_left_feedback,0,14,46,Non-Hispanic,I tried to see how many over all came back with the flyers,Female,White,994672,2022-04-05 19:49:40,
569,observational_left_feedback,1,8,46,Non-Hispanic,I tried to see how many over all came back with the flyers,Female,White,994672,2022-04-05 19:49:40,
569,observational_left_feedback,1,3,46,Non-Hispanic,I tried to see how many over all came back with the flyers,Female,White,994672,2022-04-05 19:49:40,
569,observational_left_feedback,1,11,46,Non-Hispanic,I tried to see how many over all came back with the flyers,Female,White,994672,2022-04-05 19:49:40,
569,observational_left_feedback,1,20,46,Non-Hispanic,I tried to see how many over all came back with the flyers,Female,White,994672,2022-04-05 19:49:40,
569,observational_left_feedback,1,9,46,Non-Hispanic,I tried to see how many over all came back with the flyers,Female,White,994672,2022-04-05 19:49:40,
569,observational_left_feedback,1,13,46,Non-Hispanic,I tried to see how many over all came back with the flyers,Female,White,994672,2022-04-05 19:49:40,
569,observational_left_feedback,1,5,46,Non-Hispanic,I tried to see how many over all came back with the flyers,Female,White,994672,2022-04-05 19:49:40,
497,observational_left_feedback,0,1,31,Hispanic,i saw how many people purchased a ticket who received the flyer,Male,White,929901,2022-04-05 19:29:26,
497,observational_left_feedback,0,2,31,Hispanic,i saw how many people purchased a ticket who received the flyer,Male,White,929901,2022-04-05 19:29:26,
497,observational_left_feedback,0,8,31,Hispanic,i saw how many people purchased a ticket who received the flyer,Male,White,929901,2022-04-05 19:29:26,
497,observational_left_feedback,1,12,31,Hispanic,i saw how many people purchased a ticket who received the flyer,Male,White,929901,2022-04-05 19:29:26,
497,observational_left_feedback,1,3,31,Hispanic,i saw how many people purchased a ticket who received the flyer,Male,White,929901,2022-04-05 19:29:26,
497,observational_left_feedback,1,6,31,Hispanic,i saw how many people purchased a ticket who received the flyer,Male,White,929901,2022-04-05 19:29:26,
497,observational_left_feedback,1,18,31,Hispanic,i saw how many people purchased a ticket who received the flyer,Male,White,929901,2022-04-05 19:29:26,
497,observational_left_feedback,1,10,31,Hispanic,i saw how many people purchased a ticket who received the flyer,Male,White,929901,2022-04-05 19:29:26,
497,observational_left_feedback,1,11,31,Hispanic,i saw how many people purchased a ticket who received the flyer,Male,White,929901,2022-04-05 19:29:26,
497,observational_left_feedback,1,13,31,Hispanic,i saw how many people purchased a ticket who received the flyer,Male,White,929901,2022-04-05 19:29:26,
497,observational_left_feedback,1,9,31,Hispanic,i saw how many people purchased a ticket who received the flyer,Male,White,929901,2022-04-05 19:29:26,
497,observational_left_feedback,1,15,31,Hispanic,i saw how many people purchased a ticket who received the flyer,Male,White,929901,2022-04-05 19:29:26,
497,observational_left_feedback,0,19,31,Hispanic,i saw how many people purchased a ticket who received the flyer,Male,White,929901,2022-04-05 19:29:26,
497,observational_left_feedback,1,7,31,Hispanic,i saw how many people purchased a ticket who received the flyer,Male,White,929901,2022-04-05 19:29:26,
497,observational_left_feedback,1,5,31,Hispanic,i saw how many people purchased a ticket who received the flyer,Male,White,929901,2022-04-05 19:29:26,
497,observational_left_feedback,0,17,31,Hispanic,i saw how many people purchased a ticket who received the flyer,Male,White,929901,2022-04-05 19:29:26,
497,observational_left_feedback,1,20,31,Hispanic,i saw how many people purchased a ticket who received the flyer,Male,White,929901,2022-04-05 19:29:26,
497,observational_left_feedback,1,22,31,Hispanic,i saw how many people purchased a ticket who received the flyer,Male,White,929901,2022-04-05 19:29:26,
497,observational_left_feedback,0,14,31,Hispanic,i saw how many people purchased a ticket who received the flyer,Male,White,929901,2022-04-05 19:29:26,
497,observational_left_feedback,1,21,31,Hispanic,i saw how many people purchased a ticket who received the flyer,Male,White,929901,2022-04-05 19:29:26,
497,observational_left_feedback,1,16,31,Hispanic,i saw how many people purchased a ticket who received the flyer,Male,White,929901,2022-04-05 19:29:26,
497,observational_left_feedback,0,4,31,Hispanic,i saw how many people purchased a ticket who received the flyer,Male,White,929901,2022-04-05 19:29:26,
483,observational_left_feedback,0,1,57,Non-Hispanic,If I did not give a flyer I would not lose money and could gain,Female,White,652057,2022-04-05 19:19:50,
483,observational_left_feedback,0,2,57,Non-Hispanic,If I did not give a flyer I would not lose money and could gain,Female,White,652057,2022-04-05 19:19:50,
483,observational_left_feedback,0,13,57,Non-Hispanic,If I did not give a flyer I would not lose money and could gain,Female,White,652057,2022-04-05 19:19:50,
483,observational_left_feedback,0,14,57,Non-Hispanic,If I did not give a flyer I would not lose money and could gain,Female,White,652057,2022-04-05 19:19:50,
483,observational_left_feedback,0,21,57,Non-Hispanic,If I did not give a flyer I would not lose money and could gain,Female,White,652057,2022-04-05 19:19:50,
483,observational_left_feedback,1,12,57,Non-Hispanic,If I did not give a flyer I would not lose money and could gain,Female,White,652057,2022-04-05 19:19:50,
483,observational_left_feedback,1,22,57,Non-Hispanic,If I did not give a flyer I would not lose money and could gain,Female,White,652057,2022-04-05 19:19:50,
483,observational_left_feedback,1,17,57,Non-Hispanic,If I did not give a flyer I would not lose money and could gain,Female,White,652057,2022-04-05 19:19:50,
483,observational_left_feedback,0,6,57,Non-Hispanic,If I did not give a flyer I would not lose money and could gain,Female,White,652057,2022-04-05 19:19:50,
483,observational_left_feedback,0,4,57,Non-Hispanic,If I did not give a flyer I would not lose money and could gain,Female,White,652057,2022-04-05 19:19:50,
483,observational_left_feedback,0,5,57,Non-Hispanic,If I did not give a flyer I would not lose money and could gain,Female,White,652057,2022-04-05 19:19:50,
483,observational_left_feedback,0,7,57,Non-Hispanic,If I did not give a flyer I would not lose money and could gain,Female,White,652057,2022-04-05 19:19:50,
483,observational_left_feedback,1,10,57,Non-Hispanic,If I did not give a flyer I would not lose money and could gain,Female,White,652057,2022-04-05 19:19:50,
483,observational_left_feedback,0,9,57,Non-Hispanic,If I did not give a flyer I would not lose money and could gain,Female,White,652057,2022-04-05 19:19:50,
483,observational_left_feedback,0,11,57,Non-Hispanic,If I did not give a flyer I would not lose money and could gain,Female,White,652057,2022-04-05 19:19:50,
483,observational_left_feedback,0,8,57,Non-Hispanic,If I did not give a flyer I would not lose money and could gain,Female,White,652057,2022-04-05 19:19:50,
483,observational_left_feedback,0,15,57,Non-Hispanic,If I did not give a flyer I would not lose money and could gain,Female,White,652057,2022-04-05 19:19:50,
483,observational_left_feedback,1,16,57,Non-Hispanic,If I did not give a flyer I would not lose money and could gain,Female,White,652057,2022-04-05 19:19:50,
483,observational_left_feedback,0,3,57,Non-Hispanic,If I did not give a flyer I would not lose money and could gain,Female,White,652057,2022-04-05 19:19:50,
483,observational_left_feedback,0,20,57,Non-Hispanic,If I did not give a flyer I would not lose money and could gain,Female,White,652057,2022-04-05 19:19:50,
483,observational_left_feedback,0,18,57,Non-Hispanic,If I did not give a flyer I would not lose money and could gain,Female,White,652057,2022-04-05 19:19:50,
483,observational_left_feedback,0,19,57,Non-Hispanic,If I did not give a flyer I would not lose money and could gain,Female,White,652057,2022-04-05 19:19:50,
550,observational_left_feedback,1,1,33,Non-Hispanic,N/a,Male,Black/African American,1156731,2022-04-05 19:46:51,
550,observational_left_feedback,0,2,33,Non-Hispanic,N/a,Male,Black/African American,1156731,2022-04-05 19:46:51,
550,observational_left_feedback,0,8,33,Non-Hispanic,N/a,Male,Black/African American,1156731,2022-04-05 19:46:51,
550,observational_left_feedback,1,19,33,Non-Hispanic,N/a,Male,Black/African American,1156731,2022-04-05 19:46:51,
550,observational_left_feedback,0,4,33,Non-Hispanic,N/a,Male,Black/African American,1156731,2022-04-05 19:46:51,
550,observational_left_feedback,0,3,33,Non-Hispanic,N/a,Male,Black/African American,1156731,2022-04-05 19:46:51,
550,observational_left_feedback,0,16,33,Non-Hispanic,N/a,Male,Black/African American,1156731,2022-04-05 19:46:51,
550,observational_left_feedback,1,11,33,Non-Hispanic,N/a,Male,Black/African American,1156731,2022-04-05 19:46:51,
550,observational_left_feedback,0,12,33,Non-Hispanic,N/a,Male,Black/African American,1156731,2022-04-05 19:46:51,
550,observational_left_feedback,1,5,33,Non-Hispanic,N/a,Male,Black/African American,1156731,2022-04-05 19:46:51,
550,observational_left_feedback,1,17,33,Non-Hispanic,N/a,Male,Black/African American,1156731,2022-04-05 19:46:51,
550,observational_left_feedback,0,21,33,Non-Hispanic,N/a,Male,Black/African American,1156731,2022-04-05 19:46:51,
550,observational_left_feedback,0,6,33,Non-Hispanic,N/a,Male,Black/African American,1156731,2022-04-05 19:46:51,
550,observational_left_feedback,0,20,33,Non-Hispanic,N/a,Male,Black/African American,1156731,2022-04-05 19:46:51,
550,observational_left_feedback,0,14,33,Non-Hispanic,N/a,Male,Black/African American,1156731,2022-04-05 19:46:51,
550,observational_left_feedback,0,9,33,Non-Hispanic,N/a,Male,Black/African American,1156731,2022-04-05 19:46:51,
550,observational_left_feedback,0,22,33,Non-Hispanic,N/a,Male,Black/African American,1156731,2022-04-05 19:46:51,
550,observational_left_feedback,1,15,33,Non-Hispanic,N/a,Male,Black/African American,1156731,2022-04-05 19:46:51,
550,observational_left_feedback,0,10,33,Non-Hispanic,N/a,Male,Black/African American,1156731,2022-04-05 19:46:51,
550,observational_left_feedback,0,18,33,Non-Hispanic,N/a,Male,Black/African American,1156731,2022-04-05 19:46:51,
550,observational_left_feedback,1,13,33,Non-Hispanic,N/a,Male,Black/African American,1156731,2022-04-05 19:46:51,
550,observational_left_feedback,1,7,33,Non-Hispanic,N/a,Male,Black/African American,1156731,2022-04-05 19:46:51,
553,observational_left_feedback,0,1,40,Non-Hispanic,I looked at how well the watch rate was for the obtainable flyers versus the ones handed out to make my decisions,Female,White,526132,2022-04-05 19:37:15,
553,observational_left_feedback,0,2,40,Non-Hispanic,I looked at how well the watch rate was for the obtainable flyers versus the ones handed out to make my decisions,Female,White,526132,2022-04-05 19:37:15,
553,observational_left_feedback,0,5,40,Non-Hispanic,I looked at how well the watch rate was for the obtainable flyers versus the ones handed out to make my decisions,Female,White,526132,2022-04-05 19:37:15,
553,observational_left_feedback,0,20,40,Non-Hispanic,I looked at how well the watch rate was for the obtainable flyers versus the ones handed out to make my decisions,Female,White,526132,2022-04-05 19:37:15,
553,observational_left_feedback,1,17,40,Non-Hispanic,I looked at how well the watch rate was for the obtainable flyers versus the ones handed out to make my decisions,Female,White,526132,2022-04-05 19:37:15,
553,observational_left_feedback,1,19,40,Non-Hispanic,I looked at how well the watch rate was for the obtainable flyers versus the ones handed out to make my decisions,Female,White,526132,2022-04-05 19:37:15,
553,observational_left_feedback,0,18,40,Non-Hispanic,I looked at how well the watch rate was for the obtainable flyers versus the ones handed out to make my decisions,Female,White,526132,2022-04-05 19:37:15,
553,observational_left_feedback,1,7,40,Non-Hispanic,I looked at how well the watch rate was for the obtainable flyers versus the ones handed out to make my decisions,Female,White,526132,2022-04-05 19:37:15,
553,observational_left_feedback,0,14,40,Non-Hispanic,I looked at how well the watch rate was for the obtainable flyers versus the ones handed out to make my decisions,Female,White,526132,2022-04-05 19:37:15,
553,observational_left_feedback,0,8,40,Non-Hispanic,I looked at how well the watch rate was for the obtainable flyers versus the ones handed out to make my decisions,Female,White,526132,2022-04-05 19:37:15,
553,observational_left_feedback,1,6,40,Non-Hispanic,I looked at how well the watch rate was for the obtainable flyers versus the ones handed out to make my decisions,Female,White,526132,2022-04-05 19:37:15,
553,observational_left_feedback,1,21,40,Non-Hispanic,I looked at how well the watch rate was for the obtainable flyers versus the ones handed out to make my decisions,Female,White,526132,2022-04-05 19:37:15,
553,observational_left_feedback,1,3,40,Non-Hispanic,I looked at how well the watch rate was for the obtainable flyers versus the ones handed out to make my decisions,Female,White,526132,2022-04-05 19:37:15,
553,observational_left_feedback,1,9,40,Non-Hispanic,I looked at how well the watch rate was for the obtainable flyers versus the ones handed out to make my decisions,Female,White,526132,2022-04-05 19:37:15,
553,observational_left_feedback,1,16,40,Non-Hispanic,I looked at how well the watch rate was for the obtainable flyers versus the ones handed out to make my decisions,Female,White,526132,2022-04-05 19:37:15,
553,observational_left_feedback,1,13,40,Non-Hispanic,I looked at how well the watch rate was for the obtainable flyers versus the ones handed out to make my decisions,Female,White,526132,2022-04-05 19:37:15,
553,observational_left_feedback,1,15,40,Non-Hispanic,I looked at how well the watch rate was for the obtainable flyers versus the ones handed out to make my decisions,Female,White,526132,2022-04-05 19:37:15,
553,observational_left_feedback,1,12,40,Non-Hispanic,I looked at how well the watch rate was for the obtainable flyers versus the ones handed out to make my decisions,Female,White,526132,2022-04-05 19:37:15,
553,observational_left_feedback,1,11,40,Non-Hispanic,I looked at how well the watch rate was for the obtainable flyers versus the ones handed out to make my decisions,Female,White,526132,2022-04-05 19:37:15,
553,observational_left_feedback,1,22,40,Non-Hispanic,I looked at how well the watch rate was for the obtainable flyers versus the ones handed out to make my decisions,Female,White,526132,2022-04-05 19:37:15,
553,observational_left_feedback,1,10,40,Non-Hispanic,I looked at how well the watch rate was for the obtainable flyers versus the ones handed out to make my decisions,Female,White,526132,2022-04-05 19:37:15,
553,observational_left_feedback,0,4,40,Non-Hispanic,I looked at how well the watch rate was for the obtainable flyers versus the ones handed out to make my decisions,Female,White,526132,2022-04-05 19:37:15,
536,observational_left_feedback,1,1,51,Non-Hispanic,The number of movie goers who went with and without being handed a flyer firstly.,Female,White,503467,2022-04-05 19:33:33,
536,observational_left_feedback,0,2,51,Non-Hispanic,The number of movie goers who went with and without being handed a flyer firstly.,Female,White,503467,2022-04-05 19:33:33,
536,observational_left_feedback,0,14,51,Non-Hispanic,The number of movie goers who went with and without being handed a flyer firstly.,Female,White,503467,2022-04-05 19:33:33,
536,observational_left_feedback,1,11,51,Non-Hispanic,The number of movie goers who went with and without being handed a flyer firstly.,Female,White,503467,2022-04-05 19:33:33,
536,observational_left_feedback,1,5,51,Non-Hispanic,The number of movie goers who went with and without being handed a flyer firstly.,Female,White,503467,2022-04-05 19:33:33,
536,observational_left_feedback,0,17,51,Non-Hispanic,The number of movie goers who went with and without being handed a flyer firstly.,Female,White,503467,2022-04-05 19:33:33,
536,observational_left_feedback,0,4,51,Non-Hispanic,The number of movie goers who went with and without being handed a flyer firstly.,Female,White,503467,2022-04-05 19:33:33,
536,observational_left_feedback,0,7,51,Non-Hispanic,The number of movie goers who went with and without being handed a flyer firstly.,Female,White,503467,2022-04-05 19:33:33,
536,observational_left_feedback,0,15,51,Non-Hispanic,The number of movie goers who went with and without being handed a flyer firstly.,Female,White,503467,2022-04-05 19:33:33,
536,observational_left_feedback,0,6,51,Non-Hispanic,The number of movie goers who went with and without being handed a flyer firstly.,Female,White,503467,2022-04-05 19:33:33,
536,observational_left_feedback,0,8,51,Non-Hispanic,The number of movie goers who went with and without being handed a flyer firstly.,Female,White,503467,2022-04-05 19:33:33,
536,observational_left_feedback,1,10,51,Non-Hispanic,The number of movie goers who went with and without being handed a flyer firstly.,Female,White,503467,2022-04-05 19:33:33,
536,observational_left_feedback,1,22,51,Non-Hispanic,The number of movie goers who went with and without being handed a flyer firstly.,Female,White,503467,2022-04-05 19:33:33,
536,observational_left_feedback,1,13,51,Non-Hispanic,The number of movie goers who went with and without being handed a flyer firstly.,Female,White,503467,2022-04-05 19:33:33,
536,observational_left_feedback,1,16,51,Non-Hispanic,The number of movie goers who went with and without being handed a flyer firstly.,Female,White,503467,2022-04-05 19:33:33,
536,observational_left_feedback,1,18,51,Non-Hispanic,The number of movie goers who went with and without being handed a flyer firstly.,Female,White,503467,2022-04-05 19:33:33,
536,observational_left_feedback,0,3,51,Non-Hispanic,The number of movie goers who went with and without being handed a flyer firstly.,Female,White,503467,2022-04-05 19:33:33,
536,observational_left_feedback,0,20,51,Non-Hispanic,The number of movie goers who went with and without being handed a flyer firstly.,Female,White,503467,2022-04-05 19:33:33,
536,observational_left_feedback,1,21,51,Non-Hispanic,The number of movie goers who went with and without being handed a flyer firstly.,Female,White,503467,2022-04-05 19:33:33,
536,observational_left_feedback,0,9,51,Non-Hispanic,The number of movie goers who went with and without being handed a flyer firstly.,Female,White,503467,2022-04-05 19:33:33,
536,observational_left_feedback,1,19,51,Non-Hispanic,The number of movie goers who went with and without being handed a flyer firstly.,Female,White,503467,2022-04-05 19:33:33,
536,observational_left_feedback,1,12,51,Non-Hispanic,The number of movie goers who went with and without being handed a flyer firstly.,Female,White,503467,2022-04-05 19:33:33,
579,observational_left_feedback,0,1,36,Non-Hispanic,The ratio of people that went to the movie theater with or without having been given a flier,Male,White,505542,2022-04-05 19:42:57,
579,observational_left_feedback,0,2,36,Non-Hispanic,The ratio of people that went to the movie theater with or without having been given a flier,Male,White,505542,2022-04-05 19:42:57,
579,observational_left_feedback,1,17,36,Non-Hispanic,The ratio of people that went to the movie theater with or without having been given a flier,Male,White,505542,2022-04-05 19:42:57,
579,observational_left_feedback,1,7,36,Non-Hispanic,The ratio of people that went to the movie theater with or without having been given a flier,Male,White,505542,2022-04-05 19:42:57,
579,observational_left_feedback,1,9,36,Non-Hispanic,The ratio of people that went to the movie theater with or without having been given a flier,Male,White,505542,2022-04-05 19:42:57,
579,observational_left_feedback,1,18,36,Non-Hispanic,The ratio of people that went to the movie theater with or without having been given a flier,Male,White,505542,2022-04-05 19:42:57,
579,observational_left_feedback,1,13,36,Non-Hispanic,The ratio of people that went to the movie theater with or without having been given a flier,Male,White,505542,2022-04-05 19:42:57,
579,observational_left_feedback,1,19,36,Non-Hispanic,The ratio of people that went to the movie theater with or without having been given a flier,Male,White,505542,2022-04-05 19:42:57,
579,observational_left_feedback,0,6,36,Non-Hispanic,The ratio of people that went to the movie theater with or without having been given a flier,Male,White,505542,2022-04-05 19:42:57,
579,observational_left_feedback,1,10,36,Non-Hispanic,The ratio of people that went to the movie theater with or without having been given a flier,Male,White,505542,2022-04-05 19:42:57,
579,observational_left_feedback,1,12,36,Non-Hispanic,The ratio of people that went to the movie theater with or without having been given a flier,Male,White,505542,2022-04-05 19:42:57,
579,observational_left_feedback,0,8,36,Non-Hispanic,The ratio of people that went to the movie theater with or without having been given a flier,Male,White,505542,2022-04-05 19:42:57,
579,observational_left_feedback,1,20,36,Non-Hispanic,The ratio of people that went to the movie theater with or without having been given a flier,Male,White,505542,2022-04-05 19:42:57,
579,observational_left_feedback,1,11,36,Non-Hispanic,The ratio of people that went to the movie theater with or without having been given a flier,Male,White,505542,2022-04-05 19:42:57,
579,observational_left_feedback,0,3,36,Non-Hispanic,The ratio of people that went to the movie theater with or without having been given a flier,Male,White,505542,2022-04-05 19:42:57,
579,observational_left_feedback,1,16,36,Non-Hispanic,The ratio of people that went to the movie theater with or without having been given a flier,Male,White,505542,2022-04-05 19:42:57,
579,observational_left_feedback,0,4,36,Non-Hispanic,The ratio of people that went to the movie theater with or without having been given a flier,Male,White,505542,2022-04-05 19:42:57,
579,observational_left_feedback,1,14,36,Non-Hispanic,The ratio of people that went to the movie theater with or without having been given a flier,Male,White,505542,2022-04-05 19:42:57,
579,observational_left_feedback,1,22,36,Non-Hispanic,The ratio of people that went to the movie theater with or without having been given a flier,Male,White,505542,2022-04-05 19:42:57,
579,observational_left_feedback,0,5,36,Non-Hispanic,The ratio of people that went to the movie theater with or without having been given a flier,Male,White,505542,2022-04-05 19:42:57,
579,observational_left_feedback,1,21,36,Non-Hispanic,The ratio of people that went to the movie theater with or without having been given a flier,Male,White,505542,2022-04-05 19:42:57,
579,observational_left_feedback,1,15,36,Non-Hispanic,The ratio of people that went to the movie theater with or without having been given a flier,Male,White,505542,2022-04-05 19:42:57,
479,observational_left_feedback,0,1,25,Non-Hispanic,Whether or not a large number of people were going to see the movie after receiving a flyer,Male,Black/African American,510130,2022-04-05 19:15:38,
479,observational_left_feedback,0,2,25,Non-Hispanic,Whether or not a large number of people were going to see the movie after receiving a flyer,Male,Black/African American,510130,2022-04-05 19:15:38,
479,observational_left_feedback,0,10,25,Non-Hispanic,Whether or not a large number of people were going to see the movie after receiving a flyer,Male,Black/African American,510130,2022-04-05 19:15:38,
479,observational_left_feedback,0,14,25,Non-Hispanic,Whether or not a large number of people were going to see the movie after receiving a flyer,Male,Black/African American,510130,2022-04-05 19:15:38,
479,observational_left_feedback,1,21,25,Non-Hispanic,Whether or not a large number of people were going to see the movie after receiving a flyer,Male,Black/African American,510130,2022-04-05 19:15:38,
479,observational_left_feedback,0,11,25,Non-Hispanic,Whether or not a large number of people were going to see the movie after receiving a flyer,Male,Black/African American,510130,2022-04-05 19:15:38,
479,observational_left_feedback,1,15,25,Non-Hispanic,Whether or not a large number of people were going to see the movie after receiving a flyer,Male,Black/African American,510130,2022-04-05 19:15:38,
479,observational_left_feedback,0,5,25,Non-Hispanic,Whether or not a large number of people were going to see the movie after receiving a flyer,Male,Black/African American,510130,2022-04-05 19:15:38,
479,observational_left_feedback,1,22,25,Non-Hispanic,Whether or not a large number of people were going to see the movie after receiving a flyer,Male,Black/African American,510130,2022-04-05 19:15:38,
479,observational_left_feedback,0,7,25,Non-Hispanic,Whether or not a large number of people were going to see the movie after receiving a flyer,Male,Black/African American,510130,2022-04-05 19:15:38,
479,observational_left_feedback,1,16,25,Non-Hispanic,Whether or not a large number of people were going to see the movie after receiving a flyer,Male,Black/African American,510130,2022-04-05 19:15:38,
479,observational_left_feedback,0,19,25,Non-Hispanic,Whether or not a large number of people were going to see the movie after receiving a flyer,Male,Black/African American,510130,2022-04-05 19:15:38,
479,observational_left_feedback,0,12,25,Non-Hispanic,Whether or not a large number of people were going to see the movie after receiving a flyer,Male,Black/African American,510130,2022-04-05 19:15:38,
479,observational_left_feedback,1,3,25,Non-Hispanic,Whether or not a large number of people were going to see the movie after receiving a flyer,Male,Black/African American,510130,2022-04-05 19:15:38,
479,observational_left_feedback,1,9,25,Non-Hispanic,Whether or not a large number of people were going to see the movie after receiving a flyer,Male,Black/African American,510130,2022-04-05 19:15:38,
479,observational_left_feedback,0,8,25,Non-Hispanic,Whether or not a large number of people were going to see the movie after receiving a flyer,Male,Black/African American,510130,2022-04-05 19:15:38,
479,observational_left_feedback,1,6,25,Non-Hispanic,Whether or not a large number of people were going to see the movie after receiving a flyer,Male,Black/African American,510130,2022-04-05 19:15:38,
479,observational_left_feedback,1,18,25,Non-Hispanic,Whether or not a large number of people were going to see the movie after receiving a flyer,Male,Black/African American,510130,2022-04-05 19:15:38,
479,observational_left_feedback,0,13,25,Non-Hispanic,Whether or not a large number of people were going to see the movie after receiving a flyer,Male,Black/African American,510130,2022-04-05 19:15:38,
479,observational_left_feedback,0,17,25,Non-Hispanic,Whether or not a large number of people were going to see the movie after receiving a flyer,Male,Black/African American,510130,2022-04-05 19:15:38,
479,observational_left_feedback,1,20,25,Non-Hispanic,Whether or not a large number of people were going to see the movie after receiving a flyer,Male,Black/African American,510130,2022-04-05 19:15:38,
479,observational_left_feedback,1,4,25,Non-Hispanic,Whether or not a large number of people were going to see the movie after receiving a flyer,Male,Black/African American,510130,2022-04-05 19:15:38,
493,observational_left_feedback,1,1,27,Non-Hispanic,I looked at how many previously had decided to go based off if they got a flyer or not.,Male,Asian,378059,2022-04-05 19:19:15,
493,observational_left_feedback,0,2,27,Non-Hispanic,I looked at how many previously had decided to go based off if they got a flyer or not.,Male,Asian,378059,2022-04-05 19:19:15,
493,observational_left_feedback,1,21,27,Non-Hispanic,I looked at how many previously had decided to go based off if they got a flyer or not.,Male,Asian,378059,2022-04-05 19:19:15,
493,observational_left_feedback,0,17,27,Non-Hispanic,I looked at how many previously had decided to go based off if they got a flyer or not.,Male,Asian,378059,2022-04-05 19:19:15,
493,observational_left_feedback,0,14,27,Non-Hispanic,I looked at how many previously had decided to go based off if they got a flyer or not.,Male,Asian,378059,2022-04-05 19:19:15,
493,observational_left_feedback,1,18,27,Non-Hispanic,I looked at how many previously had decided to go based off if they got a flyer or not.,Male,Asian,378059,2022-04-05 19:19:15,
493,observational_left_feedback,1,3,27,Non-Hispanic,I looked at how many previously had decided to go based off if they got a flyer or not.,Male,Asian,378059,2022-04-05 19:19:15,
493,observational_left_feedback,1,10,27,Non-Hispanic,I looked at how many previously had decided to go based off if they got a flyer or not.,Male,Asian,378059,2022-04-05 19:19:15,
493,observational_left_feedback,1,20,27,Non-Hispanic,I looked at how many previously had decided to go based off if they got a flyer or not.,Male,Asian,378059,2022-04-05 19:19:15,
493,observational_left_feedback,0,13,27,Non-Hispanic,I looked at how many previously had decided to go based off if they got a flyer or not.,Male,Asian,378059,2022-04-05 19:19:15,
493,observational_left_feedback,0,7,27,Non-Hispanic,I looked at how many previously had decided to go based off if they got a flyer or not.,Male,Asian,378059,2022-04-05 19:19:15,
493,observational_left_feedback,1,9,27,Non-Hispanic,I looked at how many previously had decided to go based off if they got a flyer or not.,Male,Asian,378059,2022-04-05 19:19:15,
493,observational_left_feedback,1,5,27,Non-Hispanic,I looked at how many previously had decided to go based off if they got a flyer or not.,Male,Asian,378059,2022-04-05 19:19:15,
493,observational_left_feedback,0,8,27,Non-Hispanic,I looked at how many previously had decided to go based off if they got a flyer or not.,Male,Asian,378059,2022-04-05 19:19:15,
493,observational_left_feedback,1,12,27,Non-Hispanic,I looked at how many previously had decided to go based off if they got a flyer or not.,Male,Asian,378059,2022-04-05 19:19:15,
493,observational_left_feedback,1,22,27,Non-Hispanic,I looked at how many previously had decided to go based off if they got a flyer or not.,Male,Asian,378059,2022-04-05 19:19:15,
493,observational_left_feedback,1,6,27,Non-Hispanic,I looked at how many previously had decided to go based off if they got a flyer or not.,Male,Asian,378059,2022-04-05 19:19:15,
493,observational_left_feedback,1,19,27,Non-Hispanic,I looked at how many previously had decided to go based off if they got a flyer or not.,Male,Asian,378059,2022-04-05 19:19:15,
493,observational_left_feedback,1,15,27,Non-Hispanic,I looked at how many previously had decided to go based off if they got a flyer or not.,Male,Asian,378059,2022-04-05 19:19:15,
493,observational_left_feedback,1,11,27,Non-Hispanic,I looked at how many previously had decided to go based off if they got a flyer or not.,Male,Asian,378059,2022-04-05 19:19:15,
493,observational_left_feedback,1,16,27,Non-Hispanic,I looked at how many previously had decided to go based off if they got a flyer or not.,Male,Asian,378059,2022-04-05 19:19:15,
493,observational_left_feedback,1,4,27,Non-Hispanic,I looked at how many previously had decided to go based off if they got a flyer or not.,Male,Asian,378059,2022-04-05 19:19:15,
594,observational_left_feedback,1,1,37,Non-Hispanic,if the bottom had more i chose no,Female,White,755715,2022-04-06 01:25:05,
594,observational_left_feedback,0,2,37,Non-Hispanic,if the bottom had more i chose no,Female,White,755715,2022-04-06 01:25:05,
594,observational_left_feedback,0,21,37,Non-Hispanic,if the bottom had more i chose no,Female,White,755715,2022-04-06 01:25:05,
594,observational_left_feedback,0,22,37,Non-Hispanic,if the bottom had more i chose no,Female,White,755715,2022-04-06 01:25:05,
594,observational_left_feedback,1,16,37,Non-Hispanic,if the bottom had more i chose no,Female,White,755715,2022-04-06 01:25:05,
594,observational_left_feedback,1,7,37,Non-Hispanic,if the bottom had more i chose no,Female,White,755715,2022-04-06 01:25:05,
594,observational_left_feedback,1,20,37,Non-Hispanic,if the bottom had more i chose no,Female,White,755715,2022-04-06 01:25:05,
594,observational_left_feedback,1,9,37,Non-Hispanic,if the bottom had more i chose no,Female,White,755715,2022-04-06 01:25:05,
594,observational_left_feedback,1,3,37,Non-Hispanic,if the bottom had more i chose no,Female,White,755715,2022-04-06 01:25:05,
594,observational_left_feedback,1,13,37,Non-Hispanic,if the bottom had more i chose no,Female,White,755715,2022-04-06 01:25:05,
594,observational_left_feedback,0,12,37,Non-Hispanic,if the bottom had more i chose no,Female,White,755715,2022-04-06 01:25:05,
594,observational_left_feedback,1,19,37,Non-Hispanic,if the bottom had more i chose no,Female,White,755715,2022-04-06 01:25:05,
594,observational_left_feedback,1,5,37,Non-Hispanic,if the bottom had more i chose no,Female,White,755715,2022-04-06 01:25:05,
594,observational_left_feedback,1,8,37,Non-Hispanic,if the bottom had more i chose no,Female,White,755715,2022-04-06 01:25:05,
594,observational_left_feedback,1,10,37,Non-Hispanic,if the bottom had more i chose no,Female,White,755715,2022-04-06 01:25:05,
594,observational_left_feedback,0,11,37,Non-Hispanic,if the bottom had more i chose no,Female,White,755715,2022-04-06 01:25:05,
594,observational_left_feedback,1,15,37,Non-Hispanic,if the bottom had more i chose no,Female,White,755715,2022-04-06 01:25:05,
594,observational_left_feedback,0,4,37,Non-Hispanic,if the bottom had more i chose no,Female,White,755715,2022-04-06 01:25:05,
594,observational_left_feedback,1,14,37,Non-Hispanic,if the bottom had more i chose no,Female,White,755715,2022-04-06 01:25:05,
594,observational_left_feedback,1,17,37,Non-Hispanic,if the bottom had more i chose no,Female,White,755715,2022-04-06 01:25:05,
594,observational_left_feedback,1,6,37,Non-Hispanic,if the bottom had more i chose no,Female,White,755715,2022-04-06 01:25:05,
594,observational_left_feedback,1,18,37,Non-Hispanic,if the bottom had more i chose no,Female,White,755715,2022-04-06 01:25:05,
484,observational_left_feedback,0,1,37,Non-Hispanic,I considered the overall odds that a flyer would influence the decision based on how many people received flyers etc.,Male,White,956459,2022-04-05 19:25:27,
484,observational_left_feedback,0,2,37,Non-Hispanic,I considered the overall odds that a flyer would influence the decision based on how many people received flyers etc.,Male,White,956459,2022-04-05 19:25:27,
484,observational_left_feedback,1,17,37,Non-Hispanic,I considered the overall odds that a flyer would influence the decision based on how many people received flyers etc.,Male,White,956459,2022-04-05 19:25:27,
484,observational_left_feedback,0,21,37,Non-Hispanic,I considered the overall odds that a flyer would influence the decision based on how many people received flyers etc.,Male,White,956459,2022-04-05 19:25:27,
484,observational_left_feedback,1,15,37,Non-Hispanic,I considered the overall odds that a flyer would influence the decision based on how many people received flyers etc.,Male,White,956459,2022-04-05 19:25:27,
484,observational_left_feedback,1,11,37,Non-Hispanic,I considered the overall odds that a flyer would influence the decision based on how many people received flyers etc.,Male,White,956459,2022-04-05 19:25:27,
484,observational_left_feedback,1,5,37,Non-Hispanic,I considered the overall odds that a flyer would influence the decision based on how many people received flyers etc.,Male,White,956459,2022-04-05 19:25:27,
484,observational_left_feedback,1,18,37,Non-Hispanic,I considered the overall odds that a flyer would influence the decision based on how many people received flyers etc.,Male,White,956459,2022-04-05 19:25:27,
484,observational_left_feedback,0,20,37,Non-Hispanic,I considered the overall odds that a flyer would influence the decision based on how many people received flyers etc.,Male,White,956459,2022-04-05 19:25:27,
484,observational_left_feedback,1,16,37,Non-Hispanic,I considered the overall odds that a flyer would influence the decision based on how many people received flyers etc.,Male,White,956459,2022-04-05 19:25:27,
484,observational_left_feedback,1,10,37,Non-Hispanic,I considered the overall odds that a flyer would influence the decision based on how many people received flyers etc.,Male,White,956459,2022-04-05 19:25:27,
484,observational_left_feedback,1,4,37,Non-Hispanic,I considered the overall odds that a flyer would influence the decision based on how many people received flyers etc.,Male,White,956459,2022-04-05 19:25:27,
484,observational_left_feedback,1,14,37,Non-Hispanic,I considered the overall odds that a flyer would influence the decision based on how many people received flyers etc.,Male,White,956459,2022-04-05 19:25:27,
484,observational_left_feedback,1,6,37,Non-Hispanic,I considered the overall odds that a flyer would influence the decision based on how many people received flyers etc.,Male,White,956459,2022-04-05 19:25:27,
484,observational_left_feedback,1,22,37,Non-Hispanic,I considered the overall odds that a flyer would influence the decision based on how many people received flyers etc.,Male,White,956459,2022-04-05 19:25:27,
484,observational_left_feedback,0,19,37,Non-Hispanic,I considered the overall odds that a flyer would influence the decision based on how many people received flyers etc.,Male,White,956459,2022-04-05 19:25:27,
484,observational_left_feedback,0,12,37,Non-Hispanic,I considered the overall odds that a flyer would influence the decision based on how many people received flyers etc.,Male,White,956459,2022-04-05 19:25:27,
484,observational_left_feedback,0,7,37,Non-Hispanic,I considered the overall odds that a flyer would influence the decision based on how many people received flyers etc.,Male,White,956459,2022-04-05 19:25:27,
484,observational_left_feedback,1,13,37,Non-Hispanic,I considered the overall odds that a flyer would influence the decision based on how many people received flyers etc.,Male,White,956459,2022-04-05 19:25:27,
484,observational_left_feedback,1,9,37,Non-Hispanic,I considered the overall odds that a flyer would influence the decision based on how many people received flyers etc.,Male,White,956459,2022-04-05 19:25:27,
484,observational_left_feedback,1,3,37,Non-Hispanic,I considered the overall odds that a flyer would influence the decision based on how many people received flyers etc.,Male,White,956459,2022-04-05 19:25:27,
484,observational_left_feedback,1,8,37,Non-Hispanic,I considered the overall odds that a flyer would influence the decision based on how many people received flyers etc.,Male,White,956459,2022-04-05 19:25:27,
578,observational_left_feedback,1,1,31,Non-Hispanic,"If it was 50/50 I said no, because that would still save me .50.  If the odds were more for a flyer handed out, I said yes.  If the odds were 100% with attainable, I said no because that was more effective. ",Female,White,920576,2022-04-05 19:49:36,
578,observational_left_feedback,1,2,31,Non-Hispanic,"If it was 50/50 I said no, because that would still save me .50.  If the odds were more for a flyer handed out, I said yes.  If the odds were 100% with attainable, I said no because that was more effective. ",Female,White,920576,2022-04-05 19:49:36,
578,observational_left_feedback,1,13,31,Non-Hispanic,"If it was 50/50 I said no, because that would still save me .50.  If the odds were more for a flyer handed out, I said yes.  If the odds were 100% with attainable, I said no because that was more effective. ",Female,White,920576,2022-04-05 19:49:36,
578,observational_left_feedback,1,11,31,Non-Hispanic,"If it was 50/50 I said no, because that would still save me .50.  If the odds were more for a flyer handed out, I said yes.  If the odds were 100% with attainable, I said no because that was more effective. ",Female,White,920576,2022-04-05 19:49:36,
578,observational_left_feedback,1,12,31,Non-Hispanic,"If it was 50/50 I said no, because that would still save me .50.  If the odds were more for a flyer handed out, I said yes.  If the odds were 100% with attainable, I said no because that was more effective. ",Female,White,920576,2022-04-05 19:49:36,
578,observational_left_feedback,1,16,31,Non-Hispanic,"If it was 50/50 I said no, because that would still save me .50.  If the odds were more for a flyer handed out, I said yes.  If the odds were 100% with attainable, I said no because that was more effective. ",Female,White,920576,2022-04-05 19:49:36,
578,observational_left_feedback,1,9,31,Non-Hispanic,"If it was 50/50 I said no, because that would still save me .50.  If the odds were more for a flyer handed out, I said yes.  If the odds were 100% with attainable, I said no because that was more effective. ",Female,White,920576,2022-04-05 19:49:36,
578,observational_left_feedback,0,3,31,Non-Hispanic,"If it was 50/50 I said no, because that would still save me .50.  If the odds were more for a flyer handed out, I said yes.  If the odds were 100% with attainable, I said no because that was more effective. ",Female,White,920576,2022-04-05 19:49:36,
578,observational_left_feedback,1,8,31,Non-Hispanic,"If it was 50/50 I said no, because that would still save me .50.  If the odds were more for a flyer handed out, I said yes.  If the odds were 100% with attainable, I said no because that was more effective. ",Female,White,920576,2022-04-05 19:49:36,
578,observational_left_feedback,1,7,31,Non-Hispanic,"If it was 50/50 I said no, because that would still save me .50.  If the odds were more for a flyer handed out, I said yes.  If the odds were 100% with attainable, I said no because that was more effective. ",Female,White,920576,2022-04-05 19:49:36,
578,observational_left_feedback,1,22,31,Non-Hispanic,"If it was 50/50 I said no, because that would still save me .50.  If the odds were more for a flyer handed out, I said yes.  If the odds were 100% with attainable, I said no because that was more effective. ",Female,White,920576,2022-04-05 19:49:36,
578,observational_left_feedback,1,21,31,Non-Hispanic,"If it was 50/50 I said no, because that would still save me .50.  If the odds were more for a flyer handed out, I said yes.  If the odds were 100% with attainable, I said no because that was more effective. ",Female,White,920576,2022-04-05 19:49:36,
578,observational_left_feedback,0,10,31,Non-Hispanic,"If it was 50/50 I said no, because that would still save me .50.  If the odds were more for a flyer handed out, I said yes.  If the odds were 100% with attainable, I said no because that was more effective. ",Female,White,920576,2022-04-05 19:49:36,
578,observational_left_feedback,0,4,31,Non-Hispanic,"If it was 50/50 I said no, because that would still save me .50.  If the odds were more for a flyer handed out, I said yes.  If the odds were 100% with attainable, I said no because that was more effective. ",Female,White,920576,2022-04-05 19:49:36,
578,observational_left_feedback,0,18,31,Non-Hispanic,"If it was 50/50 I said no, because that would still save me .50.  If the odds were more for a flyer handed out, I said yes.  If the odds were 100% with attainable, I said no because that was more effective. ",Female,White,920576,2022-04-05 19:49:36,
578,observational_left_feedback,1,5,31,Non-Hispanic,"If it was 50/50 I said no, because that would still save me .50.  If the odds were more for a flyer handed out, I said yes.  If the odds were 100% with attainable, I said no because that was more effective. ",Female,White,920576,2022-04-05 19:49:36,
578,observational_left_feedback,0,14,31,Non-Hispanic,"If it was 50/50 I said no, because that would still save me .50.  If the odds were more for a flyer handed out, I said yes.  If the odds were 100% with attainable, I said no because that was more effective. ",Female,White,920576,2022-04-05 19:49:36,
578,observational_left_feedback,1,17,31,Non-Hispanic,"If it was 50/50 I said no, because that would still save me .50.  If the odds were more for a flyer handed out, I said yes.  If the odds were 100% with attainable, I said no because that was more effective. ",Female,White,920576,2022-04-05 19:49:36,
578,observational_left_feedback,0,20,31,Non-Hispanic,"If it was 50/50 I said no, because that would still save me .50.  If the odds were more for a flyer handed out, I said yes.  If the odds were 100% with attainable, I said no because that was more effective. ",Female,White,920576,2022-04-05 19:49:36,
578,observational_left_feedback,1,6,31,Non-Hispanic,"If it was 50/50 I said no, because that would still save me .50.  If the odds were more for a flyer handed out, I said yes.  If the odds were 100% with attainable, I said no because that was more effective. ",Female,White,920576,2022-04-05 19:49:36,
578,observational_left_feedback,1,19,31,Non-Hispanic,"If it was 50/50 I said no, because that would still save me .50.  If the odds were more for a flyer handed out, I said yes.  If the odds were 100% with attainable, I said no because that was more effective. ",Female,White,920576,2022-04-05 19:49:36,
578,observational_left_feedback,1,15,31,Non-Hispanic,"If it was 50/50 I said no, because that would still save me .50.  If the odds were more for a flyer handed out, I said yes.  If the odds were 100% with attainable, I said no because that was more effective. ",Female,White,920576,2022-04-05 19:49:36,
472,observational_left_feedback,1,1,34,Non-Hispanic,I looked most closely at the bottom row to see if people who did not take a flyer would have gone to see the movie anyway. Thank you!,Female,White,649300,2022-04-05 19:14:26,
472,observational_left_feedback,1,2,34,Non-Hispanic,I looked most closely at the bottom row to see if people who did not take a flyer would have gone to see the movie anyway. Thank you!,Female,White,649300,2022-04-05 19:14:26,
472,observational_left_feedback,0,18,34,Non-Hispanic,I looked most closely at the bottom row to see if people who did not take a flyer would have gone to see the movie anyway. Thank you!,Female,White,649300,2022-04-05 19:14:26,
472,observational_left_feedback,1,6,34,Non-Hispanic,I looked most closely at the bottom row to see if people who did not take a flyer would have gone to see the movie anyway. Thank you!,Female,White,649300,2022-04-05 19:14:26,
472,observational_left_feedback,1,5,34,Non-Hispanic,I looked most closely at the bottom row to see if people who did not take a flyer would have gone to see the movie anyway. Thank you!,Female,White,649300,2022-04-05 19:14:26,
472,observational_left_feedback,1,3,34,Non-Hispanic,I looked most closely at the bottom row to see if people who did not take a flyer would have gone to see the movie anyway. Thank you!,Female,White,649300,2022-04-05 19:14:26,
472,observational_left_feedback,1,11,34,Non-Hispanic,I looked most closely at the bottom row to see if people who did not take a flyer would have gone to see the movie anyway. Thank you!,Female,White,649300,2022-04-05 19:14:26,
472,observational_left_feedback,1,17,34,Non-Hispanic,I looked most closely at the bottom row to see if people who did not take a flyer would have gone to see the movie anyway. Thank you!,Female,White,649300,2022-04-05 19:14:26,
472,observational_left_feedback,1,19,34,Non-Hispanic,I looked most closely at the bottom row to see if people who did not take a flyer would have gone to see the movie anyway. Thank you!,Female,White,649300,2022-04-05 19:14:26,
472,observational_left_feedback,0,16,34,Non-Hispanic,I looked most closely at the bottom row to see if people who did not take a flyer would have gone to see the movie anyway. Thank you!,Female,White,649300,2022-04-05 19:14:26,
472,observational_left_feedback,0,10,34,Non-Hispanic,I looked most closely at the bottom row to see if people who did not take a flyer would have gone to see the movie anyway. Thank you!,Female,White,649300,2022-04-05 19:14:26,
472,observational_left_feedback,1,15,34,Non-Hispanic,I looked most closely at the bottom row to see if people who did not take a flyer would have gone to see the movie anyway. Thank you!,Female,White,649300,2022-04-05 19:14:26,
472,observational_left_feedback,0,4,34,Non-Hispanic,I looked most closely at the bottom row to see if people who did not take a flyer would have gone to see the movie anyway. Thank you!,Female,White,649300,2022-04-05 19:14:26,
472,observational_left_feedback,1,9,34,Non-Hispanic,I looked most closely at the bottom row to see if people who did not take a flyer would have gone to see the movie anyway. Thank you!,Female,White,649300,2022-04-05 19:14:26,
472,observational_left_feedback,0,14,34,Non-Hispanic,I looked most closely at the bottom row to see if people who did not take a flyer would have gone to see the movie anyway. Thank you!,Female,White,649300,2022-04-05 19:14:26,
472,observational_left_feedback,1,12,34,Non-Hispanic,I looked most closely at the bottom row to see if people who did not take a flyer would have gone to see the movie anyway. Thank you!,Female,White,649300,2022-04-05 19:14:26,
472,observational_left_feedback,0,8,34,Non-Hispanic,I looked most closely at the bottom row to see if people who did not take a flyer would have gone to see the movie anyway. Thank you!,Female,White,649300,2022-04-05 19:14:26,
472,observational_left_feedback,1,7,34,Non-Hispanic,I looked most closely at the bottom row to see if people who did not take a flyer would have gone to see the movie anyway. Thank you!,Female,White,649300,2022-04-05 19:14:26,
472,observational_left_feedback,1,13,34,Non-Hispanic,I looked most closely at the bottom row to see if people who did not take a flyer would have gone to see the movie anyway. Thank you!,Female,White,649300,2022-04-05 19:14:26,
472,observational_left_feedback,1,21,34,Non-Hispanic,I looked most closely at the bottom row to see if people who did not take a flyer would have gone to see the movie anyway. Thank you!,Female,White,649300,2022-04-05 19:14:26,
472,observational_left_feedback,0,22,34,Non-Hispanic,I looked most closely at the bottom row to see if people who did not take a flyer would have gone to see the movie anyway. Thank you!,Female,White,649300,2022-04-05 19:14:26,
472,observational_left_feedback,1,20,34,Non-Hispanic,I looked most closely at the bottom row to see if people who did not take a flyer would have gone to see the movie anyway. Thank you!,Female,White,649300,2022-04-05 19:14:26,
546,observational_left_feedback,0,1,37,Non-Hispanic,Mainly looked at how many people returned who got a flyer,Female,White,536665,2022-04-05 19:35:43,
546,observational_left_feedback,0,2,37,Non-Hispanic,Mainly looked at how many people returned who got a flyer,Female,White,536665,2022-04-05 19:35:43,
546,observational_left_feedback,0,6,37,Non-Hispanic,Mainly looked at how many people returned who got a flyer,Female,White,536665,2022-04-05 19:35:43,
546,observational_left_feedback,1,22,37,Non-Hispanic,Mainly looked at how many people returned who got a flyer,Female,White,536665,2022-04-05 19:35:43,
546,observational_left_feedback,1,4,37,Non-Hispanic,Mainly looked at how many people returned who got a flyer,Female,White,536665,2022-04-05 19:35:43,
546,observational_left_feedback,1,20,37,Non-Hispanic,Mainly looked at how many people returned who got a flyer,Female,White,536665,2022-04-05 19:35:43,
546,observational_left_feedback,0,8,37,Non-Hispanic,Mainly looked at how many people returned who got a flyer,Female,White,536665,2022-04-05 19:35:43,
546,observational_left_feedback,1,7,37,Non-Hispanic,Mainly looked at how many people returned who got a flyer,Female,White,536665,2022-04-05 19:35:43,
546,observational_left_feedback,1,15,37,Non-Hispanic,Mainly looked at how many people returned who got a flyer,Female,White,536665,2022-04-05 19:35:43,
546,observational_left_feedback,1,3,37,Non-Hispanic,Mainly looked at how many people returned who got a flyer,Female,White,536665,2022-04-05 19:35:43,
546,observational_left_feedback,0,11,37,Non-Hispanic,Mainly looked at how many people returned who got a flyer,Female,White,536665,2022-04-05 19:35:43,
546,observational_left_feedback,0,14,37,Non-Hispanic,Mainly looked at how many people returned who got a flyer,Female,White,536665,2022-04-05 19:35:43,
546,observational_left_feedback,0,5,37,Non-Hispanic,Mainly looked at how many people returned who got a flyer,Female,White,536665,2022-04-05 19:35:43,
546,observational_left_feedback,1,12,37,Non-Hispanic,Mainly looked at how many people returned who got a flyer,Female,White,536665,2022-04-05 19:35:43,
546,observational_left_feedback,1,21,37,Non-Hispanic,Mainly looked at how many people returned who got a flyer,Female,White,536665,2022-04-05 19:35:43,
546,observational_left_feedback,0,9,37,Non-Hispanic,Mainly looked at how many people returned who got a flyer,Female,White,536665,2022-04-05 19:35:43,
546,observational_left_feedback,0,19,37,Non-Hispanic,Mainly looked at how many people returned who got a flyer,Female,White,536665,2022-04-05 19:35:43,
546,observational_left_feedback,1,13,37,Non-Hispanic,Mainly looked at how many people returned who got a flyer,Female,White,536665,2022-04-05 19:35:43,
546,observational_left_feedback,0,17,37,Non-Hispanic,Mainly looked at how many people returned who got a flyer,Female,White,536665,2022-04-05 19:35:43,
546,observational_left_feedback,1,16,37,Non-Hispanic,Mainly looked at how many people returned who got a flyer,Female,White,536665,2022-04-05 19:35:43,
546,observational_left_feedback,1,18,37,Non-Hispanic,Mainly looked at how many people returned who got a flyer,Female,White,536665,2022-04-05 19:35:43,
546,observational_left_feedback,1,10,37,Non-Hispanic,Mainly looked at how many people returned who got a flyer,Female,White,536665,2022-04-05 19:35:43,
495,observational_left_feedback,1,1,27,Non-Hispanic,I looked at all 4 quadrants and used that to make an educated guess on which option would be best.,Male,White,701400,2022-04-05 19:25:11,
495,observational_left_feedback,0,2,27,Non-Hispanic,I looked at all 4 quadrants and used that to make an educated guess on which option would be best.,Male,White,701400,2022-04-05 19:25:11,
495,observational_left_feedback,1,6,27,Non-Hispanic,I looked at all 4 quadrants and used that to make an educated guess on which option would be best.,Male,White,701400,2022-04-05 19:25:11,
495,observational_left_feedback,1,10,27,Non-Hispanic,I looked at all 4 quadrants and used that to make an educated guess on which option would be best.,Male,White,701400,2022-04-05 19:25:11,
495,observational_left_feedback,1,11,27,Non-Hispanic,I looked at all 4 quadrants and used that to make an educated guess on which option would be best.,Male,White,701400,2022-04-05 19:25:11,
495,observational_left_feedback,0,4,27,Non-Hispanic,I looked at all 4 quadrants and used that to make an educated guess on which option would be best.,Male,White,701400,2022-04-05 19:25:11,
495,observational_left_feedback,1,17,27,Non-Hispanic,I looked at all 4 quadrants and used that to make an educated guess on which option would be best.,Male,White,701400,2022-04-05 19:25:11,
495,observational_left_feedback,1,13,27,Non-Hispanic,I looked at all 4 quadrants and used that to make an educated guess on which option would be best.,Male,White,701400,2022-04-05 19:25:11,
495,observational_left_feedback,0,20,27,Non-Hispanic,I looked at all 4 quadrants and used that to make an educated guess on which option would be best.,Male,White,701400,2022-04-05 19:25:11,
495,observational_left_feedback,0,16,27,Non-Hispanic,I looked at all 4 quadrants and used that to make an educated guess on which option would be best.,Male,White,701400,2022-04-05 19:25:11,
495,observational_left_feedback,1,18,27,Non-Hispanic,I looked at all 4 quadrants and used that to make an educated guess on which option would be best.,Male,White,701400,2022-04-05 19:25:11,
495,observational_left_feedback,1,22,27,Non-Hispanic,I looked at all 4 quadrants and used that to make an educated guess on which option would be best.,Male,White,701400,2022-04-05 19:25:11,
495,observational_left_feedback,0,14,27,Non-Hispanic,I looked at all 4 quadrants and used that to make an educated guess on which option would be best.,Male,White,701400,2022-04-05 19:25:11,
495,observational_left_feedback,1,5,27,Non-Hispanic,I looked at all 4 quadrants and used that to make an educated guess on which option would be best.,Male,White,701400,2022-04-05 19:25:11,
495,observational_left_feedback,0,3,27,Non-Hispanic,I looked at all 4 quadrants and used that to make an educated guess on which option would be best.,Male,White,701400,2022-04-05 19:25:11,
495,observational_left_feedback,1,19,27,Non-Hispanic,I looked at all 4 quadrants and used that to make an educated guess on which option would be best.,Male,White,701400,2022-04-05 19:25:11,
495,observational_left_feedback,1,7,27,Non-Hispanic,I looked at all 4 quadrants and used that to make an educated guess on which option would be best.,Male,White,701400,2022-04-05 19:25:11,
495,observational_left_feedback,0,8,27,Non-Hispanic,I looked at all 4 quadrants and used that to make an educated guess on which option would be best.,Male,White,701400,2022-04-05 19:25:11,
495,observational_left_feedback,0,9,27,Non-Hispanic,I looked at all 4 quadrants and used that to make an educated guess on which option would be best.,Male,White,701400,2022-04-05 19:25:11,
495,observational_left_feedback,1,12,27,Non-Hispanic,I looked at all 4 quadrants and used that to make an educated guess on which option would be best.,Male,White,701400,2022-04-05 19:25:11,
495,observational_left_feedback,1,21,27,Non-Hispanic,I looked at all 4 quadrants and used that to make an educated guess on which option would be best.,Male,White,701400,2022-04-05 19:25:11,
495,observational_left_feedback,1,15,27,Non-Hispanic,I looked at all 4 quadrants and used that to make an educated guess on which option would be best.,Male,White,701400,2022-04-05 19:25:11,
561,observational_left_feedback,1,1,75,Non-Hispanic,,Female,White,793344,2022-04-05 19:43:43,
561,observational_left_feedback,0,2,75,Non-Hispanic,,Female,White,793344,2022-04-05 19:43:43,
561,observational_left_feedback,0,8,75,Non-Hispanic,,Female,White,793344,2022-04-05 19:43:43,
561,observational_left_feedback,0,15,75,Non-Hispanic,,Female,White,793344,2022-04-05 19:43:43,
561,observational_left_feedback,1,4,75,Non-Hispanic,,Female,White,793344,2022-04-05 19:43:43,
561,observational_left_feedback,1,9,75,Non-Hispanic,,Female,White,793344,2022-04-05 19:43:43,
561,observational_left_feedback,1,5,75,Non-Hispanic,,Female,White,793344,2022-04-05 19:43:43,
561,observational_left_feedback,0,21,75,Non-Hispanic,,Female,White,793344,2022-04-05 19:43:43,
561,observational_left_feedback,0,7,75,Non-Hispanic,,Female,White,793344,2022-04-05 19:43:43,
561,observational_left_feedback,0,14,75,Non-Hispanic,,Female,White,793344,2022-04-05 19:43:43,
561,observational_left_feedback,1,6,75,Non-Hispanic,,Female,White,793344,2022-04-05 19:43:43,
561,observational_left_feedback,1,19,75,Non-Hispanic,,Female,White,793344,2022-04-05 19:43:43,
561,observational_left_feedback,0,10,75,Non-Hispanic,,Female,White,793344,2022-04-05 19:43:43,
561,observational_left_feedback,0,18,75,Non-Hispanic,,Female,White,793344,2022-04-05 19:43:43,
561,observational_left_feedback,1,16,75,Non-Hispanic,,Female,White,793344,2022-04-05 19:43:43,
561,observational_left_feedback,1,22,75,Non-Hispanic,,Female,White,793344,2022-04-05 19:43:43,
561,observational_left_feedback,1,17,75,Non-Hispanic,,Female,White,793344,2022-04-05 19:43:43,
561,observational_left_feedback,0,3,75,Non-Hispanic,,Female,White,793344,2022-04-05 19:43:43,
561,observational_left_feedback,1,12,75,Non-Hispanic,,Female,White,793344,2022-04-05 19:43:43,
561,observational_left_feedback,1,11,75,Non-Hispanic,,Female,White,793344,2022-04-05 19:43:43,
561,observational_left_feedback,1,20,75,Non-Hispanic,,Female,White,793344,2022-04-05 19:43:43,
561,observational_left_feedback,1,13,75,Non-Hispanic,,Female,White,793344,2022-04-05 19:43:43,
499,observational_left_feedback,1,1,44,Non-Hispanic,How many went with a flyer vs. not having a flyer.,Female,White,1140850,2022-04-05 19:34:35,
499,observational_left_feedback,0,2,44,Non-Hispanic,How many went with a flyer vs. not having a flyer.,Female,White,1140850,2022-04-05 19:34:35,
499,observational_left_feedback,0,14,44,Non-Hispanic,How many went with a flyer vs. not having a flyer.,Female,White,1140850,2022-04-05 19:34:35,
499,observational_left_feedback,0,3,44,Non-Hispanic,How many went with a flyer vs. not having a flyer.,Female,White,1140850,2022-04-05 19:34:35,
499,observational_left_feedback,0,4,44,Non-Hispanic,How many went with a flyer vs. not having a flyer.,Female,White,1140850,2022-04-05 19:34:35,
499,observational_left_feedback,1,6,44,Non-Hispanic,How many went with a flyer vs. not having a flyer.,Female,White,1140850,2022-04-05 19:34:35,
499,observational_left_feedback,1,16,44,Non-Hispanic,How many went with a flyer vs. not having a flyer.,Female,White,1140850,2022-04-05 19:34:35,
499,observational_left_feedback,0,10,44,Non-Hispanic,How many went with a flyer vs. not having a flyer.,Female,White,1140850,2022-04-05 19:34:35,
499,observational_left_feedback,1,11,44,Non-Hispanic,How many went with a flyer vs. not having a flyer.,Female,White,1140850,2022-04-05 19:34:35,
499,observational_left_feedback,1,5,44,Non-Hispanic,How many went with a flyer vs. not having a flyer.,Female,White,1140850,2022-04-05 19:34:35,
499,observational_left_feedback,1,19,44,Non-Hispanic,How many went with a flyer vs. not having a flyer.,Female,White,1140850,2022-04-05 19:34:35,
499,observational_left_feedback,1,15,44,Non-Hispanic,How many went with a flyer vs. not having a flyer.,Female,White,1140850,2022-04-05 19:34:35,
499,observational_left_feedback,0,9,44,Non-Hispanic,How many went with a flyer vs. not having a flyer.,Female,White,1140850,2022-04-05 19:34:35,
499,observational_left_feedback,1,17,44,Non-Hispanic,How many went with a flyer vs. not having a flyer.,Female,White,1140850,2022-04-05 19:34:35,
499,observational_left_feedback,0,22,44,Non-Hispanic,How many went with a flyer vs. not having a flyer.,Female,White,1140850,2022-04-05 19:34:35,
499,observational_left_feedback,1,21,44,Non-Hispanic,How many went with a flyer vs. not having a flyer.,Female,White,1140850,2022-04-05 19:34:35,
499,observational_left_feedback,0,12,44,Non-Hispanic,How many went with a flyer vs. not having a flyer.,Female,White,1140850,2022-04-05 19:34:35,
499,observational_left_feedback,0,18,44,Non-Hispanic,How many went with a flyer vs. not having a flyer.,Female,White,1140850,2022-04-05 19:34:35,
499,observational_left_feedback,1,8,44,Non-Hispanic,How many went with a flyer vs. not having a flyer.,Female,White,1140850,2022-04-05 19:34:35,
499,observational_left_feedback,1,13,44,Non-Hispanic,How many went with a flyer vs. not having a flyer.,Female,White,1140850,2022-04-05 19:34:35,
499,observational_left_feedback,0,20,44,Non-Hispanic,How many went with a flyer vs. not having a flyer.,Female,White,1140850,2022-04-05 19:34:35,
499,observational_left_feedback,1,7,44,Non-Hispanic,How many went with a flyer vs. not having a flyer.,Female,White,1140850,2022-04-05 19:34:35,
577,observational_left_feedback,0,1,38,Non-Hispanic,paid attention to handing out flyers data,Male,White,992343,2022-04-05 19:50:32,
577,observational_left_feedback,0,2,38,Non-Hispanic,paid attention to handing out flyers data,Male,White,992343,2022-04-05 19:50:32,
577,observational_left_feedback,1,9,38,Non-Hispanic,paid attention to handing out flyers data,Male,White,992343,2022-04-05 19:50:32,
577,observational_left_feedback,0,6,38,Non-Hispanic,paid attention to handing out flyers data,Male,White,992343,2022-04-05 19:50:32,
577,observational_left_feedback,1,22,38,Non-Hispanic,paid attention to handing out flyers data,Male,White,992343,2022-04-05 19:50:32,
577,observational_left_feedback,1,14,38,Non-Hispanic,paid attention to handing out flyers data,Male,White,992343,2022-04-05 19:50:32,
577,observational_left_feedback,1,13,38,Non-Hispanic,paid attention to handing out flyers data,Male,White,992343,2022-04-05 19:50:32,
577,observational_left_feedback,0,20,38,Non-Hispanic,paid attention to handing out flyers data,Male,White,992343,2022-04-05 19:50:32,
577,observational_left_feedback,1,7,38,Non-Hispanic,paid attention to handing out flyers data,Male,White,992343,2022-04-05 19:50:32,
577,observational_left_feedback,0,16,38,Non-Hispanic,paid attention to handing out flyers data,Male,White,992343,2022-04-05 19:50:32,
577,observational_left_feedback,1,19,38,Non-Hispanic,paid attention to handing out flyers data,Male,White,992343,2022-04-05 19:50:32,
577,observational_left_feedback,1,12,38,Non-Hispanic,paid attention to handing out flyers data,Male,White,992343,2022-04-05 19:50:32,
577,observational_left_feedback,0,10,38,Non-Hispanic,paid attention to handing out flyers data,Male,White,992343,2022-04-05 19:50:32,
577,observational_left_feedback,0,15,38,Non-Hispanic,paid attention to handing out flyers data,Male,White,992343,2022-04-05 19:50:32,
577,observational_left_feedback,1,5,38,Non-Hispanic,paid attention to handing out flyers data,Male,White,992343,2022-04-05 19:50:32,
577,observational_left_feedback,0,17,38,Non-Hispanic,paid attention to handing out flyers data,Male,White,992343,2022-04-05 19:50:32,
577,observational_left_feedback,0,18,38,Non-Hispanic,paid attention to handing out flyers data,Male,White,992343,2022-04-05 19:50:32,
577,observational_left_feedback,0,8,38,Non-Hispanic,paid attention to handing out flyers data,Male,White,992343,2022-04-05 19:50:32,
577,observational_left_feedback,0,3,38,Non-Hispanic,paid attention to handing out flyers data,Male,White,992343,2022-04-05 19:50:32,
577,observational_left_feedback,1,21,38,Non-Hispanic,paid attention to handing out flyers data,Male,White,992343,2022-04-05 19:50:32,
577,observational_left_feedback,1,11,38,Non-Hispanic,paid attention to handing out flyers data,Male,White,992343,2022-04-05 19:50:32,
577,observational_left_feedback,0,4,38,Non-Hispanic,paid attention to handing out flyers data,Male,White,992343,2022-04-05 19:50:32,
563,observational_left_feedback,0,1,28,Non-Hispanic,How many people returned after voluntarily taking a flier or if they were one of the 50% offered a flier.,Female,White,451754,2022-04-05 19:38:19,
563,observational_left_feedback,0,2,28,Non-Hispanic,How many people returned after voluntarily taking a flier or if they were one of the 50% offered a flier.,Female,White,451754,2022-04-05 19:38:19,
563,observational_left_feedback,0,20,28,Non-Hispanic,How many people returned after voluntarily taking a flier or if they were one of the 50% offered a flier.,Female,White,451754,2022-04-05 19:38:19,
563,observational_left_feedback,0,10,28,Non-Hispanic,How many people returned after voluntarily taking a flier or if they were one of the 50% offered a flier.,Female,White,451754,2022-04-05 19:38:19,
563,observational_left_feedback,1,15,28,Non-Hispanic,How many people returned after voluntarily taking a flier or if they were one of the 50% offered a flier.,Female,White,451754,2022-04-05 19:38:19,
563,observational_left_feedback,1,17,28,Non-Hispanic,How many people returned after voluntarily taking a flier or if they were one of the 50% offered a flier.,Female,White,451754,2022-04-05 19:38:19,
563,observational_left_feedback,1,12,28,Non-Hispanic,How many people returned after voluntarily taking a flier or if they were one of the 50% offered a flier.,Female,White,451754,2022-04-05 19:38:19,
563,observational_left_feedback,1,4,28,Non-Hispanic,How many people returned after voluntarily taking a flier or if they were one of the 50% offered a flier.,Female,White,451754,2022-04-05 19:38:19,
563,observational_left_feedback,0,8,28,Non-Hispanic,How many people returned after voluntarily taking a flier or if they were one of the 50% offered a flier.,Female,White,451754,2022-04-05 19:38:19,
563,observational_left_feedback,0,16,28,Non-Hispanic,How many people returned after voluntarily taking a flier or if they were one of the 50% offered a flier.,Female,White,451754,2022-04-05 19:38:19,
563,observational_left_feedback,0,6,28,Non-Hispanic,How many people returned after voluntarily taking a flier or if they were one of the 50% offered a flier.,Female,White,451754,2022-04-05 19:38:19,
563,observational_left_feedback,0,5,28,Non-Hispanic,How many people returned after voluntarily taking a flier or if they were one of the 50% offered a flier.,Female,White,451754,2022-04-05 19:38:19,
563,observational_left_feedback,1,3,28,Non-Hispanic,How many people returned after voluntarily taking a flier or if they were one of the 50% offered a flier.,Female,White,451754,2022-04-05 19:38:19,
563,observational_left_feedback,0,18,28,Non-Hispanic,How many people returned after voluntarily taking a flier or if they were one of the 50% offered a flier.,Female,White,451754,2022-04-05 19:38:19,
563,observational_left_feedback,0,9,28,Non-Hispanic,How many people returned after voluntarily taking a flier or if they were one of the 50% offered a flier.,Female,White,451754,2022-04-05 19:38:19,
563,observational_left_feedback,1,13,28,Non-Hispanic,How many people returned after voluntarily taking a flier or if they were one of the 50% offered a flier.,Female,White,451754,2022-04-05 19:38:19,
563,observational_left_feedback,1,19,28,Non-Hispanic,How many people returned after voluntarily taking a flier or if they were one of the 50% offered a flier.,Female,White,451754,2022-04-05 19:38:19,
563,observational_left_feedback,1,22,28,Non-Hispanic,How many people returned after voluntarily taking a flier or if they were one of the 50% offered a flier.,Female,White,451754,2022-04-05 19:38:19,
563,observational_left_feedback,1,21,28,Non-Hispanic,How many people returned after voluntarily taking a flier or if they were one of the 50% offered a flier.,Female,White,451754,2022-04-05 19:38:19,
563,observational_left_feedback,1,14,28,Non-Hispanic,How many people returned after voluntarily taking a flier or if they were one of the 50% offered a flier.,Female,White,451754,2022-04-05 19:38:19,
563,observational_left_feedback,1,11,28,Non-Hispanic,How many people returned after voluntarily taking a flier or if they were one of the 50% offered a flier.,Female,White,451754,2022-04-05 19:38:19,
563,observational_left_feedback,0,7,28,Non-Hispanic,How many people returned after voluntarily taking a flier or if they were one of the 50% offered a flier.,Female,White,451754,2022-04-05 19:38:19,
501,observational_left_feedback,0,1,43,Non-Hispanic,just looked at the info provided and tried to predict,Female,White,418060,2022-04-05 19:23:43,
501,observational_left_feedback,0,2,43,Non-Hispanic,just looked at the info provided and tried to predict,Female,White,418060,2022-04-05 19:23:43,
501,observational_left_feedback,1,12,43,Non-Hispanic,just looked at the info provided and tried to predict,Female,White,418060,2022-04-05 19:23:43,
501,observational_left_feedback,1,13,43,Non-Hispanic,just looked at the info provided and tried to predict,Female,White,418060,2022-04-05 19:23:43,
501,observational_left_feedback,0,6,43,Non-Hispanic,just looked at the info provided and tried to predict,Female,White,418060,2022-04-05 19:23:43,
501,observational_left_feedback,1,21,43,Non-Hispanic,just looked at the info provided and tried to predict,Female,White,418060,2022-04-05 19:23:43,
501,observational_left_feedback,1,22,43,Non-Hispanic,just looked at the info provided and tried to predict,Female,White,418060,2022-04-05 19:23:43,
501,observational_left_feedback,1,11,43,Non-Hispanic,just looked at the info provided and tried to predict,Female,White,418060,2022-04-05 19:23:43,
501,observational_left_feedback,1,19,43,Non-Hispanic,just looked at the info provided and tried to predict,Female,White,418060,2022-04-05 19:23:43,
501,observational_left_feedback,1,15,43,Non-Hispanic,just looked at the info provided and tried to predict,Female,White,418060,2022-04-05 19:23:43,
501,observational_left_feedback,1,17,43,Non-Hispanic,just looked at the info provided and tried to predict,Female,White,418060,2022-04-05 19:23:43,
501,observational_left_feedback,0,14,43,Non-Hispanic,just looked at the info provided and tried to predict,Female,White,418060,2022-04-05 19:23:43,
501,observational_left_feedback,1,16,43,Non-Hispanic,just looked at the info provided and tried to predict,Female,White,418060,2022-04-05 19:23:43,
501,observational_left_feedback,0,9,43,Non-Hispanic,just looked at the info provided and tried to predict,Female,White,418060,2022-04-05 19:23:43,
501,observational_left_feedback,1,4,43,Non-Hispanic,just looked at the info provided and tried to predict,Female,White,418060,2022-04-05 19:23:43,
501,observational_left_feedback,0,3,43,Non-Hispanic,just looked at the info provided and tried to predict,Female,White,418060,2022-04-05 19:23:43,
501,observational_left_feedback,0,7,43,Non-Hispanic,just looked at the info provided and tried to predict,Female,White,418060,2022-04-05 19:23:43,
501,observational_left_feedback,1,20,43,Non-Hispanic,just looked at the info provided and tried to predict,Female,White,418060,2022-04-05 19:23:43,
501,observational_left_feedback,0,10,43,Non-Hispanic,just looked at the info provided and tried to predict,Female,White,418060,2022-04-05 19:23:43,
501,observational_left_feedback,1,18,43,Non-Hispanic,just looked at the info provided and tried to predict,Female,White,418060,2022-04-05 19:23:43,
501,observational_left_feedback,0,8,43,Non-Hispanic,just looked at the info provided and tried to predict,Female,White,418060,2022-04-05 19:23:43,
501,observational_left_feedback,1,5,43,Non-Hispanic,just looked at the info provided and tried to predict,Female,White,418060,2022-04-05 19:23:43,
488,observational_left_feedback,1,1,45,Non-Hispanic,I looked at the amount of people that went to see the movie based on who did and who didn't get a flyer. ,Female,White,779867,2022-04-05 19:24:36,
488,observational_left_feedback,0,2,45,Non-Hispanic,I looked at the amount of people that went to see the movie based on who did and who didn't get a flyer. ,Female,White,779867,2022-04-05 19:24:36,
488,observational_left_feedback,1,11,45,Non-Hispanic,I looked at the amount of people that went to see the movie based on who did and who didn't get a flyer. ,Female,White,779867,2022-04-05 19:24:36,
488,observational_left_feedback,1,21,45,Non-Hispanic,I looked at the amount of people that went to see the movie based on who did and who didn't get a flyer. ,Female,White,779867,2022-04-05 19:24:36,
488,observational_left_feedback,0,20,45,Non-Hispanic,I looked at the amount of people that went to see the movie based on who did and who didn't get a flyer. ,Female,White,779867,2022-04-05 19:24:36,
488,observational_left_feedback,0,5,45,Non-Hispanic,I looked at the amount of people that went to see the movie based on who did and who didn't get a flyer. ,Female,White,779867,2022-04-05 19:24:36,
488,observational_left_feedback,1,12,45,Non-Hispanic,I looked at the amount of people that went to see the movie based on who did and who didn't get a flyer. ,Female,White,779867,2022-04-05 19:24:36,
488,observational_left_feedback,1,3,45,Non-Hispanic,I looked at the amount of people that went to see the movie based on who did and who didn't get a flyer. ,Female,White,779867,2022-04-05 19:24:36,
488,observational_left_feedback,0,17,45,Non-Hispanic,I looked at the amount of people that went to see the movie based on who did and who didn't get a flyer. ,Female,White,779867,2022-04-05 19:24:36,
488,observational_left_feedback,0,8,45,Non-Hispanic,I looked at the amount of people that went to see the movie based on who did and who didn't get a flyer. ,Female,White,779867,2022-04-05 19:24:36,
488,observational_left_feedback,1,6,45,Non-Hispanic,I looked at the amount of people that went to see the movie based on who did and who didn't get a flyer. ,Female,White,779867,2022-04-05 19:24:36,
488,observational_left_feedback,1,13,45,Non-Hispanic,I looked at the amount of people that went to see the movie based on who did and who didn't get a flyer. ,Female,White,779867,2022-04-05 19:24:36,
488,observational_left_feedback,1,22,45,Non-Hispanic,I looked at the amount of people that went to see the movie based on who did and who didn't get a flyer. ,Female,White,779867,2022-04-05 19:24:36,
488,observational_left_feedback,0,7,45,Non-Hispanic,I looked at the amount of people that went to see the movie based on who did and who didn't get a flyer. ,Female,White,779867,2022-04-05 19:24:36,
488,observational_left_feedback,0,18,45,Non-Hispanic,I looked at the amount of people that went to see the movie based on who did and who didn't get a flyer. ,Female,White,779867,2022-04-05 19:24:36,
488,observational_left_feedback,1,16,45,Non-Hispanic,I looked at the amount of people that went to see the movie based on who did and who didn't get a flyer. ,Female,White,779867,2022-04-05 19:24:36,
488,observational_left_feedback,1,14,45,Non-Hispanic,I looked at the amount of people that went to see the movie based on who did and who didn't get a flyer. ,Female,White,779867,2022-04-05 19:24:36,
488,observational_left_feedback,0,4,45,Non-Hispanic,I looked at the amount of people that went to see the movie based on who did and who didn't get a flyer. ,Female,White,779867,2022-04-05 19:24:36,
488,observational_left_feedback,1,15,45,Non-Hispanic,I looked at the amount of people that went to see the movie based on who did and who didn't get a flyer. ,Female,White,779867,2022-04-05 19:24:36,
488,observational_left_feedback,0,10,45,Non-Hispanic,I looked at the amount of people that went to see the movie based on who did and who didn't get a flyer. ,Female,White,779867,2022-04-05 19:24:36,
488,observational_left_feedback,1,9,45,Non-Hispanic,I looked at the amount of people that went to see the movie based on who did and who didn't get a flyer. ,Female,White,779867,2022-04-05 19:24:36,
488,observational_left_feedback,0,19,45,Non-Hispanic,I looked at the amount of people that went to see the movie based on who did and who didn't get a flyer. ,Female,White,779867,2022-04-05 19:24:36,
556,observational_left_feedback,0,1,70,Non-Hispanic,it was confusing...i guessed on most of them,Female,White,672544,2022-04-05 19:40:22,
556,observational_left_feedback,0,2,70,Non-Hispanic,it was confusing...i guessed on most of them,Female,White,672544,2022-04-05 19:40:22,
556,observational_left_feedback,1,18,70,Non-Hispanic,it was confusing...i guessed on most of them,Female,White,672544,2022-04-05 19:40:22,
556,observational_left_feedback,0,15,70,Non-Hispanic,it was confusing...i guessed on most of them,Female,White,672544,2022-04-05 19:40:22,
556,observational_left_feedback,1,3,70,Non-Hispanic,it was confusing...i guessed on most of them,Female,White,672544,2022-04-05 19:40:22,
556,observational_left_feedback,1,16,70,Non-Hispanic,it was confusing...i guessed on most of them,Female,White,672544,2022-04-05 19:40:22,
556,observational_left_feedback,0,7,70,Non-Hispanic,it was confusing...i guessed on most of them,Female,White,672544,2022-04-05 19:40:22,
556,observational_left_feedback,0,8,70,Non-Hispanic,it was confusing...i guessed on most of them,Female,White,672544,2022-04-05 19:40:22,
556,observational_left_feedback,1,14,70,Non-Hispanic,it was confusing...i guessed on most of them,Female,White,672544,2022-04-05 19:40:22,
556,observational_left_feedback,1,19,70,Non-Hispanic,it was confusing...i guessed on most of them,Female,White,672544,2022-04-05 19:40:22,
556,observational_left_feedback,0,12,70,Non-Hispanic,it was confusing...i guessed on most of them,Female,White,672544,2022-04-05 19:40:22,
556,observational_left_feedback,1,21,70,Non-Hispanic,it was confusing...i guessed on most of them,Female,White,672544,2022-04-05 19:40:22,
556,observational_left_feedback,1,13,70,Non-Hispanic,it was confusing...i guessed on most of them,Female,White,672544,2022-04-05 19:40:22,
556,observational_left_feedback,0,10,70,Non-Hispanic,it was confusing...i guessed on most of them,Female,White,672544,2022-04-05 19:40:22,
556,observational_left_feedback,0,9,70,Non-Hispanic,it was confusing...i guessed on most of them,Female,White,672544,2022-04-05 19:40:22,
556,observational_left_feedback,1,5,70,Non-Hispanic,it was confusing...i guessed on most of them,Female,White,672544,2022-04-05 19:40:22,
556,observational_left_feedback,1,20,70,Non-Hispanic,it was confusing...i guessed on most of them,Female,White,672544,2022-04-05 19:40:22,
556,observational_left_feedback,1,4,70,Non-Hispanic,it was confusing...i guessed on most of them,Female,White,672544,2022-04-05 19:40:22,
556,observational_left_feedback,1,17,70,Non-Hispanic,it was confusing...i guessed on most of them,Female,White,672544,2022-04-05 19:40:22,
556,observational_left_feedback,1,11,70,Non-Hispanic,it was confusing...i guessed on most of them,Female,White,672544,2022-04-05 19:40:22,
556,observational_left_feedback,0,6,70,Non-Hispanic,it was confusing...i guessed on most of them,Female,White,672544,2022-04-05 19:40:22,
556,observational_left_feedback,0,22,70,Non-Hispanic,it was confusing...i guessed on most of them,Female,White,672544,2022-04-05 19:40:22,
519,observational_left_feedback,0,1,29,Hispanic,No comments,Female,White,1612228,2022-04-05 19:47:25,
519,observational_left_feedback,0,2,29,Hispanic,No comments,Female,White,1612228,2022-04-05 19:47:25,
519,observational_left_feedback,0,6,29,Hispanic,No comments,Female,White,1612228,2022-04-05 19:47:25,
519,observational_left_feedback,1,19,29,Hispanic,No comments,Female,White,1612228,2022-04-05 19:47:25,
519,observational_left_feedback,1,18,29,Hispanic,No comments,Female,White,1612228,2022-04-05 19:47:25,
519,observational_left_feedback,1,7,29,Hispanic,No comments,Female,White,1612228,2022-04-05 19:47:25,
519,observational_left_feedback,1,21,29,Hispanic,No comments,Female,White,1612228,2022-04-05 19:47:25,
519,observational_left_feedback,1,5,29,Hispanic,No comments,Female,White,1612228,2022-04-05 19:47:25,
519,observational_left_feedback,1,3,29,Hispanic,No comments,Female,White,1612228,2022-04-05 19:47:25,
519,observational_left_feedback,1,17,29,Hispanic,No comments,Female,White,1612228,2022-04-05 19:47:25,
519,observational_left_feedback,1,16,29,Hispanic,No comments,Female,White,1612228,2022-04-05 19:47:25,
519,observational_left_feedback,1,13,29,Hispanic,No comments,Female,White,1612228,2022-04-05 19:47:25,
519,observational_left_feedback,0,8,29,Hispanic,No comments,Female,White,1612228,2022-04-05 19:47:25,
519,observational_left_feedback,0,4,29,Hispanic,No comments,Female,White,1612228,2022-04-05 19:47:25,
519,observational_left_feedback,1,14,29,Hispanic,No comments,Female,White,1612228,2022-04-05 19:47:25,
519,observational_left_feedback,1,10,29,Hispanic,No comments,Female,White,1612228,2022-04-05 19:47:25,
519,observational_left_feedback,1,9,29,Hispanic,No comments,Female,White,1612228,2022-04-05 19:47:25,
519,observational_left_feedback,0,20,29,Hispanic,No comments,Female,White,1612228,2022-04-05 19:47:25,
519,observational_left_feedback,1,12,29,Hispanic,No comments,Female,White,1612228,2022-04-05 19:47:25,
519,observational_left_feedback,1,15,29,Hispanic,No comments,Female,White,1612228,2022-04-05 19:47:25,
519,observational_left_feedback,0,22,29,Hispanic,No comments,Female,White,1612228,2022-04-05 19:47:25,
519,observational_left_feedback,1,11,29,Hispanic,No comments,Female,White,1612228,2022-04-05 19:47:25,
534,observational_left_feedback,1,1,58,Non-Hispanic,What the chart showed as best option.,Female,Black/African American,751587,2022-04-05 19:37:28,
534,observational_left_feedback,1,2,58,Non-Hispanic,What the chart showed as best option.,Female,Black/African American,751587,2022-04-05 19:37:28,
534,observational_left_feedback,1,16,58,Non-Hispanic,What the chart showed as best option.,Female,Black/African American,751587,2022-04-05 19:37:28,
534,observational_left_feedback,1,17,58,Non-Hispanic,What the chart showed as best option.,Female,Black/African American,751587,2022-04-05 19:37:28,
534,observational_left_feedback,0,13,58,Non-Hispanic,What the chart showed as best option.,Female,Black/African American,751587,2022-04-05 19:37:28,
534,observational_left_feedback,0,21,58,Non-Hispanic,What the chart showed as best option.,Female,Black/African American,751587,2022-04-05 19:37:28,
534,observational_left_feedback,1,7,58,Non-Hispanic,What the chart showed as best option.,Female,Black/African American,751587,2022-04-05 19:37:28,
534,observational_left_feedback,1,3,58,Non-Hispanic,What the chart showed as best option.,Female,Black/African American,751587,2022-04-05 19:37:28,
534,observational_left_feedback,1,12,58,Non-Hispanic,What the chart showed as best option.,Female,Black/African American,751587,2022-04-05 19:37:28,
534,observational_left_feedback,1,9,58,Non-Hispanic,What the chart showed as best option.,Female,Black/African American,751587,2022-04-05 19:37:28,
534,observational_left_feedback,0,14,58,Non-Hispanic,What the chart showed as best option.,Female,Black/African American,751587,2022-04-05 19:37:28,
534,observational_left_feedback,1,15,58,Non-Hispanic,What the chart showed as best option.,Female,Black/African American,751587,2022-04-05 19:37:28,
534,observational_left_feedback,1,18,58,Non-Hispanic,What the chart showed as best option.,Female,Black/African American,751587,2022-04-05 19:37:28,
534,observational_left_feedback,0,8,58,Non-Hispanic,What the chart showed as best option.,Female,Black/African American,751587,2022-04-05 19:37:28,
534,observational_left_feedback,0,4,58,Non-Hispanic,What the chart showed as best option.,Female,Black/African American,751587,2022-04-05 19:37:28,
534,observational_left_feedback,0,20,58,Non-Hispanic,What the chart showed as best option.,Female,Black/African American,751587,2022-04-05 19:37:28,
534,observational_left_feedback,1,19,58,Non-Hispanic,What the chart showed as best option.,Female,Black/African American,751587,2022-04-05 19:37:28,
534,observational_left_feedback,1,6,58,Non-Hispanic,What the chart showed as best option.,Female,Black/African American,751587,2022-04-05 19:37:28,
534,observational_left_feedback,0,10,58,Non-Hispanic,What the chart showed as best option.,Female,Black/African American,751587,2022-04-05 19:37:28,
534,observational_left_feedback,1,11,58,Non-Hispanic,What the chart showed as best option.,Female,Black/African American,751587,2022-04-05 19:37:28,
534,observational_left_feedback,1,22,58,Non-Hispanic,What the chart showed as best option.,Female,Black/African American,751587,2022-04-05 19:37:28,
534,observational_left_feedback,1,5,58,Non-Hispanic,What the chart showed as best option.,Female,Black/African American,751587,2022-04-05 19:37:28,
511,observational_left_feedback,0,1,37,Non-Hispanic,By how many went to see the movie after receiving the flyer. And how many went to see the movie after not receiving the flyer. ,Female,White,1659104,2022-04-05 19:46:09,
511,observational_left_feedback,1,2,37,Non-Hispanic,By how many went to see the movie after receiving the flyer. And how many went to see the movie after not receiving the flyer. ,Female,White,1659104,2022-04-05 19:46:09,
511,observational_left_feedback,0,18,37,Non-Hispanic,By how many went to see the movie after receiving the flyer. And how many went to see the movie after not receiving the flyer. ,Female,White,1659104,2022-04-05 19:46:09,
511,observational_left_feedback,0,16,37,Non-Hispanic,By how many went to see the movie after receiving the flyer. And how many went to see the movie after not receiving the flyer. ,Female,White,1659104,2022-04-05 19:46:09,
511,observational_left_feedback,0,13,37,Non-Hispanic,By how many went to see the movie after receiving the flyer. And how many went to see the movie after not receiving the flyer. ,Female,White,1659104,2022-04-05 19:46:09,
511,observational_left_feedback,0,11,37,Non-Hispanic,By how many went to see the movie after receiving the flyer. And how many went to see the movie after not receiving the flyer. ,Female,White,1659104,2022-04-05 19:46:09,
511,observational_left_feedback,0,17,37,Non-Hispanic,By how many went to see the movie after receiving the flyer. And how many went to see the movie after not receiving the flyer. ,Female,White,1659104,2022-04-05 19:46:09,
511,observational_left_feedback,0,5,37,Non-Hispanic,By how many went to see the movie after receiving the flyer. And how many went to see the movie after not receiving the flyer. ,Female,White,1659104,2022-04-05 19:46:09,
511,observational_left_feedback,0,4,37,Non-Hispanic,By how many went to see the movie after receiving the flyer. And how many went to see the movie after not receiving the flyer. ,Female,White,1659104,2022-04-05 19:46:09,
511,observational_left_feedback,0,6,37,Non-Hispanic,By how many went to see the movie after receiving the flyer. And how many went to see the movie after not receiving the flyer. ,Female,White,1659104,2022-04-05 19:46:09,
511,observational_left_feedback,0,15,37,Non-Hispanic,By how many went to see the movie after receiving the flyer. And how many went to see the movie after not receiving the flyer. ,Female,White,1659104,2022-04-05 19:46:09,
511,observational_left_feedback,1,22,37,Non-Hispanic,By how many went to see the movie after receiving the flyer. And how many went to see the movie after not receiving the flyer. ,Female,White,1659104,2022-04-05 19:46:09,
511,observational_left_feedback,1,14,37,Non-Hispanic,By how many went to see the movie after receiving the flyer. And how many went to see the movie after not receiving the flyer. ,Female,White,1659104,2022-04-05 19:46:09,
511,observational_left_feedback,0,3,37,Non-Hispanic,By how many went to see the movie after receiving the flyer. And how many went to see the movie after not receiving the flyer. ,Female,White,1659104,2022-04-05 19:46:09,
511,observational_left_feedback,1,12,37,Non-Hispanic,By how many went to see the movie after receiving the flyer. And how many went to see the movie after not receiving the flyer. ,Female,White,1659104,2022-04-05 19:46:09,
511,observational_left_feedback,0,7,37,Non-Hispanic,By how many went to see the movie after receiving the flyer. And how many went to see the movie after not receiving the flyer. ,Female,White,1659104,2022-04-05 19:46:09,
511,observational_left_feedback,0,19,37,Non-Hispanic,By how many went to see the movie after receiving the flyer. And how many went to see the movie after not receiving the flyer. ,Female,White,1659104,2022-04-05 19:46:09,
511,observational_left_feedback,1,21,37,Non-Hispanic,By how many went to see the movie after receiving the flyer. And how many went to see the movie after not receiving the flyer. ,Female,White,1659104,2022-04-05 19:46:09,
511,observational_left_feedback,1,9,37,Non-Hispanic,By how many went to see the movie after receiving the flyer. And how many went to see the movie after not receiving the flyer. ,Female,White,1659104,2022-04-05 19:46:09,
511,observational_left_feedback,1,20,37,Non-Hispanic,By how many went to see the movie after receiving the flyer. And how many went to see the movie after not receiving the flyer. ,Female,White,1659104,2022-04-05 19:46:09,
511,observational_left_feedback,0,8,37,Non-Hispanic,By how many went to see the movie after receiving the flyer. And how many went to see the movie after not receiving the flyer. ,Female,White,1659104,2022-04-05 19:46:09,
511,observational_left_feedback,1,10,37,Non-Hispanic,By how many went to see the movie after receiving the flyer. And how many went to see the movie after not receiving the flyer. ,Female,White,1659104,2022-04-05 19:46:09,
573,observational_left_feedback,1,1,34,Non-Hispanic,Numbers of people that went to movie with or without the flyer,Female,White,2756992,2022-04-05 20:19:29,
573,observational_left_feedback,0,2,34,Non-Hispanic,Numbers of people that went to movie with or without the flyer,Female,White,2756992,2022-04-05 20:19:29,
573,observational_left_feedback,1,11,34,Non-Hispanic,Numbers of people that went to movie with or without the flyer,Female,White,2756992,2022-04-05 20:19:29,
573,observational_left_feedback,0,8,34,Non-Hispanic,Numbers of people that went to movie with or without the flyer,Female,White,2756992,2022-04-05 20:19:29,
573,observational_left_feedback,1,6,34,Non-Hispanic,Numbers of people that went to movie with or without the flyer,Female,White,2756992,2022-04-05 20:19:29,
573,observational_left_feedback,1,16,34,Non-Hispanic,Numbers of people that went to movie with or without the flyer,Female,White,2756992,2022-04-05 20:19:29,
573,observational_left_feedback,1,17,34,Non-Hispanic,Numbers of people that went to movie with or without the flyer,Female,White,2756992,2022-04-05 20:19:29,
573,observational_left_feedback,1,12,34,Non-Hispanic,Numbers of people that went to movie with or without the flyer,Female,White,2756992,2022-04-05 20:19:29,
573,observational_left_feedback,1,20,34,Non-Hispanic,Numbers of people that went to movie with or without the flyer,Female,White,2756992,2022-04-05 20:19:29,
573,observational_left_feedback,1,7,34,Non-Hispanic,Numbers of people that went to movie with or without the flyer,Female,White,2756992,2022-04-05 20:19:29,
573,observational_left_feedback,1,9,34,Non-Hispanic,Numbers of people that went to movie with or without the flyer,Female,White,2756992,2022-04-05 20:19:29,
573,observational_left_feedback,1,3,34,Non-Hispanic,Numbers of people that went to movie with or without the flyer,Female,White,2756992,2022-04-05 20:19:29,
573,observational_left_feedback,1,14,34,Non-Hispanic,Numbers of people that went to movie with or without the flyer,Female,White,2756992,2022-04-05 20:19:29,
573,observational_left_feedback,1,15,34,Non-Hispanic,Numbers of people that went to movie with or without the flyer,Female,White,2756992,2022-04-05 20:19:29,
573,observational_left_feedback,1,18,34,Non-Hispanic,Numbers of people that went to movie with or without the flyer,Female,White,2756992,2022-04-05 20:19:29,
573,observational_left_feedback,1,22,34,Non-Hispanic,Numbers of people that went to movie with or without the flyer,Female,White,2756992,2022-04-05 20:19:29,
573,observational_left_feedback,1,10,34,Non-Hispanic,Numbers of people that went to movie with or without the flyer,Female,White,2756992,2022-04-05 20:19:29,
573,observational_left_feedback,1,19,34,Non-Hispanic,Numbers of people that went to movie with or without the flyer,Female,White,2756992,2022-04-05 20:19:29,
573,observational_left_feedback,1,4,34,Non-Hispanic,Numbers of people that went to movie with or without the flyer,Female,White,2756992,2022-04-05 20:19:29,
573,observational_left_feedback,1,13,34,Non-Hispanic,Numbers of people that went to movie with or without the flyer,Female,White,2756992,2022-04-05 20:19:29,
573,observational_left_feedback,1,21,34,Non-Hispanic,Numbers of people that went to movie with or without the flyer,Female,White,2756992,2022-04-05 20:19:29,
573,observational_left_feedback,0,5,34,Non-Hispanic,Numbers of people that went to movie with or without the flyer,Female,White,2756992,2022-04-05 20:19:29,
559,observational_left_feedback,0,1,22,Non-Hispanic,How many people came back when they were handed a flier vs if they would come back if they took a flier themselves,Male,White,444024,2022-04-05 19:36:31,
559,observational_left_feedback,0,2,22,Non-Hispanic,How many people came back when they were handed a flier vs if they would come back if they took a flier themselves,Male,White,444024,2022-04-05 19:36:31,
559,observational_left_feedback,1,9,22,Non-Hispanic,How many people came back when they were handed a flier vs if they would come back if they took a flier themselves,Male,White,444024,2022-04-05 19:36:31,
559,observational_left_feedback,1,11,22,Non-Hispanic,How many people came back when they were handed a flier vs if they would come back if they took a flier themselves,Male,White,444024,2022-04-05 19:36:31,
559,observational_left_feedback,1,7,22,Non-Hispanic,How many people came back when they were handed a flier vs if they would come back if they took a flier themselves,Male,White,444024,2022-04-05 19:36:31,
559,observational_left_feedback,0,8,22,Non-Hispanic,How many people came back when they were handed a flier vs if they would come back if they took a flier themselves,Male,White,444024,2022-04-05 19:36:31,
559,observational_left_feedback,1,15,22,Non-Hispanic,How many people came back when they were handed a flier vs if they would come back if they took a flier themselves,Male,White,444024,2022-04-05 19:36:31,
559,observational_left_feedback,0,6,22,Non-Hispanic,How many people came back when they were handed a flier vs if they would come back if they took a flier themselves,Male,White,444024,2022-04-05 19:36:31,
559,observational_left_feedback,1,20,22,Non-Hispanic,How many people came back when they were handed a flier vs if they would come back if they took a flier themselves,Male,White,444024,2022-04-05 19:36:31,
559,observational_left_feedback,1,14,22,Non-Hispanic,How many people came back when they were handed a flier vs if they would come back if they took a flier themselves,Male,White,444024,2022-04-05 19:36:31,
559,observational_left_feedback,1,21,22,Non-Hispanic,How many people came back when they were handed a flier vs if they would come back if they took a flier themselves,Male,White,444024,2022-04-05 19:36:31,
559,observational_left_feedback,0,5,22,Non-Hispanic,How many people came back when they were handed a flier vs if they would come back if they took a flier themselves,Male,White,444024,2022-04-05 19:36:31,
559,observational_left_feedback,1,3,22,Non-Hispanic,How many people came back when they were handed a flier vs if they would come back if they took a flier themselves,Male,White,444024,2022-04-05 19:36:31,
559,observational_left_feedback,1,22,22,Non-Hispanic,How many people came back when they were handed a flier vs if they would come back if they took a flier themselves,Male,White,444024,2022-04-05 19:36:31,
559,observational_left_feedback,0,17,22,Non-Hispanic,How many people came back when they were handed a flier vs if they would come back if they took a flier themselves,Male,White,444024,2022-04-05 19:36:31,
559,observational_left_feedback,1,16,22,Non-Hispanic,How many people came back when they were handed a flier vs if they would come back if they took a flier themselves,Male,White,444024,2022-04-05 19:36:31,
559,observational_left_feedback,1,13,22,Non-Hispanic,How many people came back when they were handed a flier vs if they would come back if they took a flier themselves,Male,White,444024,2022-04-05 19:36:31,
559,observational_left_feedback,0,19,22,Non-Hispanic,How many people came back when they were handed a flier vs if they would come back if they took a flier themselves,Male,White,444024,2022-04-05 19:36:31,
559,observational_left_feedback,1,12,22,Non-Hispanic,How many people came back when they were handed a flier vs if they would come back if they took a flier themselves,Male,White,444024,2022-04-05 19:36:31,
559,observational_left_feedback,1,18,22,Non-Hispanic,How many people came back when they were handed a flier vs if they would come back if they took a flier themselves,Male,White,444024,2022-04-05 19:36:31,
559,observational_left_feedback,1,4,22,Non-Hispanic,How many people came back when they were handed a flier vs if they would come back if they took a flier themselves,Male,White,444024,2022-04-05 19:36:31,
559,observational_left_feedback,0,10,22,Non-Hispanic,How many people came back when they were handed a flier vs if they would come back if they took a flier themselves,Male,White,444024,2022-04-05 19:36:31,
477,observational_left_feedback,1,1,41,Non-Hispanic,I tried to see a pattern and looked at weather people went anyway without a flyer. ,Female,White,779859,2022-04-05 19:19:47,
477,observational_left_feedback,0,2,41,Non-Hispanic,I tried to see a pattern and looked at weather people went anyway without a flyer. ,Female,White,779859,2022-04-05 19:19:47,
477,observational_left_feedback,0,6,41,Non-Hispanic,I tried to see a pattern and looked at weather people went anyway without a flyer. ,Female,White,779859,2022-04-05 19:19:47,
477,observational_left_feedback,1,21,41,Non-Hispanic,I tried to see a pattern and looked at weather people went anyway without a flyer. ,Female,White,779859,2022-04-05 19:19:47,
477,observational_left_feedback,0,4,41,Non-Hispanic,I tried to see a pattern and looked at weather people went anyway without a flyer. ,Female,White,779859,2022-04-05 19:19:47,
477,observational_left_feedback,1,18,41,Non-Hispanic,I tried to see a pattern and looked at weather people went anyway without a flyer. ,Female,White,779859,2022-04-05 19:19:47,
477,observational_left_feedback,1,16,41,Non-Hispanic,I tried to see a pattern and looked at weather people went anyway without a flyer. ,Female,White,779859,2022-04-05 19:19:47,
477,observational_left_feedback,1,19,41,Non-Hispanic,I tried to see a pattern and looked at weather people went anyway without a flyer. ,Female,White,779859,2022-04-05 19:19:47,
477,observational_left_feedback,0,15,41,Non-Hispanic,I tried to see a pattern and looked at weather people went anyway without a flyer. ,Female,White,779859,2022-04-05 19:19:47,
477,observational_left_feedback,1,10,41,Non-Hispanic,I tried to see a pattern and looked at weather people went anyway without a flyer. ,Female,White,779859,2022-04-05 19:19:47,
477,observational_left_feedback,1,13,41,Non-Hispanic,I tried to see a pattern and looked at weather people went anyway without a flyer. ,Female,White,779859,2022-04-05 19:19:47,
477,observational_left_feedback,1,17,41,Non-Hispanic,I tried to see a pattern and looked at weather people went anyway without a flyer. ,Female,White,779859,2022-04-05 19:19:47,
477,observational_left_feedback,1,22,41,Non-Hispanic,I tried to see a pattern and looked at weather people went anyway without a flyer. ,Female,White,779859,2022-04-05 19:19:47,
477,observational_left_feedback,1,9,41,Non-Hispanic,I tried to see a pattern and looked at weather people went anyway without a flyer. ,Female,White,779859,2022-04-05 19:19:47,
477,observational_left_feedback,0,3,41,Non-Hispanic,I tried to see a pattern and looked at weather people went anyway without a flyer. ,Female,White,779859,2022-04-05 19:19:47,
477,observational_left_feedback,0,14,41,Non-Hispanic,I tried to see a pattern and looked at weather people went anyway without a flyer. ,Female,White,779859,2022-04-05 19:19:47,
477,observational_left_feedback,1,7,41,Non-Hispanic,I tried to see a pattern and looked at weather people went anyway without a flyer. ,Female,White,779859,2022-04-05 19:19:47,
477,observational_left_feedback,0,5,41,Non-Hispanic,I tried to see a pattern and looked at weather people went anyway without a flyer. ,Female,White,779859,2022-04-05 19:19:47,
477,observational_left_feedback,0,11,41,Non-Hispanic,I tried to see a pattern and looked at weather people went anyway without a flyer. ,Female,White,779859,2022-04-05 19:19:47,
477,observational_left_feedback,1,20,41,Non-Hispanic,I tried to see a pattern and looked at weather people went anyway without a flyer. ,Female,White,779859,2022-04-05 19:19:47,
477,observational_left_feedback,0,8,41,Non-Hispanic,I tried to see a pattern and looked at weather people went anyway without a flyer. ,Female,White,779859,2022-04-05 19:19:47,
477,observational_left_feedback,1,12,41,Non-Hispanic,I tried to see a pattern and looked at weather people went anyway without a flyer. ,Female,White,779859,2022-04-05 19:19:47,
491,observational_left_feedback,0,1,30,Non-Hispanic,"It seemed that generally if 5+ people returned with the flyer, then it was more likely to be worth it to give them one. If a lot of people came back without being given a flyer, then it wasn't worth it to give them out. This didn't work perfectly, but it seemed to be an okay guideline.",Female,White,831576,2022-04-05 19:25:53,
491,observational_left_feedback,0,2,30,Non-Hispanic,"It seemed that generally if 5+ people returned with the flyer, then it was more likely to be worth it to give them one. If a lot of people came back without being given a flyer, then it wasn't worth it to give them out. This didn't work perfectly, but it seemed to be an okay guideline.",Female,White,831576,2022-04-05 19:25:53,
491,observational_left_feedback,0,9,30,Non-Hispanic,"It seemed that generally if 5+ people returned with the flyer, then it was more likely to be worth it to give them one. If a lot of people came back without being given a flyer, then it wasn't worth it to give them out. This didn't work perfectly, but it seemed to be an okay guideline.",Female,White,831576,2022-04-05 19:25:53,
491,observational_left_feedback,1,14,30,Non-Hispanic,"It seemed that generally if 5+ people returned with the flyer, then it was more likely to be worth it to give them one. If a lot of people came back without being given a flyer, then it wasn't worth it to give them out. This didn't work perfectly, but it seemed to be an okay guideline.",Female,White,831576,2022-04-05 19:25:53,
491,observational_left_feedback,0,10,30,Non-Hispanic,"It seemed that generally if 5+ people returned with the flyer, then it was more likely to be worth it to give them one. If a lot of people came back without being given a flyer, then it wasn't worth it to give them out. This didn't work perfectly, but it seemed to be an okay guideline.",Female,White,831576,2022-04-05 19:25:53,
491,observational_left_feedback,0,18,30,Non-Hispanic,"It seemed that generally if 5+ people returned with the flyer, then it was more likely to be worth it to give them one. If a lot of people came back without being given a flyer, then it wasn't worth it to give them out. This didn't work perfectly, but it seemed to be an okay guideline.",Female,White,831576,2022-04-05 19:25:53,
491,observational_left_feedback,0,8,30,Non-Hispanic,"It seemed that generally if 5+ people returned with the flyer, then it was more likely to be worth it to give them one. If a lot of people came back without being given a flyer, then it wasn't worth it to give them out. This didn't work perfectly, but it seemed to be an okay guideline.",Female,White,831576,2022-04-05 19:25:53,
491,observational_left_feedback,1,12,30,Non-Hispanic,"It seemed that generally if 5+ people returned with the flyer, then it was more likely to be worth it to give them one. If a lot of people came back without being given a flyer, then it wasn't worth it to give them out. This didn't work perfectly, but it seemed to be an okay guideline.",Female,White,831576,2022-04-05 19:25:53,
491,observational_left_feedback,0,4,30,Non-Hispanic,"It seemed that generally if 5+ people returned with the flyer, then it was more likely to be worth it to give them one. If a lot of people came back without being given a flyer, then it wasn't worth it to give them out. This didn't work perfectly, but it seemed to be an okay guideline.",Female,White,831576,2022-04-05 19:25:53,
491,observational_left_feedback,1,7,30,Non-Hispanic,"It seemed that generally if 5+ people returned with the flyer, then it was more likely to be worth it to give them one. If a lot of people came back without being given a flyer, then it wasn't worth it to give them out. This didn't work perfectly, but it seemed to be an okay guideline.",Female,White,831576,2022-04-05 19:25:53,
491,observational_left_feedback,1,11,30,Non-Hispanic,"It seemed that generally if 5+ people returned with the flyer, then it was more likely to be worth it to give them one. If a lot of people came back without being given a flyer, then it wasn't worth it to give them out. This didn't work perfectly, but it seemed to be an okay guideline.",Female,White,831576,2022-04-05 19:25:53,
491,observational_left_feedback,1,5,30,Non-Hispanic,"It seemed that generally if 5+ people returned with the flyer, then it was more likely to be worth it to give them one. If a lot of people came back without being given a flyer, then it wasn't worth it to give them out. This didn't work perfectly, but it seemed to be an okay guideline.",Female,White,831576,2022-04-05 19:25:53,
491,observational_left_feedback,1,15,30,Non-Hispanic,"It seemed that generally if 5+ people returned with the flyer, then it was more likely to be worth it to give them one. If a lot of people came back without being given a flyer, then it wasn't worth it to give them out. This didn't work perfectly, but it seemed to be an okay guideline.",Female,White,831576,2022-04-05 19:25:53,
491,observational_left_feedback,0,16,30,Non-Hispanic,"It seemed that generally if 5+ people returned with the flyer, then it was more likely to be worth it to give them one. If a lot of people came back without being given a flyer, then it wasn't worth it to give them out. This didn't work perfectly, but it seemed to be an okay guideline.",Female,White,831576,2022-04-05 19:25:53,
491,observational_left_feedback,0,20,30,Non-Hispanic,"It seemed that generally if 5+ people returned with the flyer, then it was more likely to be worth it to give them one. If a lot of people came back without being given a flyer, then it wasn't worth it to give them out. This didn't work perfectly, but it seemed to be an okay guideline.",Female,White,831576,2022-04-05 19:25:53,
491,observational_left_feedback,0,3,30,Non-Hispanic,"It seemed that generally if 5+ people returned with the flyer, then it was more likely to be worth it to give them one. If a lot of people came back without being given a flyer, then it wasn't worth it to give them out. This didn't work perfectly, but it seemed to be an okay guideline.",Female,White,831576,2022-04-05 19:25:53,
491,observational_left_feedback,1,21,30,Non-Hispanic,"It seemed that generally if 5+ people returned with the flyer, then it was more likely to be worth it to give them one. If a lot of people came back without being given a flyer, then it wasn't worth it to give them out. This didn't work perfectly, but it seemed to be an okay guideline.",Female,White,831576,2022-04-05 19:25:53,
491,observational_left_feedback,0,6,30,Non-Hispanic,"It seemed that generally if 5+ people returned with the flyer, then it was more likely to be worth it to give them one. If a lot of people came back without being given a flyer, then it wasn't worth it to give them out. This didn't work perfectly, but it seemed to be an okay guideline.",Female,White,831576,2022-04-05 19:25:53,
491,observational_left_feedback,0,19,30,Non-Hispanic,"It seemed that generally if 5+ people returned with the flyer, then it was more likely to be worth it to give them one. If a lot of people came back without being given a flyer, then it wasn't worth it to give them out. This didn't work perfectly, but it seemed to be an okay guideline.",Female,White,831576,2022-04-05 19:25:53,
491,observational_left_feedback,0,17,30,Non-Hispanic,"It seemed that generally if 5+ people returned with the flyer, then it was more likely to be worth it to give them one. If a lot of people came back without being given a flyer, then it wasn't worth it to give them out. This didn't work perfectly, but it seemed to be an okay guideline.",Female,White,831576,2022-04-05 19:25:53,
491,observational_left_feedback,1,22,30,Non-Hispanic,"It seemed that generally if 5+ people returned with the flyer, then it was more likely to be worth it to give them one. If a lot of people came back without being given a flyer, then it wasn't worth it to give them out. This didn't work perfectly, but it seemed to be an okay guideline.",Female,White,831576,2022-04-05 19:25:53,
491,observational_left_feedback,1,13,30,Non-Hispanic,"It seemed that generally if 5+ people returned with the flyer, then it was more likely to be worth it to give them one. If a lot of people came back without being given a flyer, then it wasn't worth it to give them out. This didn't work perfectly, but it seemed to be an okay guideline.",Female,White,831576,2022-04-05 19:25:53,
475,observational_left_feedback,0,1,59,Non-Hispanic,It was a little confusing. I didn't understand why discouraging someone to see the movie(due to the flyer) would cost the theater $20.50. Why wouldn't it have been $10.50?,Female,White,2429934,2022-04-05 19:46:21,
475,observational_left_feedback,0,2,59,Non-Hispanic,It was a little confusing. I didn't understand why discouraging someone to see the movie(due to the flyer) would cost the theater $20.50. Why wouldn't it have been $10.50?,Female,White,2429934,2022-04-05 19:46:21,
475,observational_left_feedback,1,11,59,Non-Hispanic,It was a little confusing. I didn't understand why discouraging someone to see the movie(due to the flyer) would cost the theater $20.50. Why wouldn't it have been $10.50?,Female,White,2429934,2022-04-05 19:46:21,
475,observational_left_feedback,0,19,59,Non-Hispanic,It was a little confusing. I didn't understand why discouraging someone to see the movie(due to the flyer) would cost the theater $20.50. Why wouldn't it have been $10.50?,Female,White,2429934,2022-04-05 19:46:21,
475,observational_left_feedback,0,10,59,Non-Hispanic,It was a little confusing. I didn't understand why discouraging someone to see the movie(due to the flyer) would cost the theater $20.50. Why wouldn't it have been $10.50?,Female,White,2429934,2022-04-05 19:46:21,
475,observational_left_feedback,0,17,59,Non-Hispanic,It was a little confusing. I didn't understand why discouraging someone to see the movie(due to the flyer) would cost the theater $20.50. Why wouldn't it have been $10.50?,Female,White,2429934,2022-04-05 19:46:21,
475,observational_left_feedback,1,16,59,Non-Hispanic,It was a little confusing. I didn't understand why discouraging someone to see the movie(due to the flyer) would cost the theater $20.50. Why wouldn't it have been $10.50?,Female,White,2429934,2022-04-05 19:46:21,
475,observational_left_feedback,0,4,59,Non-Hispanic,It was a little confusing. I didn't understand why discouraging someone to see the movie(due to the flyer) would cost the theater $20.50. Why wouldn't it have been $10.50?,Female,White,2429934,2022-04-05 19:46:21,
475,observational_left_feedback,1,6,59,Non-Hispanic,It was a little confusing. I didn't understand why discouraging someone to see the movie(due to the flyer) would cost the theater $20.50. Why wouldn't it have been $10.50?,Female,White,2429934,2022-04-05 19:46:21,
475,observational_left_feedback,1,5,59,Non-Hispanic,It was a little confusing. I didn't understand why discouraging someone to see the movie(due to the flyer) would cost the theater $20.50. Why wouldn't it have been $10.50?,Female,White,2429934,2022-04-05 19:46:21,
475,observational_left_feedback,0,7,59,Non-Hispanic,It was a little confusing. I didn't understand why discouraging someone to see the movie(due to the flyer) would cost the theater $20.50. Why wouldn't it have been $10.50?,Female,White,2429934,2022-04-05 19:46:21,
475,observational_left_feedback,1,15,59,Non-Hispanic,It was a little confusing. I didn't understand why discouraging someone to see the movie(due to the flyer) would cost the theater $20.50. Why wouldn't it have been $10.50?,Female,White,2429934,2022-04-05 19:46:21,
475,observational_left_feedback,1,21,59,Non-Hispanic,It was a little confusing. I didn't understand why discouraging someone to see the movie(due to the flyer) would cost the theater $20.50. Why wouldn't it have been $10.50?,Female,White,2429934,2022-04-05 19:46:21,
475,observational_left_feedback,0,22,59,Non-Hispanic,It was a little confusing. I didn't understand why discouraging someone to see the movie(due to the flyer) would cost the theater $20.50. Why wouldn't it have been $10.50?,Female,White,2429934,2022-04-05 19:46:21,
475,observational_left_feedback,1,3,59,Non-Hispanic,It was a little confusing. I didn't understand why discouraging someone to see the movie(due to the flyer) would cost the theater $20.50. Why wouldn't it have been $10.50?,Female,White,2429934,2022-04-05 19:46:21,
475,observational_left_feedback,1,20,59,Non-Hispanic,It was a little confusing. I didn't understand why discouraging someone to see the movie(due to the flyer) would cost the theater $20.50. Why wouldn't it have been $10.50?,Female,White,2429934,2022-04-05 19:46:21,
475,observational_left_feedback,1,12,59,Non-Hispanic,It was a little confusing. I didn't understand why discouraging someone to see the movie(due to the flyer) would cost the theater $20.50. Why wouldn't it have been $10.50?,Female,White,2429934,2022-04-05 19:46:21,
475,observational_left_feedback,1,18,59,Non-Hispanic,It was a little confusing. I didn't understand why discouraging someone to see the movie(due to the flyer) would cost the theater $20.50. Why wouldn't it have been $10.50?,Female,White,2429934,2022-04-05 19:46:21,
475,observational_left_feedback,1,9,59,Non-Hispanic,It was a little confusing. I didn't understand why discouraging someone to see the movie(due to the flyer) would cost the theater $20.50. Why wouldn't it have been $10.50?,Female,White,2429934,2022-04-05 19:46:21,
475,observational_left_feedback,0,13,59,Non-Hispanic,It was a little confusing. I didn't understand why discouraging someone to see the movie(due to the flyer) would cost the theater $20.50. Why wouldn't it have been $10.50?,Female,White,2429934,2022-04-05 19:46:21,
475,observational_left_feedback,0,8,59,Non-Hispanic,It was a little confusing. I didn't understand why discouraging someone to see the movie(due to the flyer) would cost the theater $20.50. Why wouldn't it have been $10.50?,Female,White,2429934,2022-04-05 19:46:21,
475,observational_left_feedback,0,14,59,Non-Hispanic,It was a little confusing. I didn't understand why discouraging someone to see the movie(due to the flyer) would cost the theater $20.50. Why wouldn't it have been $10.50?,Female,White,2429934,2022-04-05 19:46:21,
522,observational_left_feedback,0,1,46,Non-Hispanic,I looked at the number of people that bought a ticket vs the number that didn't after seeing the poster.,Male,White,643293,2022-04-05 19:32:01,
522,observational_left_feedback,0,2,46,Non-Hispanic,I looked at the number of people that bought a ticket vs the number that didn't after seeing the poster.,Male,White,643293,2022-04-05 19:32:01,
522,observational_left_feedback,0,4,46,Non-Hispanic,I looked at the number of people that bought a ticket vs the number that didn't after seeing the poster.,Male,White,643293,2022-04-05 19:32:01,
522,observational_left_feedback,1,16,46,Non-Hispanic,I looked at the number of people that bought a ticket vs the number that didn't after seeing the poster.,Male,White,643293,2022-04-05 19:32:01,
522,observational_left_feedback,1,13,46,Non-Hispanic,I looked at the number of people that bought a ticket vs the number that didn't after seeing the poster.,Male,White,643293,2022-04-05 19:32:01,
522,observational_left_feedback,0,19,46,Non-Hispanic,I looked at the number of people that bought a ticket vs the number that didn't after seeing the poster.,Male,White,643293,2022-04-05 19:32:01,
522,observational_left_feedback,1,8,46,Non-Hispanic,I looked at the number of people that bought a ticket vs the number that didn't after seeing the poster.,Male,White,643293,2022-04-05 19:32:01,
522,observational_left_feedback,0,9,46,Non-Hispanic,I looked at the number of people that bought a ticket vs the number that didn't after seeing the poster.,Male,White,643293,2022-04-05 19:32:01,
522,observational_left_feedback,1,10,46,Non-Hispanic,I looked at the number of people that bought a ticket vs the number that didn't after seeing the poster.,Male,White,643293,2022-04-05 19:32:01,
522,observational_left_feedback,1,22,46,Non-Hispanic,I looked at the number of people that bought a ticket vs the number that didn't after seeing the poster.,Male,White,643293,2022-04-05 19:32:01,
522,observational_left_feedback,0,6,46,Non-Hispanic,I looked at the number of people that bought a ticket vs the number that didn't after seeing the poster.,Male,White,643293,2022-04-05 19:32:01,
522,observational_left_feedback,1,11,46,Non-Hispanic,I looked at the number of people that bought a ticket vs the number that didn't after seeing the poster.,Male,White,643293,2022-04-05 19:32:01,
522,observational_left_feedback,0,3,46,Non-Hispanic,I looked at the number of people that bought a ticket vs the number that didn't after seeing the poster.,Male,White,643293,2022-04-05 19:32:01,
522,observational_left_feedback,0,5,46,Non-Hispanic,I looked at the number of people that bought a ticket vs the number that didn't after seeing the poster.,Male,White,643293,2022-04-05 19:32:01,
522,observational_left_feedback,1,17,46,Non-Hispanic,I looked at the number of people that bought a ticket vs the number that didn't after seeing the poster.,Male,White,643293,2022-04-05 19:32:01,
522,observational_left_feedback,1,12,46,Non-Hispanic,I looked at the number of people that bought a ticket vs the number that didn't after seeing the poster.,Male,White,643293,2022-04-05 19:32:01,
522,observational_left_feedback,0,14,46,Non-Hispanic,I looked at the number of people that bought a ticket vs the number that didn't after seeing the poster.,Male,White,643293,2022-04-05 19:32:01,
522,observational_left_feedback,1,18,46,Non-Hispanic,I looked at the number of people that bought a ticket vs the number that didn't after seeing the poster.,Male,White,643293,2022-04-05 19:32:01,
522,observational_left_feedback,1,21,46,Non-Hispanic,I looked at the number of people that bought a ticket vs the number that didn't after seeing the poster.,Male,White,643293,2022-04-05 19:32:01,
522,observational_left_feedback,1,20,46,Non-Hispanic,I looked at the number of people that bought a ticket vs the number that didn't after seeing the poster.,Male,White,643293,2022-04-05 19:32:01,
522,observational_left_feedback,1,7,46,Non-Hispanic,I looked at the number of people that bought a ticket vs the number that didn't after seeing the poster.,Male,White,643293,2022-04-05 19:32:01,
522,observational_left_feedback,1,15,46,Non-Hispanic,I looked at the number of people that bought a ticket vs the number that didn't after seeing the poster.,Male,White,643293,2022-04-05 19:32:01,
509,observational_left_feedback,0,1,34,Non-Hispanic,"I was trying to interpret the information, but I guess maybe I didn't remember it all correctly (how it was explained)? But I was trying to predict on aggregate whether or not giving somebody a flyer would get them to come back or not, I guess, judging by how many people who had been given flyers before had come back. It seemed like maybe the ""flyers"" obtainable info was a little bit relevant too, like if everybody who had taken the flyer had come back, maybe it was a good flyer.",Male,White,899688,2022-04-05 19:33:25,
509,observational_left_feedback,0,2,34,Non-Hispanic,"I was trying to interpret the information, but I guess maybe I didn't remember it all correctly (how it was explained)? But I was trying to predict on aggregate whether or not giving somebody a flyer would get them to come back or not, I guess, judging by how many people who had been given flyers before had come back. It seemed like maybe the ""flyers"" obtainable info was a little bit relevant too, like if everybody who had taken the flyer had come back, maybe it was a good flyer.",Male,White,899688,2022-04-05 19:33:25,
509,observational_left_feedback,0,15,34,Non-Hispanic,"I was trying to interpret the information, but I guess maybe I didn't remember it all correctly (how it was explained)? But I was trying to predict on aggregate whether or not giving somebody a flyer would get them to come back or not, I guess, judging by how many people who had been given flyers before had come back. It seemed like maybe the ""flyers"" obtainable info was a little bit relevant too, like if everybody who had taken the flyer had come back, maybe it was a good flyer.",Male,White,899688,2022-04-05 19:33:25,
509,observational_left_feedback,1,13,34,Non-Hispanic,"I was trying to interpret the information, but I guess maybe I didn't remember it all correctly (how it was explained)? But I was trying to predict on aggregate whether or not giving somebody a flyer would get them to come back or not, I guess, judging by how many people who had been given flyers before had come back. It seemed like maybe the ""flyers"" obtainable info was a little bit relevant too, like if everybody who had taken the flyer had come back, maybe it was a good flyer.",Male,White,899688,2022-04-05 19:33:25,
509,observational_left_feedback,0,12,34,Non-Hispanic,"I was trying to interpret the information, but I guess maybe I didn't remember it all correctly (how it was explained)? But I was trying to predict on aggregate whether or not giving somebody a flyer would get them to come back or not, I guess, judging by how many people who had been given flyers before had come back. It seemed like maybe the ""flyers"" obtainable info was a little bit relevant too, like if everybody who had taken the flyer had come back, maybe it was a good flyer.",Male,White,899688,2022-04-05 19:33:25,
509,observational_left_feedback,0,7,34,Non-Hispanic,"I was trying to interpret the information, but I guess maybe I didn't remember it all correctly (how it was explained)? But I was trying to predict on aggregate whether or not giving somebody a flyer would get them to come back or not, I guess, judging by how many people who had been given flyers before had come back. It seemed like maybe the ""flyers"" obtainable info was a little bit relevant too, like if everybody who had taken the flyer had come back, maybe it was a good flyer.",Male,White,899688,2022-04-05 19:33:25,
509,observational_left_feedback,1,8,34,Non-Hispanic,"I was trying to interpret the information, but I guess maybe I didn't remember it all correctly (how it was explained)? But I was trying to predict on aggregate whether or not giving somebody a flyer would get them to come back or not, I guess, judging by how many people who had been given flyers before had come back. It seemed like maybe the ""flyers"" obtainable info was a little bit relevant too, like if everybody who had taken the flyer had come back, maybe it was a good flyer.",Male,White,899688,2022-04-05 19:33:25,
509,observational_left_feedback,0,3,34,Non-Hispanic,"I was trying to interpret the information, but I guess maybe I didn't remember it all correctly (how it was explained)? But I was trying to predict on aggregate whether or not giving somebody a flyer would get them to come back or not, I guess, judging by how many people who had been given flyers before had come back. It seemed like maybe the ""flyers"" obtainable info was a little bit relevant too, like if everybody who had taken the flyer had come back, maybe it was a good flyer.",Male,White,899688,2022-04-05 19:33:25,
509,observational_left_feedback,0,10,34,Non-Hispanic,"I was trying to interpret the information, but I guess maybe I didn't remember it all correctly (how it was explained)? But I was trying to predict on aggregate whether or not giving somebody a flyer would get them to come back or not, I guess, judging by how many people who had been given flyers before had come back. It seemed like maybe the ""flyers"" obtainable info was a little bit relevant too, like if everybody who had taken the flyer had come back, maybe it was a good flyer.",Male,White,899688,2022-04-05 19:33:25,
509,observational_left_feedback,0,5,34,Non-Hispanic,"I was trying to interpret the information, but I guess maybe I didn't remember it all correctly (how it was explained)? But I was trying to predict on aggregate whether or not giving somebody a flyer would get them to come back or not, I guess, judging by how many people who had been given flyers before had come back. It seemed like maybe the ""flyers"" obtainable info was a little bit relevant too, like if everybody who had taken the flyer had come back, maybe it was a good flyer.",Male,White,899688,2022-04-05 19:33:25,
509,observational_left_feedback,0,14,34,Non-Hispanic,"I was trying to interpret the information, but I guess maybe I didn't remember it all correctly (how it was explained)? But I was trying to predict on aggregate whether or not giving somebody a flyer would get them to come back or not, I guess, judging by how many people who had been given flyers before had come back. It seemed like maybe the ""flyers"" obtainable info was a little bit relevant too, like if everybody who had taken the flyer had come back, maybe it was a good flyer.",Male,White,899688,2022-04-05 19:33:25,
509,observational_left_feedback,0,21,34,Non-Hispanic,"I was trying to interpret the information, but I guess maybe I didn't remember it all correctly (how it was explained)? But I was trying to predict on aggregate whether or not giving somebody a flyer would get them to come back or not, I guess, judging by how many people who had been given flyers before had come back. It seemed like maybe the ""flyers"" obtainable info was a little bit relevant too, like if everybody who had taken the flyer had come back, maybe it was a good flyer.",Male,White,899688,2022-04-05 19:33:25,
509,observational_left_feedback,0,22,34,Non-Hispanic,"I was trying to interpret the information, but I guess maybe I didn't remember it all correctly (how it was explained)? But I was trying to predict on aggregate whether or not giving somebody a flyer would get them to come back or not, I guess, judging by how many people who had been given flyers before had come back. It seemed like maybe the ""flyers"" obtainable info was a little bit relevant too, like if everybody who had taken the flyer had come back, maybe it was a good flyer.",Male,White,899688,2022-04-05 19:33:25,
509,observational_left_feedback,1,11,34,Non-Hispanic,"I was trying to interpret the information, but I guess maybe I didn't remember it all correctly (how it was explained)? But I was trying to predict on aggregate whether or not giving somebody a flyer would get them to come back or not, I guess, judging by how many people who had been given flyers before had come back. It seemed like maybe the ""flyers"" obtainable info was a little bit relevant too, like if everybody who had taken the flyer had come back, maybe it was a good flyer.",Male,White,899688,2022-04-05 19:33:25,
509,observational_left_feedback,0,19,34,Non-Hispanic,"I was trying to interpret the information, but I guess maybe I didn't remember it all correctly (how it was explained)? But I was trying to predict on aggregate whether or not giving somebody a flyer would get them to come back or not, I guess, judging by how many people who had been given flyers before had come back. It seemed like maybe the ""flyers"" obtainable info was a little bit relevant too, like if everybody who had taken the flyer had come back, maybe it was a good flyer.",Male,White,899688,2022-04-05 19:33:25,
509,observational_left_feedback,1,9,34,Non-Hispanic,"I was trying to interpret the information, but I guess maybe I didn't remember it all correctly (how it was explained)? But I was trying to predict on aggregate whether or not giving somebody a flyer would get them to come back or not, I guess, judging by how many people who had been given flyers before had come back. It seemed like maybe the ""flyers"" obtainable info was a little bit relevant too, like if everybody who had taken the flyer had come back, maybe it was a good flyer.",Male,White,899688,2022-04-05 19:33:25,
509,observational_left_feedback,0,6,34,Non-Hispanic,"I was trying to interpret the information, but I guess maybe I didn't remember it all correctly (how it was explained)? But I was trying to predict on aggregate whether or not giving somebody a flyer would get them to come back or not, I guess, judging by how many people who had been given flyers before had come back. It seemed like maybe the ""flyers"" obtainable info was a little bit relevant too, like if everybody who had taken the flyer had come back, maybe it was a good flyer.",Male,White,899688,2022-04-05 19:33:25,
509,observational_left_feedback,1,4,34,Non-Hispanic,"I was trying to interpret the information, but I guess maybe I didn't remember it all correctly (how it was explained)? But I was trying to predict on aggregate whether or not giving somebody a flyer would get them to come back or not, I guess, judging by how many people who had been given flyers before had come back. It seemed like maybe the ""flyers"" obtainable info was a little bit relevant too, like if everybody who had taken the flyer had come back, maybe it was a good flyer.",Male,White,899688,2022-04-05 19:33:25,
509,observational_left_feedback,0,20,34,Non-Hispanic,"I was trying to interpret the information, but I guess maybe I didn't remember it all correctly (how it was explained)? But I was trying to predict on aggregate whether or not giving somebody a flyer would get them to come back or not, I guess, judging by how many people who had been given flyers before had come back. It seemed like maybe the ""flyers"" obtainable info was a little bit relevant too, like if everybody who had taken the flyer had come back, maybe it was a good flyer.",Male,White,899688,2022-04-05 19:33:25,
509,observational_left_feedback,1,16,34,Non-Hispanic,"I was trying to interpret the information, but I guess maybe I didn't remember it all correctly (how it was explained)? But I was trying to predict on aggregate whether or not giving somebody a flyer would get them to come back or not, I guess, judging by how many people who had been given flyers before had come back. It seemed like maybe the ""flyers"" obtainable info was a little bit relevant too, like if everybody who had taken the flyer had come back, maybe it was a good flyer.",Male,White,899688,2022-04-05 19:33:25,
509,observational_left_feedback,0,17,34,Non-Hispanic,"I was trying to interpret the information, but I guess maybe I didn't remember it all correctly (how it was explained)? But I was trying to predict on aggregate whether or not giving somebody a flyer would get them to come back or not, I guess, judging by how many people who had been given flyers before had come back. It seemed like maybe the ""flyers"" obtainable info was a little bit relevant too, like if everybody who had taken the flyer had come back, maybe it was a good flyer.",Male,White,899688,2022-04-05 19:33:25,
509,observational_left_feedback,0,18,34,Non-Hispanic,"I was trying to interpret the information, but I guess maybe I didn't remember it all correctly (how it was explained)? But I was trying to predict on aggregate whether or not giving somebody a flyer would get them to come back or not, I guess, judging by how many people who had been given flyers before had come back. It seemed like maybe the ""flyers"" obtainable info was a little bit relevant too, like if everybody who had taken the flyer had come back, maybe it was a good flyer.",Male,White,899688,2022-04-05 19:33:25,
470,observational_left_feedback,1,1,22,Non-Hispanic,"If there was a very high chance of them returning on the left column (picking up a flyer themselves) I usually said no. Otherwise I said yes if the chance of them returning with a flyer outweighed the chance of them returning without, mostly.",Female,White,375887,2022-04-04 23:29:09,
470,observational_left_feedback,0,2,22,Non-Hispanic,"If there was a very high chance of them returning on the left column (picking up a flyer themselves) I usually said no. Otherwise I said yes if the chance of them returning with a flyer outweighed the chance of them returning without, mostly.",Female,White,375887,2022-04-04 23:29:09,
470,observational_left_feedback,1,7,22,Non-Hispanic,"If there was a very high chance of them returning on the left column (picking up a flyer themselves) I usually said no. Otherwise I said yes if the chance of them returning with a flyer outweighed the chance of them returning without, mostly.",Female,White,375887,2022-04-04 23:29:09,
470,observational_left_feedback,1,19,22,Non-Hispanic,"If there was a very high chance of them returning on the left column (picking up a flyer themselves) I usually said no. Otherwise I said yes if the chance of them returning with a flyer outweighed the chance of them returning without, mostly.",Female,White,375887,2022-04-04 23:29:09,
470,observational_left_feedback,0,3,22,Non-Hispanic,"If there was a very high chance of them returning on the left column (picking up a flyer themselves) I usually said no. Otherwise I said yes if the chance of them returning with a flyer outweighed the chance of them returning without, mostly.",Female,White,375887,2022-04-04 23:29:09,
470,observational_left_feedback,0,16,22,Non-Hispanic,"If there was a very high chance of them returning on the left column (picking up a flyer themselves) I usually said no. Otherwise I said yes if the chance of them returning with a flyer outweighed the chance of them returning without, mostly.",Female,White,375887,2022-04-04 23:29:09,
470,observational_left_feedback,0,8,22,Non-Hispanic,"If there was a very high chance of them returning on the left column (picking up a flyer themselves) I usually said no. Otherwise I said yes if the chance of them returning with a flyer outweighed the chance of them returning without, mostly.",Female,White,375887,2022-04-04 23:29:09,
470,observational_left_feedback,0,4,22,Non-Hispanic,"If there was a very high chance of them returning on the left column (picking up a flyer themselves) I usually said no. Otherwise I said yes if the chance of them returning with a flyer outweighed the chance of them returning without, mostly.",Female,White,375887,2022-04-04 23:29:09,
470,observational_left_feedback,1,21,22,Non-Hispanic,"If there was a very high chance of them returning on the left column (picking up a flyer themselves) I usually said no. Otherwise I said yes if the chance of them returning with a flyer outweighed the chance of them returning without, mostly.",Female,White,375887,2022-04-04 23:29:09,
470,observational_left_feedback,1,18,22,Non-Hispanic,"If there was a very high chance of them returning on the left column (picking up a flyer themselves) I usually said no. Otherwise I said yes if the chance of them returning with a flyer outweighed the chance of them returning without, mostly.",Female,White,375887,2022-04-04 23:29:09,
470,observational_left_feedback,0,22,22,Non-Hispanic,"If there was a very high chance of them returning on the left column (picking up a flyer themselves) I usually said no. Otherwise I said yes if the chance of them returning with a flyer outweighed the chance of them returning without, mostly.",Female,White,375887,2022-04-04 23:29:09,
470,observational_left_feedback,1,20,22,Non-Hispanic,"If there was a very high chance of them returning on the left column (picking up a flyer themselves) I usually said no. Otherwise I said yes if the chance of them returning with a flyer outweighed the chance of them returning without, mostly.",Female,White,375887,2022-04-04 23:29:09,
470,observational_left_feedback,0,10,22,Non-Hispanic,"If there was a very high chance of them returning on the left column (picking up a flyer themselves) I usually said no. Otherwise I said yes if the chance of them returning with a flyer outweighed the chance of them returning without, mostly.",Female,White,375887,2022-04-04 23:29:09,
470,observational_left_feedback,1,17,22,Non-Hispanic,"If there was a very high chance of them returning on the left column (picking up a flyer themselves) I usually said no. Otherwise I said yes if the chance of them returning with a flyer outweighed the chance of them returning without, mostly.",Female,White,375887,2022-04-04 23:29:09,
470,observational_left_feedback,1,14,22,Non-Hispanic,"If there was a very high chance of them returning on the left column (picking up a flyer themselves) I usually said no. Otherwise I said yes if the chance of them returning with a flyer outweighed the chance of them returning without, mostly.",Female,White,375887,2022-04-04 23:29:09,
470,observational_left_feedback,1,13,22,Non-Hispanic,"If there was a very high chance of them returning on the left column (picking up a flyer themselves) I usually said no. Otherwise I said yes if the chance of them returning with a flyer outweighed the chance of them returning without, mostly.",Female,White,375887,2022-04-04 23:29:09,
470,observational_left_feedback,0,6,22,Non-Hispanic,"If there was a very high chance of them returning on the left column (picking up a flyer themselves) I usually said no. Otherwise I said yes if the chance of them returning with a flyer outweighed the chance of them returning without, mostly.",Female,White,375887,2022-04-04 23:29:09,
470,observational_left_feedback,0,12,22,Non-Hispanic,"If there was a very high chance of them returning on the left column (picking up a flyer themselves) I usually said no. Otherwise I said yes if the chance of them returning with a flyer outweighed the chance of them returning without, mostly.",Female,White,375887,2022-04-04 23:29:09,
470,observational_left_feedback,1,15,22,Non-Hispanic,"If there was a very high chance of them returning on the left column (picking up a flyer themselves) I usually said no. Otherwise I said yes if the chance of them returning with a flyer outweighed the chance of them returning without, mostly.",Female,White,375887,2022-04-04 23:29:09,
470,observational_left_feedback,1,5,22,Non-Hispanic,"If there was a very high chance of them returning on the left column (picking up a flyer themselves) I usually said no. Otherwise I said yes if the chance of them returning with a flyer outweighed the chance of them returning without, mostly.",Female,White,375887,2022-04-04 23:29:09,
470,observational_left_feedback,1,9,22,Non-Hispanic,"If there was a very high chance of them returning on the left column (picking up a flyer themselves) I usually said no. Otherwise I said yes if the chance of them returning with a flyer outweighed the chance of them returning without, mostly.",Female,White,375887,2022-04-04 23:29:09,
470,observational_left_feedback,1,11,22,Non-Hispanic,"If there was a very high chance of them returning on the left column (picking up a flyer themselves) I usually said no. Otherwise I said yes if the chance of them returning with a flyer outweighed the chance of them returning without, mostly.",Female,White,375887,2022-04-04 23:29:09,
574,observational_left_feedback,1,1,33,Non-Hispanic,Just went with what I felt,Male,White,311438,2022-04-05 19:38:48,
574,observational_left_feedback,1,2,33,Non-Hispanic,Just went with what I felt,Male,White,311438,2022-04-05 19:38:48,
574,observational_left_feedback,1,18,33,Non-Hispanic,Just went with what I felt,Male,White,311438,2022-04-05 19:38:48,
574,observational_left_feedback,0,7,33,Non-Hispanic,Just went with what I felt,Male,White,311438,2022-04-05 19:38:48,
574,observational_left_feedback,1,8,33,Non-Hispanic,Just went with what I felt,Male,White,311438,2022-04-05 19:38:48,
574,observational_left_feedback,0,16,33,Non-Hispanic,Just went with what I felt,Male,White,311438,2022-04-05 19:38:48,
574,observational_left_feedback,1,4,33,Non-Hispanic,Just went with what I felt,Male,White,311438,2022-04-05 19:38:48,
574,observational_left_feedback,1,11,33,Non-Hispanic,Just went with what I felt,Male,White,311438,2022-04-05 19:38:48,
574,observational_left_feedback,1,3,33,Non-Hispanic,Just went with what I felt,Male,White,311438,2022-04-05 19:38:48,
574,observational_left_feedback,1,19,33,Non-Hispanic,Just went with what I felt,Male,White,311438,2022-04-05 19:38:48,
574,observational_left_feedback,0,14,33,Non-Hispanic,Just went with what I felt,Male,White,311438,2022-04-05 19:38:48,
574,observational_left_feedback,1,10,33,Non-Hispanic,Just went with what I felt,Male,White,311438,2022-04-05 19:38:48,
574,observational_left_feedback,0,21,33,Non-Hispanic,Just went with what I felt,Male,White,311438,2022-04-05 19:38:48,
574,observational_left_feedback,0,20,33,Non-Hispanic,Just went with what I felt,Male,White,311438,2022-04-05 19:38:48,
574,observational_left_feedback,0,6,33,Non-Hispanic,Just went with what I felt,Male,White,311438,2022-04-05 19:38:48,
574,observational_left_feedback,0,12,33,Non-Hispanic,Just went with what I felt,Male,White,311438,2022-04-05 19:38:48,
574,observational_left_feedback,0,9,33,Non-Hispanic,Just went with what I felt,Male,White,311438,2022-04-05 19:38:48,
574,observational_left_feedback,1,13,33,Non-Hispanic,Just went with what I felt,Male,White,311438,2022-04-05 19:38:48,
574,observational_left_feedback,0,5,33,Non-Hispanic,Just went with what I felt,Male,White,311438,2022-04-05 19:38:48,
574,observational_left_feedback,1,22,33,Non-Hispanic,Just went with what I felt,Male,White,311438,2022-04-05 19:38:48,
574,observational_left_feedback,1,17,33,Non-Hispanic,Just went with what I felt,Male,White,311438,2022-04-05 19:38:48,
574,observational_left_feedback,1,15,33,Non-Hispanic,Just went with what I felt,Male,White,311438,2022-04-05 19:38:48,
571,observational_left_feedback,1,1,35,Non-Hispanic,i just tried to guess given the info,Female,White,335897,2022-04-05 19:38:54,
571,observational_left_feedback,1,2,35,Non-Hispanic,i just tried to guess given the info,Female,White,335897,2022-04-05 19:38:54,
571,observational_left_feedback,1,6,35,Non-Hispanic,i just tried to guess given the info,Female,White,335897,2022-04-05 19:38:54,
571,observational_left_feedback,1,12,35,Non-Hispanic,i just tried to guess given the info,Female,White,335897,2022-04-05 19:38:54,
571,observational_left_feedback,0,19,35,Non-Hispanic,i just tried to guess given the info,Female,White,335897,2022-04-05 19:38:54,
571,observational_left_feedback,1,22,35,Non-Hispanic,i just tried to guess given the info,Female,White,335897,2022-04-05 19:38:54,
571,observational_left_feedback,1,7,35,Non-Hispanic,i just tried to guess given the info,Female,White,335897,2022-04-05 19:38:54,
571,observational_left_feedback,1,21,35,Non-Hispanic,i just tried to guess given the info,Female,White,335897,2022-04-05 19:38:54,
571,observational_left_feedback,1,14,35,Non-Hispanic,i just tried to guess given the info,Female,White,335897,2022-04-05 19:38:54,
571,observational_left_feedback,1,4,35,Non-Hispanic,i just tried to guess given the info,Female,White,335897,2022-04-05 19:38:54,
571,observational_left_feedback,1,3,35,Non-Hispanic,i just tried to guess given the info,Female,White,335897,2022-04-05 19:38:54,
571,observational_left_feedback,1,11,35,Non-Hispanic,i just tried to guess given the info,Female,White,335897,2022-04-05 19:38:54,
571,observational_left_feedback,1,18,35,Non-Hispanic,i just tried to guess given the info,Female,White,335897,2022-04-05 19:38:54,
571,observational_left_feedback,1,15,35,Non-Hispanic,i just tried to guess given the info,Female,White,335897,2022-04-05 19:38:54,
571,observational_left_feedback,1,10,35,Non-Hispanic,i just tried to guess given the info,Female,White,335897,2022-04-05 19:38:54,
571,observational_left_feedback,1,16,35,Non-Hispanic,i just tried to guess given the info,Female,White,335897,2022-04-05 19:38:54,
571,observational_left_feedback,1,9,35,Non-Hispanic,i just tried to guess given the info,Female,White,335897,2022-04-05 19:38:54,
571,observational_left_feedback,0,17,35,Non-Hispanic,i just tried to guess given the info,Female,White,335897,2022-04-05 19:38:54,
571,observational_left_feedback,1,20,35,Non-Hispanic,i just tried to guess given the info,Female,White,335897,2022-04-05 19:38:54,
571,observational_left_feedback,1,8,35,Non-Hispanic,i just tried to guess given the info,Female,White,335897,2022-04-05 19:38:54,
571,observational_left_feedback,1,13,35,Non-Hispanic,i just tried to guess given the info,Female,White,335897,2022-04-05 19:38:54,
571,observational_left_feedback,0,5,35,Non-Hispanic,i just tried to guess given the info,Female,White,335897,2022-04-05 19:38:54,
524,observational_left_feedback,1,1,30,Non-Hispanic,,Male,White,1079822,2022-04-05 19:39:39,
524,observational_left_feedback,0,2,30,Non-Hispanic,,Male,White,1079822,2022-04-05 19:39:39,
524,observational_left_feedback,1,11,30,Non-Hispanic,,Male,White,1079822,2022-04-05 19:39:39,
524,observational_left_feedback,0,22,30,Non-Hispanic,,Male,White,1079822,2022-04-05 19:39:39,
524,observational_left_feedback,1,9,30,Non-Hispanic,,Male,White,1079822,2022-04-05 19:39:39,
524,observational_left_feedback,1,19,30,Non-Hispanic,,Male,White,1079822,2022-04-05 19:39:39,
524,observational_left_feedback,0,14,30,Non-Hispanic,,Male,White,1079822,2022-04-05 19:39:39,
524,observational_left_feedback,1,15,30,Non-Hispanic,,Male,White,1079822,2022-04-05 19:39:39,
524,observational_left_feedback,1,13,30,Non-Hispanic,,Male,White,1079822,2022-04-05 19:39:39,
524,observational_left_feedback,0,6,30,Non-Hispanic,,Male,White,1079822,2022-04-05 19:39:39,
524,observational_left_feedback,1,21,30,Non-Hispanic,,Male,White,1079822,2022-04-05 19:39:39,
524,observational_left_feedback,0,20,30,Non-Hispanic,,Male,White,1079822,2022-04-05 19:39:39,
524,observational_left_feedback,1,12,30,Non-Hispanic,,Male,White,1079822,2022-04-05 19:39:39,
524,observational_left_feedback,0,10,30,Non-Hispanic,,Male,White,1079822,2022-04-05 19:39:39,
524,observational_left_feedback,1,5,30,Non-Hispanic,,Male,White,1079822,2022-04-05 19:39:39,
524,observational_left_feedback,0,8,30,Non-Hispanic,,Male,White,1079822,2022-04-05 19:39:39,
524,observational_left_feedback,0,3,30,Non-Hispanic,,Male,White,1079822,2022-04-05 19:39:39,
524,observational_left_feedback,0,4,30,Non-Hispanic,,Male,White,1079822,2022-04-05 19:39:39,
524,observational_left_feedback,1,17,30,Non-Hispanic,,Male,White,1079822,2022-04-05 19:39:39,
524,observational_left_feedback,1,18,30,Non-Hispanic,,Male,White,1079822,2022-04-05 19:39:39,
524,observational_left_feedback,0,7,30,Non-Hispanic,,Male,White,1079822,2022-04-05 19:39:39,
524,observational_left_feedback,0,16,30,Non-Hispanic,,Male,White,1079822,2022-04-05 19:39:39,
540,observational_left_feedback,1,1,55,,,Male,White,559584,2022-04-05 19:35:10,
540,observational_left_feedback,0,2,55,,,Male,White,559584,2022-04-05 19:35:10,
540,observational_left_feedback,1,21,55,,,Male,White,559584,2022-04-05 19:35:10,
540,observational_left_feedback,0,3,55,,,Male,White,559584,2022-04-05 19:35:10,
540,observational_left_feedback,1,19,55,,,Male,White,559584,2022-04-05 19:35:10,
540,observational_left_feedback,1,5,55,,,Male,White,559584,2022-04-05 19:35:10,
540,observational_left_feedback,0,10,55,,,Male,White,559584,2022-04-05 19:35:10,
540,observational_left_feedback,1,7,55,,,Male,White,559584,2022-04-05 19:35:10,
540,observational_left_feedback,0,18,55,,,Male,White,559584,2022-04-05 19:35:10,
540,observational_left_feedback,0,17,55,,,Male,White,559584,2022-04-05 19:35:10,
540,observational_left_feedback,0,12,55,,,Male,White,559584,2022-04-05 19:35:10,
540,observational_left_feedback,0,9,55,,,Male,White,559584,2022-04-05 19:35:10,
540,observational_left_feedback,0,16,55,,,Male,White,559584,2022-04-05 19:35:10,
540,observational_left_feedback,0,14,55,,,Male,White,559584,2022-04-05 19:35:10,
540,observational_left_feedback,1,6,55,,,Male,White,559584,2022-04-05 19:35:10,
540,observational_left_feedback,1,20,55,,,Male,White,559584,2022-04-05 19:35:10,
540,observational_left_feedback,1,13,55,,,Male,White,559584,2022-04-05 19:35:10,
540,observational_left_feedback,0,4,55,,,Male,White,559584,2022-04-05 19:35:10,
540,observational_left_feedback,1,11,55,,,Male,White,559584,2022-04-05 19:35:10,
540,observational_left_feedback,0,8,55,,,Male,White,559584,2022-04-05 19:35:10,
540,observational_left_feedback,0,15,55,,,Male,White,559584,2022-04-05 19:35:10,
540,observational_left_feedback,0,22,55,,,Male,White,559584,2022-04-05 19:35:10,
565,observational_left_feedback,0,1,59,,I think I made the mistake of only focusing on the total ticket sale.  ,Female,Asian,1502277,2022-04-05 19:55:58,
565,observational_left_feedback,0,2,59,,I think I made the mistake of only focusing on the total ticket sale.  ,Female,Asian,1502277,2022-04-05 19:55:58,
565,observational_left_feedback,1,20,59,,I think I made the mistake of only focusing on the total ticket sale.  ,Female,Asian,1502277,2022-04-05 19:55:58,
565,observational_left_feedback,0,14,59,,I think I made the mistake of only focusing on the total ticket sale.  ,Female,Asian,1502277,2022-04-05 19:55:58,
565,observational_left_feedback,1,18,59,,I think I made the mistake of only focusing on the total ticket sale.  ,Female,Asian,1502277,2022-04-05 19:55:58,
565,observational_left_feedback,1,15,59,,I think I made the mistake of only focusing on the total ticket sale.  ,Female,Asian,1502277,2022-04-05 19:55:58,
565,observational_left_feedback,0,4,59,,I think I made the mistake of only focusing on the total ticket sale.  ,Female,Asian,1502277,2022-04-05 19:55:58,
565,observational_left_feedback,1,7,59,,I think I made the mistake of only focusing on the total ticket sale.  ,Female,Asian,1502277,2022-04-05 19:55:58,
565,observational_left_feedback,1,21,59,,I think I made the mistake of only focusing on the total ticket sale.  ,Female,Asian,1502277,2022-04-05 19:55:58,
565,observational_left_feedback,1,5,59,,I think I made the mistake of only focusing on the total ticket sale.  ,Female,Asian,1502277,2022-04-05 19:55:58,
565,observational_left_feedback,1,19,59,,I think I made the mistake of only focusing on the total ticket sale.  ,Female,Asian,1502277,2022-04-05 19:55:58,
565,observational_left_feedback,1,13,59,,I think I made the mistake of only focusing on the total ticket sale.  ,Female,Asian,1502277,2022-04-05 19:55:58,
565,observational_left_feedback,0,22,59,,I think I made the mistake of only focusing on the total ticket sale.  ,Female,Asian,1502277,2022-04-05 19:55:58,
565,observational_left_feedback,1,16,59,,I think I made the mistake of only focusing on the total ticket sale.  ,Female,Asian,1502277,2022-04-05 19:55:58,
565,observational_left_feedback,0,8,59,,I think I made the mistake of only focusing on the total ticket sale.  ,Female,Asian,1502277,2022-04-05 19:55:58,
565,observational_left_feedback,0,10,59,,I think I made the mistake of only focusing on the total ticket sale.  ,Female,Asian,1502277,2022-04-05 19:55:58,
565,observational_left_feedback,1,17,59,,I think I made the mistake of only focusing on the total ticket sale.  ,Female,Asian,1502277,2022-04-05 19:55:58,
565,observational_left_feedback,0,12,59,,I think I made the mistake of only focusing on the total ticket sale.  ,Female,Asian,1502277,2022-04-05 19:55:58,
565,observational_left_feedback,0,6,59,,I think I made the mistake of only focusing on the total ticket sale.  ,Female,Asian,1502277,2022-04-05 19:55:58,
565,observational_left_feedback,1,9,59,,I think I made the mistake of only focusing on the total ticket sale.  ,Female,Asian,1502277,2022-04-05 19:55:58,
565,observational_left_feedback,1,11,59,,I think I made the mistake of only focusing on the total ticket sale.  ,Female,Asian,1502277,2022-04-05 19:55:58,
565,observational_left_feedback,0,3,59,,I think I made the mistake of only focusing on the total ticket sale.  ,Female,Asian,1502277,2022-04-05 19:55:58,
503,observational_left_feedback,1,1,62,Non-Hispanic,,Female,White,587973,2022-04-05 19:26:34,
503,observational_left_feedback,0,2,62,Non-Hispanic,,Female,White,587973,2022-04-05 19:26:34,
503,observational_left_feedback,0,15,62,Non-Hispanic,,Female,White,587973,2022-04-05 19:26:34,
503,observational_left_feedback,1,20,62,Non-Hispanic,,Female,White,587973,2022-04-05 19:26:34,
503,observational_left_feedback,1,13,62,Non-Hispanic,,Female,White,587973,2022-04-05 19:26:34,
503,observational_left_feedback,0,18,62,Non-Hispanic,,Female,White,587973,2022-04-05 19:26:34,
503,observational_left_feedback,1,11,62,Non-Hispanic,,Female,White,587973,2022-04-05 19:26:34,
503,observational_left_feedback,1,6,62,Non-Hispanic,,Female,White,587973,2022-04-05 19:26:34,
503,observational_left_feedback,1,19,62,Non-Hispanic,,Female,White,587973,2022-04-05 19:26:34,
503,observational_left_feedback,0,4,62,Non-Hispanic,,Female,White,587973,2022-04-05 19:26:34,
503,observational_left_feedback,0,9,62,Non-Hispanic,,Female,White,587973,2022-04-05 19:26:34,
503,observational_left_feedback,1,5,62,Non-Hispanic,,Female,White,587973,2022-04-05 19:26:34,
503,observational_left_feedback,0,12,62,Non-Hispanic,,Female,White,587973,2022-04-05 19:26:34,
503,observational_left_feedback,1,8,62,Non-Hispanic,,Female,White,587973,2022-04-05 19:26:34,
503,observational_left_feedback,0,21,62,Non-Hispanic,,Female,White,587973,2022-04-05 19:26:34,
503,observational_left_feedback,1,17,62,Non-Hispanic,,Female,White,587973,2022-04-05 19:26:34,
503,observational_left_feedback,1,7,62,Non-Hispanic,,Female,White,587973,2022-04-05 19:26:34,
503,observational_left_feedback,0,10,62,Non-Hispanic,,Female,White,587973,2022-04-05 19:26:34,
503,observational_left_feedback,0,22,62,Non-Hispanic,,Female,White,587973,2022-04-05 19:26:34,
503,observational_left_feedback,0,14,62,Non-Hispanic,,Female,White,587973,2022-04-05 19:26:34,
503,observational_left_feedback,0,16,62,Non-Hispanic,,Female,White,587973,2022-04-05 19:26:34,
503,observational_left_feedback,0,3,62,Non-Hispanic,,Female,White,587973,2022-04-05 19:26:34,
580,observational_left_feedback,1,1,34,Non-Hispanic,I kind of picked at random but tried to base it on the stats at the top,Male,White,561079,2022-04-05 19:44:02,
580,observational_left_feedback,1,2,34,Non-Hispanic,I kind of picked at random but tried to base it on the stats at the top,Male,White,561079,2022-04-05 19:44:02,
580,observational_left_feedback,1,13,34,Non-Hispanic,I kind of picked at random but tried to base it on the stats at the top,Male,White,561079,2022-04-05 19:44:02,
580,observational_left_feedback,1,11,34,Non-Hispanic,I kind of picked at random but tried to base it on the stats at the top,Male,White,561079,2022-04-05 19:44:02,
580,observational_left_feedback,1,20,34,Non-Hispanic,I kind of picked at random but tried to base it on the stats at the top,Male,White,561079,2022-04-05 19:44:02,
580,observational_left_feedback,0,21,34,Non-Hispanic,I kind of picked at random but tried to base it on the stats at the top,Male,White,561079,2022-04-05 19:44:02,
580,observational_left_feedback,1,6,34,Non-Hispanic,I kind of picked at random but tried to base it on the stats at the top,Male,White,561079,2022-04-05 19:44:02,
580,observational_left_feedback,1,10,34,Non-Hispanic,I kind of picked at random but tried to base it on the stats at the top,Male,White,561079,2022-04-05 19:44:02,
580,observational_left_feedback,1,14,34,Non-Hispanic,I kind of picked at random but tried to base it on the stats at the top,Male,White,561079,2022-04-05 19:44:02,
580,observational_left_feedback,1,15,34,Non-Hispanic,I kind of picked at random but tried to base it on the stats at the top,Male,White,561079,2022-04-05 19:44:02,
580,observational_left_feedback,0,18,34,Non-Hispanic,I kind of picked at random but tried to base it on the stats at the top,Male,White,561079,2022-04-05 19:44:02,
580,observational_left_feedback,0,3,34,Non-Hispanic,I kind of picked at random but tried to base it on the stats at the top,Male,White,561079,2022-04-05 19:44:02,
580,observational_left_feedback,1,7,34,Non-Hispanic,I kind of picked at random but tried to base it on the stats at the top,Male,White,561079,2022-04-05 19:44:02,
580,observational_left_feedback,1,5,34,Non-Hispanic,I kind of picked at random but tried to base it on the stats at the top,Male,White,561079,2022-04-05 19:44:02,
580,observational_left_feedback,1,8,34,Non-Hispanic,I kind of picked at random but tried to base it on the stats at the top,Male,White,561079,2022-04-05 19:44:02,
580,observational_left_feedback,1,12,34,Non-Hispanic,I kind of picked at random but tried to base it on the stats at the top,Male,White,561079,2022-04-05 19:44:02,
580,observational_left_feedback,1,17,34,Non-Hispanic,I kind of picked at random but tried to base it on the stats at the top,Male,White,561079,2022-04-05 19:44:02,
580,observational_left_feedback,1,19,34,Non-Hispanic,I kind of picked at random but tried to base it on the stats at the top,Male,White,561079,2022-04-05 19:44:02,
580,observational_left_feedback,1,4,34,Non-Hispanic,I kind of picked at random but tried to base it on the stats at the top,Male,White,561079,2022-04-05 19:44:02,
580,observational_left_feedback,1,9,34,Non-Hispanic,I kind of picked at random but tried to base it on the stats at the top,Male,White,561079,2022-04-05 19:44:02,
580,observational_left_feedback,0,16,34,Non-Hispanic,I kind of picked at random but tried to base it on the stats at the top,Male,White,561079,2022-04-05 19:44:02,
580,observational_left_feedback,1,22,34,Non-Hispanic,I kind of picked at random but tried to base it on the stats at the top,Male,White,561079,2022-04-05 19:44:02,
544,observational_left_feedback,1,1,38,Non-Hispanic,The biggest factors I looked at was how many people decided to return without having seen the flyer. A lot of the people that saw the movie and received a flyer seemed like a toss-up.,Female,Native Hawaiian/Pacific Islander,1348350,2022-04-05 19:49:00,
544,observational_left_feedback,0,2,38,Non-Hispanic,The biggest factors I looked at was how many people decided to return without having seen the flyer. A lot of the people that saw the movie and received a flyer seemed like a toss-up.,Female,Native Hawaiian/Pacific Islander,1348350,2022-04-05 19:49:00,
544,observational_left_feedback,1,3,38,Non-Hispanic,The biggest factors I looked at was how many people decided to return without having seen the flyer. A lot of the people that saw the movie and received a flyer seemed like a toss-up.,Female,Native Hawaiian/Pacific Islander,1348350,2022-04-05 19:49:00,
544,observational_left_feedback,0,13,38,Non-Hispanic,The biggest factors I looked at was how many people decided to return without having seen the flyer. A lot of the people that saw the movie and received a flyer seemed like a toss-up.,Female,Native Hawaiian/Pacific Islander,1348350,2022-04-05 19:49:00,
544,observational_left_feedback,1,14,38,Non-Hispanic,The biggest factors I looked at was how many people decided to return without having seen the flyer. A lot of the people that saw the movie and received a flyer seemed like a toss-up.,Female,Native Hawaiian/Pacific Islander,1348350,2022-04-05 19:49:00,
544,observational_left_feedback,1,21,38,Non-Hispanic,The biggest factors I looked at was how many people decided to return without having seen the flyer. A lot of the people that saw the movie and received a flyer seemed like a toss-up.,Female,Native Hawaiian/Pacific Islander,1348350,2022-04-05 19:49:00,
544,observational_left_feedback,1,18,38,Non-Hispanic,The biggest factors I looked at was how many people decided to return without having seen the flyer. A lot of the people that saw the movie and received a flyer seemed like a toss-up.,Female,Native Hawaiian/Pacific Islander,1348350,2022-04-05 19:49:00,
544,observational_left_feedback,1,10,38,Non-Hispanic,The biggest factors I looked at was how many people decided to return without having seen the flyer. A lot of the people that saw the movie and received a flyer seemed like a toss-up.,Female,Native Hawaiian/Pacific Islander,1348350,2022-04-05 19:49:00,
544,observational_left_feedback,0,22,38,Non-Hispanic,The biggest factors I looked at was how many people decided to return without having seen the flyer. A lot of the people that saw the movie and received a flyer seemed like a toss-up.,Female,Native Hawaiian/Pacific Islander,1348350,2022-04-05 19:49:00,
544,observational_left_feedback,1,20,38,Non-Hispanic,The biggest factors I looked at was how many people decided to return without having seen the flyer. A lot of the people that saw the movie and received a flyer seemed like a toss-up.,Female,Native Hawaiian/Pacific Islander,1348350,2022-04-05 19:49:00,
544,observational_left_feedback,1,6,38,Non-Hispanic,The biggest factors I looked at was how many people decided to return without having seen the flyer. A lot of the people that saw the movie and received a flyer seemed like a toss-up.,Female,Native Hawaiian/Pacific Islander,1348350,2022-04-05 19:49:00,
544,observational_left_feedback,1,17,38,Non-Hispanic,The biggest factors I looked at was how many people decided to return without having seen the flyer. A lot of the people that saw the movie and received a flyer seemed like a toss-up.,Female,Native Hawaiian/Pacific Islander,1348350,2022-04-05 19:49:00,
544,observational_left_feedback,1,12,38,Non-Hispanic,The biggest factors I looked at was how many people decided to return without having seen the flyer. A lot of the people that saw the movie and received a flyer seemed like a toss-up.,Female,Native Hawaiian/Pacific Islander,1348350,2022-04-05 19:49:00,
544,observational_left_feedback,1,5,38,Non-Hispanic,The biggest factors I looked at was how many people decided to return without having seen the flyer. A lot of the people that saw the movie and received a flyer seemed like a toss-up.,Female,Native Hawaiian/Pacific Islander,1348350,2022-04-05 19:49:00,
544,observational_left_feedback,1,15,38,Non-Hispanic,The biggest factors I looked at was how many people decided to return without having seen the flyer. A lot of the people that saw the movie and received a flyer seemed like a toss-up.,Female,Native Hawaiian/Pacific Islander,1348350,2022-04-05 19:49:00,
544,observational_left_feedback,0,7,38,Non-Hispanic,The biggest factors I looked at was how many people decided to return without having seen the flyer. A lot of the people that saw the movie and received a flyer seemed like a toss-up.,Female,Native Hawaiian/Pacific Islander,1348350,2022-04-05 19:49:00,
544,observational_left_feedback,0,9,38,Non-Hispanic,The biggest factors I looked at was how many people decided to return without having seen the flyer. A lot of the people that saw the movie and received a flyer seemed like a toss-up.,Female,Native Hawaiian/Pacific Islander,1348350,2022-04-05 19:49:00,
544,observational_left_feedback,0,16,38,Non-Hispanic,The biggest factors I looked at was how many people decided to return without having seen the flyer. A lot of the people that saw the movie and received a flyer seemed like a toss-up.,Female,Native Hawaiian/Pacific Islander,1348350,2022-04-05 19:49:00,
544,observational_left_feedback,0,19,38,Non-Hispanic,The biggest factors I looked at was how many people decided to return without having seen the flyer. A lot of the people that saw the movie and received a flyer seemed like a toss-up.,Female,Native Hawaiian/Pacific Islander,1348350,2022-04-05 19:49:00,
544,observational_left_feedback,0,11,38,Non-Hispanic,The biggest factors I looked at was how many people decided to return without having seen the flyer. A lot of the people that saw the movie and received a flyer seemed like a toss-up.,Female,Native Hawaiian/Pacific Islander,1348350,2022-04-05 19:49:00,
544,observational_left_feedback,0,8,38,Non-Hispanic,The biggest factors I looked at was how many people decided to return without having seen the flyer. A lot of the people that saw the movie and received a flyer seemed like a toss-up.,Female,Native Hawaiian/Pacific Islander,1348350,2022-04-05 19:49:00,
544,observational_left_feedback,0,4,38,Non-Hispanic,The biggest factors I looked at was how many people decided to return without having seen the flyer. A lot of the people that saw the movie and received a flyer seemed like a toss-up.,Female,Native Hawaiian/Pacific Islander,1348350,2022-04-05 19:49:00,
487,observational_left_feedback,1,1,51,Non-Hispanic,"I enjoyed participating! I mainly considered the following factors:

1. The percentage of people who were handed a flyer that actually bought a ticket (the most important factor; if the percentage was over 50%, I strongly considered handing out a flyer as it seemed effective in persuading people to purchase a ticket)

2.The percentage of people who obtained a flyer on their own that actually bought a ticket (If the percentage was lower than 70%, this made me think that they were likely to have been interested initially, but then were persuaded NOT to buy a ticket. Therefore, in this case, I would have strongly considered NOT handing out a flyer, as I felt the flyer seemed to not be effective in getting people to purchase tickets)

3.What the percentage was of people who did NOT take/receive a flyer that actually bought a ticket (if a large percentage of people were purchasing tickets without a flyer than I strongly considered not handing out a flyer, as people seemed to be purchasing tickets without the motivation of a flyer)",Female,White,2210858,2022-04-05 19:47:48,
487,observational_left_feedback,0,2,51,Non-Hispanic,"I enjoyed participating! I mainly considered the following factors:

1. The percentage of people who were handed a flyer that actually bought a ticket (the most important factor; if the percentage was over 50%, I strongly considered handing out a flyer as it seemed effective in persuading people to purchase a ticket)

2.The percentage of people who obtained a flyer on their own that actually bought a ticket (If the percentage was lower than 70%, this made me think that they were likely to have been interested initially, but then were persuaded NOT to buy a ticket. Therefore, in this case, I would have strongly considered NOT handing out a flyer, as I felt the flyer seemed to not be effective in getting people to purchase tickets)

3.What the percentage was of people who did NOT take/receive a flyer that actually bought a ticket (if a large percentage of people were purchasing tickets without a flyer than I strongly considered not handing out a flyer, as people seemed to be purchasing tickets without the motivation of a flyer)",Female,White,2210858,2022-04-05 19:47:48,
487,observational_left_feedback,1,19,51,Non-Hispanic,"I enjoyed participating! I mainly considered the following factors:

1. The percentage of people who were handed a flyer that actually bought a ticket (the most important factor; if the percentage was over 50%, I strongly considered handing out a flyer as it seemed effective in persuading people to purchase a ticket)

2.The percentage of people who obtained a flyer on their own that actually bought a ticket (If the percentage was lower than 70%, this made me think that they were likely to have been interested initially, but then were persuaded NOT to buy a ticket. Therefore, in this case, I would have strongly considered NOT handing out a flyer, as I felt the flyer seemed to not be effective in getting people to purchase tickets)

3.What the percentage was of people who did NOT take/receive a flyer that actually bought a ticket (if a large percentage of people were purchasing tickets without a flyer than I strongly considered not handing out a flyer, as people seemed to be purchasing tickets without the motivation of a flyer)",Female,White,2210858,2022-04-05 19:47:48,
487,observational_left_feedback,1,11,51,Non-Hispanic,"I enjoyed participating! I mainly considered the following factors:

1. The percentage of people who were handed a flyer that actually bought a ticket (the most important factor; if the percentage was over 50%, I strongly considered handing out a flyer as it seemed effective in persuading people to purchase a ticket)

2.The percentage of people who obtained a flyer on their own that actually bought a ticket (If the percentage was lower than 70%, this made me think that they were likely to have been interested initially, but then were persuaded NOT to buy a ticket. Therefore, in this case, I would have strongly considered NOT handing out a flyer, as I felt the flyer seemed to not be effective in getting people to purchase tickets)

3.What the percentage was of people who did NOT take/receive a flyer that actually bought a ticket (if a large percentage of people were purchasing tickets without a flyer than I strongly considered not handing out a flyer, as people seemed to be purchasing tickets without the motivation of a flyer)",Female,White,2210858,2022-04-05 19:47:48,
487,observational_left_feedback,1,13,51,Non-Hispanic,"I enjoyed participating! I mainly considered the following factors:

1. The percentage of people who were handed a flyer that actually bought a ticket (the most important factor; if the percentage was over 50%, I strongly considered handing out a flyer as it seemed effective in persuading people to purchase a ticket)

2.The percentage of people who obtained a flyer on their own that actually bought a ticket (If the percentage was lower than 70%, this made me think that they were likely to have been interested initially, but then were persuaded NOT to buy a ticket. Therefore, in this case, I would have strongly considered NOT handing out a flyer, as I felt the flyer seemed to not be effective in getting people to purchase tickets)

3.What the percentage was of people who did NOT take/receive a flyer that actually bought a ticket (if a large percentage of people were purchasing tickets without a flyer than I strongly considered not handing out a flyer, as people seemed to be purchasing tickets without the motivation of a flyer)",Female,White,2210858,2022-04-05 19:47:48,
487,observational_left_feedback,1,15,51,Non-Hispanic,"I enjoyed participating! I mainly considered the following factors:

1. The percentage of people who were handed a flyer that actually bought a ticket (the most important factor; if the percentage was over 50%, I strongly considered handing out a flyer as it seemed effective in persuading people to purchase a ticket)

2.The percentage of people who obtained a flyer on their own that actually bought a ticket (If the percentage was lower than 70%, this made me think that they were likely to have been interested initially, but then were persuaded NOT to buy a ticket. Therefore, in this case, I would have strongly considered NOT handing out a flyer, as I felt the flyer seemed to not be effective in getting people to purchase tickets)

3.What the percentage was of people who did NOT take/receive a flyer that actually bought a ticket (if a large percentage of people were purchasing tickets without a flyer than I strongly considered not handing out a flyer, as people seemed to be purchasing tickets without the motivation of a flyer)",Female,White,2210858,2022-04-05 19:47:48,
487,observational_left_feedback,0,16,51,Non-Hispanic,"I enjoyed participating! I mainly considered the following factors:

1. The percentage of people who were handed a flyer that actually bought a ticket (the most important factor; if the percentage was over 50%, I strongly considered handing out a flyer as it seemed effective in persuading people to purchase a ticket)

2.The percentage of people who obtained a flyer on their own that actually bought a ticket (If the percentage was lower than 70%, this made me think that they were likely to have been interested initially, but then were persuaded NOT to buy a ticket. Therefore, in this case, I would have strongly considered NOT handing out a flyer, as I felt the flyer seemed to not be effective in getting people to purchase tickets)

3.What the percentage was of people who did NOT take/receive a flyer that actually bought a ticket (if a large percentage of people were purchasing tickets without a flyer than I strongly considered not handing out a flyer, as people seemed to be purchasing tickets without the motivation of a flyer)",Female,White,2210858,2022-04-05 19:47:48,
487,observational_left_feedback,1,22,51,Non-Hispanic,"I enjoyed participating! I mainly considered the following factors:

1. The percentage of people who were handed a flyer that actually bought a ticket (the most important factor; if the percentage was over 50%, I strongly considered handing out a flyer as it seemed effective in persuading people to purchase a ticket)

2.The percentage of people who obtained a flyer on their own that actually bought a ticket (If the percentage was lower than 70%, this made me think that they were likely to have been interested initially, but then were persuaded NOT to buy a ticket. Therefore, in this case, I would have strongly considered NOT handing out a flyer, as I felt the flyer seemed to not be effective in getting people to purchase tickets)

3.What the percentage was of people who did NOT take/receive a flyer that actually bought a ticket (if a large percentage of people were purchasing tickets without a flyer than I strongly considered not handing out a flyer, as people seemed to be purchasing tickets without the motivation of a flyer)",Female,White,2210858,2022-04-05 19:47:48,
487,observational_left_feedback,1,21,51,Non-Hispanic,"I enjoyed participating! I mainly considered the following factors:

1. The percentage of people who were handed a flyer that actually bought a ticket (the most important factor; if the percentage was over 50%, I strongly considered handing out a flyer as it seemed effective in persuading people to purchase a ticket)

2.The percentage of people who obtained a flyer on their own that actually bought a ticket (If the percentage was lower than 70%, this made me think that they were likely to have been interested initially, but then were persuaded NOT to buy a ticket. Therefore, in this case, I would have strongly considered NOT handing out a flyer, as I felt the flyer seemed to not be effective in getting people to purchase tickets)

3.What the percentage was of people who did NOT take/receive a flyer that actually bought a ticket (if a large percentage of people were purchasing tickets without a flyer than I strongly considered not handing out a flyer, as people seemed to be purchasing tickets without the motivation of a flyer)",Female,White,2210858,2022-04-05 19:47:48,
487,observational_left_feedback,1,14,51,Non-Hispanic,"I enjoyed participating! I mainly considered the following factors:

1. The percentage of people who were handed a flyer that actually bought a ticket (the most important factor; if the percentage was over 50%, I strongly considered handing out a flyer as it seemed effective in persuading people to purchase a ticket)

2.The percentage of people who obtained a flyer on their own that actually bought a ticket (If the percentage was lower than 70%, this made me think that they were likely to have been interested initially, but then were persuaded NOT to buy a ticket. Therefore, in this case, I would have strongly considered NOT handing out a flyer, as I felt the flyer seemed to not be effective in getting people to purchase tickets)

3.What the percentage was of people who did NOT take/receive a flyer that actually bought a ticket (if a large percentage of people were purchasing tickets without a flyer than I strongly considered not handing out a flyer, as people seemed to be purchasing tickets without the motivation of a flyer)",Female,White,2210858,2022-04-05 19:47:48,
487,observational_left_feedback,0,6,51,Non-Hispanic,"I enjoyed participating! I mainly considered the following factors:

1. The percentage of people who were handed a flyer that actually bought a ticket (the most important factor; if the percentage was over 50%, I strongly considered handing out a flyer as it seemed effective in persuading people to purchase a ticket)

2.The percentage of people who obtained a flyer on their own that actually bought a ticket (If the percentage was lower than 70%, this made me think that they were likely to have been interested initially, but then were persuaded NOT to buy a ticket. Therefore, in this case, I would have strongly considered NOT handing out a flyer, as I felt the flyer seemed to not be effective in getting people to purchase tickets)

3.What the percentage was of people who did NOT take/receive a flyer that actually bought a ticket (if a large percentage of people were purchasing tickets without a flyer than I strongly considered not handing out a flyer, as people seemed to be purchasing tickets without the motivation of a flyer)",Female,White,2210858,2022-04-05 19:47:48,
487,observational_left_feedback,1,12,51,Non-Hispanic,"I enjoyed participating! I mainly considered the following factors:

1. The percentage of people who were handed a flyer that actually bought a ticket (the most important factor; if the percentage was over 50%, I strongly considered handing out a flyer as it seemed effective in persuading people to purchase a ticket)

2.The percentage of people who obtained a flyer on their own that actually bought a ticket (If the percentage was lower than 70%, this made me think that they were likely to have been interested initially, but then were persuaded NOT to buy a ticket. Therefore, in this case, I would have strongly considered NOT handing out a flyer, as I felt the flyer seemed to not be effective in getting people to purchase tickets)

3.What the percentage was of people who did NOT take/receive a flyer that actually bought a ticket (if a large percentage of people were purchasing tickets without a flyer than I strongly considered not handing out a flyer, as people seemed to be purchasing tickets without the motivation of a flyer)",Female,White,2210858,2022-04-05 19:47:48,
487,observational_left_feedback,0,4,51,Non-Hispanic,"I enjoyed participating! I mainly considered the following factors:

1. The percentage of people who were handed a flyer that actually bought a ticket (the most important factor; if the percentage was over 50%, I strongly considered handing out a flyer as it seemed effective in persuading people to purchase a ticket)

2.The percentage of people who obtained a flyer on their own that actually bought a ticket (If the percentage was lower than 70%, this made me think that they were likely to have been interested initially, but then were persuaded NOT to buy a ticket. Therefore, in this case, I would have strongly considered NOT handing out a flyer, as I felt the flyer seemed to not be effective in getting people to purchase tickets)

3.What the percentage was of people who did NOT take/receive a flyer that actually bought a ticket (if a large percentage of people were purchasing tickets without a flyer than I strongly considered not handing out a flyer, as people seemed to be purchasing tickets without the motivation of a flyer)",Female,White,2210858,2022-04-05 19:47:48,
487,observational_left_feedback,0,10,51,Non-Hispanic,"I enjoyed participating! I mainly considered the following factors:

1. The percentage of people who were handed a flyer that actually bought a ticket (the most important factor; if the percentage was over 50%, I strongly considered handing out a flyer as it seemed effective in persuading people to purchase a ticket)

2.The percentage of people who obtained a flyer on their own that actually bought a ticket (If the percentage was lower than 70%, this made me think that they were likely to have been interested initially, but then were persuaded NOT to buy a ticket. Therefore, in this case, I would have strongly considered NOT handing out a flyer, as I felt the flyer seemed to not be effective in getting people to purchase tickets)

3.What the percentage was of people who did NOT take/receive a flyer that actually bought a ticket (if a large percentage of people were purchasing tickets without a flyer than I strongly considered not handing out a flyer, as people seemed to be purchasing tickets without the motivation of a flyer)",Female,White,2210858,2022-04-05 19:47:48,
487,observational_left_feedback,0,8,51,Non-Hispanic,"I enjoyed participating! I mainly considered the following factors:

1. The percentage of people who were handed a flyer that actually bought a ticket (the most important factor; if the percentage was over 50%, I strongly considered handing out a flyer as it seemed effective in persuading people to purchase a ticket)

2.The percentage of people who obtained a flyer on their own that actually bought a ticket (If the percentage was lower than 70%, this made me think that they were likely to have been interested initially, but then were persuaded NOT to buy a ticket. Therefore, in this case, I would have strongly considered NOT handing out a flyer, as I felt the flyer seemed to not be effective in getting people to purchase tickets)

3.What the percentage was of people who did NOT take/receive a flyer that actually bought a ticket (if a large percentage of people were purchasing tickets without a flyer than I strongly considered not handing out a flyer, as people seemed to be purchasing tickets without the motivation of a flyer)",Female,White,2210858,2022-04-05 19:47:48,
487,observational_left_feedback,1,17,51,Non-Hispanic,"I enjoyed participating! I mainly considered the following factors:

1. The percentage of people who were handed a flyer that actually bought a ticket (the most important factor; if the percentage was over 50%, I strongly considered handing out a flyer as it seemed effective in persuading people to purchase a ticket)

2.The percentage of people who obtained a flyer on their own that actually bought a ticket (If the percentage was lower than 70%, this made me think that they were likely to have been interested initially, but then were persuaded NOT to buy a ticket. Therefore, in this case, I would have strongly considered NOT handing out a flyer, as I felt the flyer seemed to not be effective in getting people to purchase tickets)

3.What the percentage was of people who did NOT take/receive a flyer that actually bought a ticket (if a large percentage of people were purchasing tickets without a flyer than I strongly considered not handing out a flyer, as people seemed to be purchasing tickets without the motivation of a flyer)",Female,White,2210858,2022-04-05 19:47:48,
487,observational_left_feedback,1,5,51,Non-Hispanic,"I enjoyed participating! I mainly considered the following factors:

1. The percentage of people who were handed a flyer that actually bought a ticket (the most important factor; if the percentage was over 50%, I strongly considered handing out a flyer as it seemed effective in persuading people to purchase a ticket)

2.The percentage of people who obtained a flyer on their own that actually bought a ticket (If the percentage was lower than 70%, this made me think that they were likely to have been interested initially, but then were persuaded NOT to buy a ticket. Therefore, in this case, I would have strongly considered NOT handing out a flyer, as I felt the flyer seemed to not be effective in getting people to purchase tickets)

3.What the percentage was of people who did NOT take/receive a flyer that actually bought a ticket (if a large percentage of people were purchasing tickets without a flyer than I strongly considered not handing out a flyer, as people seemed to be purchasing tickets without the motivation of a flyer)",Female,White,2210858,2022-04-05 19:47:48,
487,observational_left_feedback,1,3,51,Non-Hispanic,"I enjoyed participating! I mainly considered the following factors:

1. The percentage of people who were handed a flyer that actually bought a ticket (the most important factor; if the percentage was over 50%, I strongly considered handing out a flyer as it seemed effective in persuading people to purchase a ticket)

2.The percentage of people who obtained a flyer on their own that actually bought a ticket (If the percentage was lower than 70%, this made me think that they were likely to have been interested initially, but then were persuaded NOT to buy a ticket. Therefore, in this case, I would have strongly considered NOT handing out a flyer, as I felt the flyer seemed to not be effective in getting people to purchase tickets)

3.What the percentage was of people who did NOT take/receive a flyer that actually bought a ticket (if a large percentage of people were purchasing tickets without a flyer than I strongly considered not handing out a flyer, as people seemed to be purchasing tickets without the motivation of a flyer)",Female,White,2210858,2022-04-05 19:47:48,
487,observational_left_feedback,1,7,51,Non-Hispanic,"I enjoyed participating! I mainly considered the following factors:

1. The percentage of people who were handed a flyer that actually bought a ticket (the most important factor; if the percentage was over 50%, I strongly considered handing out a flyer as it seemed effective in persuading people to purchase a ticket)

2.The percentage of people who obtained a flyer on their own that actually bought a ticket (If the percentage was lower than 70%, this made me think that they were likely to have been interested initially, but then were persuaded NOT to buy a ticket. Therefore, in this case, I would have strongly considered NOT handing out a flyer, as I felt the flyer seemed to not be effective in getting people to purchase tickets)

3.What the percentage was of people who did NOT take/receive a flyer that actually bought a ticket (if a large percentage of people were purchasing tickets without a flyer than I strongly considered not handing out a flyer, as people seemed to be purchasing tickets without the motivation of a flyer)",Female,White,2210858,2022-04-05 19:47:48,
487,observational_left_feedback,1,9,51,Non-Hispanic,"I enjoyed participating! I mainly considered the following factors:

1. The percentage of people who were handed a flyer that actually bought a ticket (the most important factor; if the percentage was over 50%, I strongly considered handing out a flyer as it seemed effective in persuading people to purchase a ticket)

2.The percentage of people who obtained a flyer on their own that actually bought a ticket (If the percentage was lower than 70%, this made me think that they were likely to have been interested initially, but then were persuaded NOT to buy a ticket. Therefore, in this case, I would have strongly considered NOT handing out a flyer, as I felt the flyer seemed to not be effective in getting people to purchase tickets)

3.What the percentage was of people who did NOT take/receive a flyer that actually bought a ticket (if a large percentage of people were purchasing tickets without a flyer than I strongly considered not handing out a flyer, as people seemed to be purchasing tickets without the motivation of a flyer)",Female,White,2210858,2022-04-05 19:47:48,
487,observational_left_feedback,0,18,51,Non-Hispanic,"I enjoyed participating! I mainly considered the following factors:

1. The percentage of people who were handed a flyer that actually bought a ticket (the most important factor; if the percentage was over 50%, I strongly considered handing out a flyer as it seemed effective in persuading people to purchase a ticket)

2.The percentage of people who obtained a flyer on their own that actually bought a ticket (If the percentage was lower than 70%, this made me think that they were likely to have been interested initially, but then were persuaded NOT to buy a ticket. Therefore, in this case, I would have strongly considered NOT handing out a flyer, as I felt the flyer seemed to not be effective in getting people to purchase tickets)

3.What the percentage was of people who did NOT take/receive a flyer that actually bought a ticket (if a large percentage of people were purchasing tickets without a flyer than I strongly considered not handing out a flyer, as people seemed to be purchasing tickets without the motivation of a flyer)",Female,White,2210858,2022-04-05 19:47:48,
487,observational_left_feedback,0,20,51,Non-Hispanic,"I enjoyed participating! I mainly considered the following factors:

1. The percentage of people who were handed a flyer that actually bought a ticket (the most important factor; if the percentage was over 50%, I strongly considered handing out a flyer as it seemed effective in persuading people to purchase a ticket)

2.The percentage of people who obtained a flyer on their own that actually bought a ticket (If the percentage was lower than 70%, this made me think that they were likely to have been interested initially, but then were persuaded NOT to buy a ticket. Therefore, in this case, I would have strongly considered NOT handing out a flyer, as I felt the flyer seemed to not be effective in getting people to purchase tickets)

3.What the percentage was of people who did NOT take/receive a flyer that actually bought a ticket (if a large percentage of people were purchasing tickets without a flyer than I strongly considered not handing out a flyer, as people seemed to be purchasing tickets without the motivation of a flyer)",Female,White,2210858,2022-04-05 19:47:48,
548,observational_left_feedback,1,1,21,Non-Hispanic,Mainly the amount of people that watched the movie depending on if they saw the poster or not,Male,Asian,430656,2022-04-05 19:34:09,
548,observational_left_feedback,0,2,21,Non-Hispanic,Mainly the amount of people that watched the movie depending on if they saw the poster or not,Male,Asian,430656,2022-04-05 19:34:09,
548,observational_left_feedback,1,18,21,Non-Hispanic,Mainly the amount of people that watched the movie depending on if they saw the poster or not,Male,Asian,430656,2022-04-05 19:34:09,
548,observational_left_feedback,1,12,21,Non-Hispanic,Mainly the amount of people that watched the movie depending on if they saw the poster or not,Male,Asian,430656,2022-04-05 19:34:09,
548,observational_left_feedback,0,11,21,Non-Hispanic,Mainly the amount of people that watched the movie depending on if they saw the poster or not,Male,Asian,430656,2022-04-05 19:34:09,
548,observational_left_feedback,1,7,21,Non-Hispanic,Mainly the amount of people that watched the movie depending on if they saw the poster or not,Male,Asian,430656,2022-04-05 19:34:09,
548,observational_left_feedback,1,22,21,Non-Hispanic,Mainly the amount of people that watched the movie depending on if they saw the poster or not,Male,Asian,430656,2022-04-05 19:34:09,
548,observational_left_feedback,1,5,21,Non-Hispanic,Mainly the amount of people that watched the movie depending on if they saw the poster or not,Male,Asian,430656,2022-04-05 19:34:09,
548,observational_left_feedback,1,15,21,Non-Hispanic,Mainly the amount of people that watched the movie depending on if they saw the poster or not,Male,Asian,430656,2022-04-05 19:34:09,
548,observational_left_feedback,1,3,21,Non-Hispanic,Mainly the amount of people that watched the movie depending on if they saw the poster or not,Male,Asian,430656,2022-04-05 19:34:09,
548,observational_left_feedback,1,9,21,Non-Hispanic,Mainly the amount of people that watched the movie depending on if they saw the poster or not,Male,Asian,430656,2022-04-05 19:34:09,
548,observational_left_feedback,1,20,21,Non-Hispanic,Mainly the amount of people that watched the movie depending on if they saw the poster or not,Male,Asian,430656,2022-04-05 19:34:09,
548,observational_left_feedback,0,13,21,Non-Hispanic,Mainly the amount of people that watched the movie depending on if they saw the poster or not,Male,Asian,430656,2022-04-05 19:34:09,
548,observational_left_feedback,1,19,21,Non-Hispanic,Mainly the amount of people that watched the movie depending on if they saw the poster or not,Male,Asian,430656,2022-04-05 19:34:09,
548,observational_left_feedback,1,16,21,Non-Hispanic,Mainly the amount of people that watched the movie depending on if they saw the poster or not,Male,Asian,430656,2022-04-05 19:34:09,
548,observational_left_feedback,1,21,21,Non-Hispanic,Mainly the amount of people that watched the movie depending on if they saw the poster or not,Male,Asian,430656,2022-04-05 19:34:09,
548,observational_left_feedback,1,6,21,Non-Hispanic,Mainly the amount of people that watched the movie depending on if they saw the poster or not,Male,Asian,430656,2022-04-05 19:34:09,
548,observational_left_feedback,1,14,21,Non-Hispanic,Mainly the amount of people that watched the movie depending on if they saw the poster or not,Male,Asian,430656,2022-04-05 19:34:09,
548,observational_left_feedback,1,8,21,Non-Hispanic,Mainly the amount of people that watched the movie depending on if they saw the poster or not,Male,Asian,430656,2022-04-05 19:34:09,
548,observational_left_feedback,1,10,21,Non-Hispanic,Mainly the amount of people that watched the movie depending on if they saw the poster or not,Male,Asian,430656,2022-04-05 19:34:09,
548,observational_left_feedback,1,17,21,Non-Hispanic,Mainly the amount of people that watched the movie depending on if they saw the poster or not,Male,Asian,430656,2022-04-05 19:34:09,
548,observational_left_feedback,1,4,21,Non-Hispanic,Mainly the amount of people that watched the movie depending on if they saw the poster or not,Male,Asian,430656,2022-04-05 19:34:09,
584,observational_left_feedback,1,1,33,Non-Hispanic,It took me several rounds to understand how the experiment worked.  Practice would have helped me a lot more than a long explanation.,Male,White,725025,2022-04-05 19:47:33,
584,observational_left_feedback,0,2,33,Non-Hispanic,It took me several rounds to understand how the experiment worked.  Practice would have helped me a lot more than a long explanation.,Male,White,725025,2022-04-05 19:47:33,
584,observational_left_feedback,1,15,33,Non-Hispanic,It took me several rounds to understand how the experiment worked.  Practice would have helped me a lot more than a long explanation.,Male,White,725025,2022-04-05 19:47:33,
584,observational_left_feedback,1,13,33,Non-Hispanic,It took me several rounds to understand how the experiment worked.  Practice would have helped me a lot more than a long explanation.,Male,White,725025,2022-04-05 19:47:33,
584,observational_left_feedback,0,6,33,Non-Hispanic,It took me several rounds to understand how the experiment worked.  Practice would have helped me a lot more than a long explanation.,Male,White,725025,2022-04-05 19:47:33,
584,observational_left_feedback,0,14,33,Non-Hispanic,It took me several rounds to understand how the experiment worked.  Practice would have helped me a lot more than a long explanation.,Male,White,725025,2022-04-05 19:47:33,
584,observational_left_feedback,1,9,33,Non-Hispanic,It took me several rounds to understand how the experiment worked.  Practice would have helped me a lot more than a long explanation.,Male,White,725025,2022-04-05 19:47:33,
584,observational_left_feedback,1,12,33,Non-Hispanic,It took me several rounds to understand how the experiment worked.  Practice would have helped me a lot more than a long explanation.,Male,White,725025,2022-04-05 19:47:33,
584,observational_left_feedback,1,18,33,Non-Hispanic,It took me several rounds to understand how the experiment worked.  Practice would have helped me a lot more than a long explanation.,Male,White,725025,2022-04-05 19:47:33,
584,observational_left_feedback,1,10,33,Non-Hispanic,It took me several rounds to understand how the experiment worked.  Practice would have helped me a lot more than a long explanation.,Male,White,725025,2022-04-05 19:47:33,
584,observational_left_feedback,1,20,33,Non-Hispanic,It took me several rounds to understand how the experiment worked.  Practice would have helped me a lot more than a long explanation.,Male,White,725025,2022-04-05 19:47:33,
584,observational_left_feedback,1,5,33,Non-Hispanic,It took me several rounds to understand how the experiment worked.  Practice would have helped me a lot more than a long explanation.,Male,White,725025,2022-04-05 19:47:33,
584,observational_left_feedback,1,17,33,Non-Hispanic,It took me several rounds to understand how the experiment worked.  Practice would have helped me a lot more than a long explanation.,Male,White,725025,2022-04-05 19:47:33,
584,observational_left_feedback,1,19,33,Non-Hispanic,It took me several rounds to understand how the experiment worked.  Practice would have helped me a lot more than a long explanation.,Male,White,725025,2022-04-05 19:47:33,
584,observational_left_feedback,0,4,33,Non-Hispanic,It took me several rounds to understand how the experiment worked.  Practice would have helped me a lot more than a long explanation.,Male,White,725025,2022-04-05 19:47:33,
584,observational_left_feedback,0,8,33,Non-Hispanic,It took me several rounds to understand how the experiment worked.  Practice would have helped me a lot more than a long explanation.,Male,White,725025,2022-04-05 19:47:33,
584,observational_left_feedback,1,11,33,Non-Hispanic,It took me several rounds to understand how the experiment worked.  Practice would have helped me a lot more than a long explanation.,Male,White,725025,2022-04-05 19:47:33,
584,observational_left_feedback,0,16,33,Non-Hispanic,It took me several rounds to understand how the experiment worked.  Practice would have helped me a lot more than a long explanation.,Male,White,725025,2022-04-05 19:47:33,
584,observational_left_feedback,0,3,33,Non-Hispanic,It took me several rounds to understand how the experiment worked.  Practice would have helped me a lot more than a long explanation.,Male,White,725025,2022-04-05 19:47:33,
584,observational_left_feedback,0,22,33,Non-Hispanic,It took me several rounds to understand how the experiment worked.  Practice would have helped me a lot more than a long explanation.,Male,White,725025,2022-04-05 19:47:33,
584,observational_left_feedback,1,7,33,Non-Hispanic,It took me several rounds to understand how the experiment worked.  Practice would have helped me a lot more than a long explanation.,Male,White,725025,2022-04-05 19:47:33,
584,observational_left_feedback,1,21,33,Non-Hispanic,It took me several rounds to understand how the experiment worked.  Practice would have helped me a lot more than a long explanation.,Male,White,725025,2022-04-05 19:47:33,
505,observational_left_feedback,1,1,45,Non-Hispanic,,Female,White,708617,2022-04-05 19:29:20,
505,observational_left_feedback,0,2,45,Non-Hispanic,,Female,White,708617,2022-04-05 19:29:20,
505,observational_left_feedback,0,10,45,Non-Hispanic,,Female,White,708617,2022-04-05 19:29:20,
505,observational_left_feedback,1,7,45,Non-Hispanic,,Female,White,708617,2022-04-05 19:29:20,
505,observational_left_feedback,0,8,45,Non-Hispanic,,Female,White,708617,2022-04-05 19:29:20,
505,observational_left_feedback,0,4,45,Non-Hispanic,,Female,White,708617,2022-04-05 19:29:20,
505,observational_left_feedback,0,3,45,Non-Hispanic,,Female,White,708617,2022-04-05 19:29:20,
505,observational_left_feedback,0,18,45,Non-Hispanic,,Female,White,708617,2022-04-05 19:29:20,
505,observational_left_feedback,1,21,45,Non-Hispanic,,Female,White,708617,2022-04-05 19:29:20,
505,observational_left_feedback,1,16,45,Non-Hispanic,,Female,White,708617,2022-04-05 19:29:20,
505,observational_left_feedback,0,6,45,Non-Hispanic,,Female,White,708617,2022-04-05 19:29:20,
505,observational_left_feedback,1,14,45,Non-Hispanic,,Female,White,708617,2022-04-05 19:29:20,
505,observational_left_feedback,1,9,45,Non-Hispanic,,Female,White,708617,2022-04-05 19:29:20,
505,observational_left_feedback,1,19,45,Non-Hispanic,,Female,White,708617,2022-04-05 19:29:20,
505,observational_left_feedback,0,5,45,Non-Hispanic,,Female,White,708617,2022-04-05 19:29:20,
505,observational_left_feedback,0,13,45,Non-Hispanic,,Female,White,708617,2022-04-05 19:29:20,
505,observational_left_feedback,0,12,45,Non-Hispanic,,Female,White,708617,2022-04-05 19:29:20,
505,observational_left_feedback,1,20,45,Non-Hispanic,,Female,White,708617,2022-04-05 19:29:20,
505,observational_left_feedback,0,15,45,Non-Hispanic,,Female,White,708617,2022-04-05 19:29:20,
505,observational_left_feedback,1,11,45,Non-Hispanic,,Female,White,708617,2022-04-05 19:29:20,
505,observational_left_feedback,0,17,45,Non-Hispanic,,Female,White,708617,2022-04-05 19:29:20,
505,observational_left_feedback,1,22,45,Non-Hispanic,,Female,White,708617,2022-04-05 19:29:20,
581,observational_left_feedback,1,1,31,Non-Hispanic,The pictures of who came back and who didn't.,Female,White,464099,2022-04-05 19:42:40,
581,observational_left_feedback,0,2,31,Non-Hispanic,The pictures of who came back and who didn't.,Female,White,464099,2022-04-05 19:42:40,
581,observational_left_feedback,0,4,31,Non-Hispanic,The pictures of who came back and who didn't.,Female,White,464099,2022-04-05 19:42:40,
581,observational_left_feedback,1,3,31,Non-Hispanic,The pictures of who came back and who didn't.,Female,White,464099,2022-04-05 19:42:40,
581,observational_left_feedback,1,13,31,Non-Hispanic,The pictures of who came back and who didn't.,Female,White,464099,2022-04-05 19:42:40,
581,observational_left_feedback,1,22,31,Non-Hispanic,The pictures of who came back and who didn't.,Female,White,464099,2022-04-05 19:42:40,
581,observational_left_feedback,0,8,31,Non-Hispanic,The pictures of who came back and who didn't.,Female,White,464099,2022-04-05 19:42:40,
581,observational_left_feedback,1,21,31,Non-Hispanic,The pictures of who came back and who didn't.,Female,White,464099,2022-04-05 19:42:40,
581,observational_left_feedback,1,6,31,Non-Hispanic,The pictures of who came back and who didn't.,Female,White,464099,2022-04-05 19:42:40,
581,observational_left_feedback,0,14,31,Non-Hispanic,The pictures of who came back and who didn't.,Female,White,464099,2022-04-05 19:42:40,
581,observational_left_feedback,1,15,31,Non-Hispanic,The pictures of who came back and who didn't.,Female,White,464099,2022-04-05 19:42:40,
581,observational_left_feedback,1,12,31,Non-Hispanic,The pictures of who came back and who didn't.,Female,White,464099,2022-04-05 19:42:40,
581,observational_left_feedback,1,9,31,Non-Hispanic,The pictures of who came back and who didn't.,Female,White,464099,2022-04-05 19:42:40,
581,observational_left_feedback,1,11,31,Non-Hispanic,The pictures of who came back and who didn't.,Female,White,464099,2022-04-05 19:42:40,
581,observational_left_feedback,0,10,31,Non-Hispanic,The pictures of who came back and who didn't.,Female,White,464099,2022-04-05 19:42:40,
581,observational_left_feedback,1,5,31,Non-Hispanic,The pictures of who came back and who didn't.,Female,White,464099,2022-04-05 19:42:40,
581,observational_left_feedback,0,18,31,Non-Hispanic,The pictures of who came back and who didn't.,Female,White,464099,2022-04-05 19:42:40,
581,observational_left_feedback,0,20,31,Non-Hispanic,The pictures of who came back and who didn't.,Female,White,464099,2022-04-05 19:42:40,
581,observational_left_feedback,1,7,31,Non-Hispanic,The pictures of who came back and who didn't.,Female,White,464099,2022-04-05 19:42:40,
581,observational_left_feedback,1,17,31,Non-Hispanic,The pictures of who came back and who didn't.,Female,White,464099,2022-04-05 19:42:40,
581,observational_left_feedback,0,19,31,Non-Hispanic,The pictures of who came back and who didn't.,Female,White,464099,2022-04-05 19:42:40,
581,observational_left_feedback,0,16,31,Non-Hispanic,The pictures of who came back and who didn't.,Female,White,464099,2022-04-05 19:42:40,
590,observational_left_feedback,0,1,35,Non-Hispanic,"Whether there was a big difference in the amount of people who went who had a flyer, not wanting to lose money",Male,White,789795,2022-04-05 20:02:10,
590,observational_left_feedback,0,2,35,Non-Hispanic,"Whether there was a big difference in the amount of people who went who had a flyer, not wanting to lose money",Male,White,789795,2022-04-05 20:02:10,
590,observational_left_feedback,0,5,35,Non-Hispanic,"Whether there was a big difference in the amount of people who went who had a flyer, not wanting to lose money",Male,White,789795,2022-04-05 20:02:10,
590,observational_left_feedback,1,21,35,Non-Hispanic,"Whether there was a big difference in the amount of people who went who had a flyer, not wanting to lose money",Male,White,789795,2022-04-05 20:02:10,
590,observational_left_feedback,1,13,35,Non-Hispanic,"Whether there was a big difference in the amount of people who went who had a flyer, not wanting to lose money",Male,White,789795,2022-04-05 20:02:10,
590,observational_left_feedback,0,10,35,Non-Hispanic,"Whether there was a big difference in the amount of people who went who had a flyer, not wanting to lose money",Male,White,789795,2022-04-05 20:02:10,
590,observational_left_feedback,0,4,35,Non-Hispanic,"Whether there was a big difference in the amount of people who went who had a flyer, not wanting to lose money",Male,White,789795,2022-04-05 20:02:10,
590,observational_left_feedback,1,20,35,Non-Hispanic,"Whether there was a big difference in the amount of people who went who had a flyer, not wanting to lose money",Male,White,789795,2022-04-05 20:02:10,
590,observational_left_feedback,0,14,35,Non-Hispanic,"Whether there was a big difference in the amount of people who went who had a flyer, not wanting to lose money",Male,White,789795,2022-04-05 20:02:10,
590,observational_left_feedback,0,8,35,Non-Hispanic,"Whether there was a big difference in the amount of people who went who had a flyer, not wanting to lose money",Male,White,789795,2022-04-05 20:02:10,
590,observational_left_feedback,1,6,35,Non-Hispanic,"Whether there was a big difference in the amount of people who went who had a flyer, not wanting to lose money",Male,White,789795,2022-04-05 20:02:10,
590,observational_left_feedback,1,19,35,Non-Hispanic,"Whether there was a big difference in the amount of people who went who had a flyer, not wanting to lose money",Male,White,789795,2022-04-05 20:02:10,
590,observational_left_feedback,1,15,35,Non-Hispanic,"Whether there was a big difference in the amount of people who went who had a flyer, not wanting to lose money",Male,White,789795,2022-04-05 20:02:10,
590,observational_left_feedback,1,18,35,Non-Hispanic,"Whether there was a big difference in the amount of people who went who had a flyer, not wanting to lose money",Male,White,789795,2022-04-05 20:02:10,
590,observational_left_feedback,0,16,35,Non-Hispanic,"Whether there was a big difference in the amount of people who went who had a flyer, not wanting to lose money",Male,White,789795,2022-04-05 20:02:10,
590,observational_left_feedback,0,3,35,Non-Hispanic,"Whether there was a big difference in the amount of people who went who had a flyer, not wanting to lose money",Male,White,789795,2022-04-05 20:02:10,
590,observational_left_feedback,1,9,35,Non-Hispanic,"Whether there was a big difference in the amount of people who went who had a flyer, not wanting to lose money",Male,White,789795,2022-04-05 20:02:10,
590,observational_left_feedback,1,12,35,Non-Hispanic,"Whether there was a big difference in the amount of people who went who had a flyer, not wanting to lose money",Male,White,789795,2022-04-05 20:02:10,
590,observational_left_feedback,1,7,35,Non-Hispanic,"Whether there was a big difference in the amount of people who went who had a flyer, not wanting to lose money",Male,White,789795,2022-04-05 20:02:10,
590,observational_left_feedback,1,17,35,Non-Hispanic,"Whether there was a big difference in the amount of people who went who had a flyer, not wanting to lose money",Male,White,789795,2022-04-05 20:02:10,
590,observational_left_feedback,0,22,35,Non-Hispanic,"Whether there was a big difference in the amount of people who went who had a flyer, not wanting to lose money",Male,White,789795,2022-04-05 20:02:10,
590,observational_left_feedback,1,11,35,Non-Hispanic,"Whether there was a big difference in the amount of people who went who had a flyer, not wanting to lose money",Male,White,789795,2022-04-05 20:02:10,
567,observational_left_feedback,0,1,62,Non-Hispanic,the number of people who came to see the movie without a flyer,Female,White,1145030,2022-04-05 19:51:14,
567,observational_left_feedback,0,2,62,Non-Hispanic,the number of people who came to see the movie without a flyer,Female,White,1145030,2022-04-05 19:51:14,
567,observational_left_feedback,0,8,62,Non-Hispanic,the number of people who came to see the movie without a flyer,Female,White,1145030,2022-04-05 19:51:14,
567,observational_left_feedback,0,17,62,Non-Hispanic,the number of people who came to see the movie without a flyer,Female,White,1145030,2022-04-05 19:51:14,
567,observational_left_feedback,0,13,62,Non-Hispanic,the number of people who came to see the movie without a flyer,Female,White,1145030,2022-04-05 19:51:14,
567,observational_left_feedback,0,15,62,Non-Hispanic,the number of people who came to see the movie without a flyer,Female,White,1145030,2022-04-05 19:51:14,
567,observational_left_feedback,0,18,62,Non-Hispanic,the number of people who came to see the movie without a flyer,Female,White,1145030,2022-04-05 19:51:14,
567,observational_left_feedback,1,11,62,Non-Hispanic,the number of people who came to see the movie without a flyer,Female,White,1145030,2022-04-05 19:51:14,
567,observational_left_feedback,0,7,62,Non-Hispanic,the number of people who came to see the movie without a flyer,Female,White,1145030,2022-04-05 19:51:14,
567,observational_left_feedback,0,3,62,Non-Hispanic,the number of people who came to see the movie without a flyer,Female,White,1145030,2022-04-05 19:51:14,
567,observational_left_feedback,0,20,62,Non-Hispanic,the number of people who came to see the movie without a flyer,Female,White,1145030,2022-04-05 19:51:14,
567,observational_left_feedback,0,9,62,Non-Hispanic,the number of people who came to see the movie without a flyer,Female,White,1145030,2022-04-05 19:51:14,
567,observational_left_feedback,0,19,62,Non-Hispanic,the number of people who came to see the movie without a flyer,Female,White,1145030,2022-04-05 19:51:14,
567,observational_left_feedback,1,6,62,Non-Hispanic,the number of people who came to see the movie without a flyer,Female,White,1145030,2022-04-05 19:51:14,
567,observational_left_feedback,1,10,62,Non-Hispanic,the number of people who came to see the movie without a flyer,Female,White,1145030,2022-04-05 19:51:14,
567,observational_left_feedback,1,21,62,Non-Hispanic,the number of people who came to see the movie without a flyer,Female,White,1145030,2022-04-05 19:51:14,
567,observational_left_feedback,0,16,62,Non-Hispanic,the number of people who came to see the movie without a flyer,Female,White,1145030,2022-04-05 19:51:14,
567,observational_left_feedback,0,4,62,Non-Hispanic,the number of people who came to see the movie without a flyer,Female,White,1145030,2022-04-05 19:51:14,
567,observational_left_feedback,0,14,62,Non-Hispanic,the number of people who came to see the movie without a flyer,Female,White,1145030,2022-04-05 19:51:14,
567,observational_left_feedback,1,5,62,Non-Hispanic,the number of people who came to see the movie without a flyer,Female,White,1145030,2022-04-05 19:51:14,
567,observational_left_feedback,1,22,62,Non-Hispanic,the number of people who came to see the movie without a flyer,Female,White,1145030,2022-04-05 19:51:14,
567,observational_left_feedback,1,12,62,Non-Hispanic,the number of people who came to see the movie without a flyer,Female,White,1145030,2022-04-05 19:51:14,
593,observational_left_feedback,1,1,29,Non-Hispanic,I just compared who saw the flier and returned with who didn't see the flier and returned.,Female,White,735352,2022-04-05 20:57:31,
593,observational_left_feedback,0,2,29,Non-Hispanic,I just compared who saw the flier and returned with who didn't see the flier and returned.,Female,White,735352,2022-04-05 20:57:31,
593,observational_left_feedback,0,3,29,Non-Hispanic,I just compared who saw the flier and returned with who didn't see the flier and returned.,Female,White,735352,2022-04-05 20:57:31,
593,observational_left_feedback,1,5,29,Non-Hispanic,I just compared who saw the flier and returned with who didn't see the flier and returned.,Female,White,735352,2022-04-05 20:57:31,
593,observational_left_feedback,1,7,29,Non-Hispanic,I just compared who saw the flier and returned with who didn't see the flier and returned.,Female,White,735352,2022-04-05 20:57:31,
593,observational_left_feedback,1,17,29,Non-Hispanic,I just compared who saw the flier and returned with who didn't see the flier and returned.,Female,White,735352,2022-04-05 20:57:31,
593,observational_left_feedback,0,11,29,Non-Hispanic,I just compared who saw the flier and returned with who didn't see the flier and returned.,Female,White,735352,2022-04-05 20:57:31,
593,observational_left_feedback,0,16,29,Non-Hispanic,I just compared who saw the flier and returned with who didn't see the flier and returned.,Female,White,735352,2022-04-05 20:57:31,
593,observational_left_feedback,0,4,29,Non-Hispanic,I just compared who saw the flier and returned with who didn't see the flier and returned.,Female,White,735352,2022-04-05 20:57:31,
593,observational_left_feedback,0,18,29,Non-Hispanic,I just compared who saw the flier and returned with who didn't see the flier and returned.,Female,White,735352,2022-04-05 20:57:31,
593,observational_left_feedback,1,14,29,Non-Hispanic,I just compared who saw the flier and returned with who didn't see the flier and returned.,Female,White,735352,2022-04-05 20:57:31,
593,observational_left_feedback,0,8,29,Non-Hispanic,I just compared who saw the flier and returned with who didn't see the flier and returned.,Female,White,735352,2022-04-05 20:57:31,
593,observational_left_feedback,1,15,29,Non-Hispanic,I just compared who saw the flier and returned with who didn't see the flier and returned.,Female,White,735352,2022-04-05 20:57:31,
593,observational_left_feedback,1,21,29,Non-Hispanic,I just compared who saw the flier and returned with who didn't see the flier and returned.,Female,White,735352,2022-04-05 20:57:31,
593,observational_left_feedback,1,10,29,Non-Hispanic,I just compared who saw the flier and returned with who didn't see the flier and returned.,Female,White,735352,2022-04-05 20:57:31,
593,observational_left_feedback,1,6,29,Non-Hispanic,I just compared who saw the flier and returned with who didn't see the flier and returned.,Female,White,735352,2022-04-05 20:57:31,
593,observational_left_feedback,1,19,29,Non-Hispanic,I just compared who saw the flier and returned with who didn't see the flier and returned.,Female,White,735352,2022-04-05 20:57:31,
593,observational_left_feedback,1,9,29,Non-Hispanic,I just compared who saw the flier and returned with who didn't see the flier and returned.,Female,White,735352,2022-04-05 20:57:31,
593,observational_left_feedback,1,22,29,Non-Hispanic,I just compared who saw the flier and returned with who didn't see the flier and returned.,Female,White,735352,2022-04-05 20:57:31,
593,observational_left_feedback,1,20,29,Non-Hispanic,I just compared who saw the flier and returned with who didn't see the flier and returned.,Female,White,735352,2022-04-05 20:57:31,
593,observational_left_feedback,1,13,29,Non-Hispanic,I just compared who saw the flier and returned with who didn't see the flier and returned.,Female,White,735352,2022-04-05 20:57:31,
593,observational_left_feedback,1,12,29,Non-Hispanic,I just compared who saw the flier and returned with who didn't see the flier and returned.,Female,White,735352,2022-04-05 20:57:31,
515,observational_left_feedback,1,1,45,Hispanic,I tried to decide based on the information given but it ended up being wrong most of the time.,Male,White,503772,2022-04-05 19:27:47,
515,observational_left_feedback,0,2,45,Hispanic,I tried to decide based on the information given but it ended up being wrong most of the time.,Male,White,503772,2022-04-05 19:27:47,
515,observational_left_feedback,0,18,45,Hispanic,I tried to decide based on the information given but it ended up being wrong most of the time.,Male,White,503772,2022-04-05 19:27:47,
515,observational_left_feedback,1,5,45,Hispanic,I tried to decide based on the information given but it ended up being wrong most of the time.,Male,White,503772,2022-04-05 19:27:47,
515,observational_left_feedback,1,21,45,Hispanic,I tried to decide based on the information given but it ended up being wrong most of the time.,Male,White,503772,2022-04-05 19:27:47,
515,observational_left_feedback,1,11,45,Hispanic,I tried to decide based on the information given but it ended up being wrong most of the time.,Male,White,503772,2022-04-05 19:27:47,
515,observational_left_feedback,0,4,45,Hispanic,I tried to decide based on the information given but it ended up being wrong most of the time.,Male,White,503772,2022-04-05 19:27:47,
515,observational_left_feedback,0,16,45,Hispanic,I tried to decide based on the information given but it ended up being wrong most of the time.,Male,White,503772,2022-04-05 19:27:47,
515,observational_left_feedback,0,6,45,Hispanic,I tried to decide based on the information given but it ended up being wrong most of the time.,Male,White,503772,2022-04-05 19:27:47,
515,observational_left_feedback,0,22,45,Hispanic,I tried to decide based on the information given but it ended up being wrong most of the time.,Male,White,503772,2022-04-05 19:27:47,
515,observational_left_feedback,1,14,45,Hispanic,I tried to decide based on the information given but it ended up being wrong most of the time.,Male,White,503772,2022-04-05 19:27:47,
515,observational_left_feedback,0,20,45,Hispanic,I tried to decide based on the information given but it ended up being wrong most of the time.,Male,White,503772,2022-04-05 19:27:47,
515,observational_left_feedback,0,10,45,Hispanic,I tried to decide based on the information given but it ended up being wrong most of the time.,Male,White,503772,2022-04-05 19:27:47,
515,observational_left_feedback,1,7,45,Hispanic,I tried to decide based on the information given but it ended up being wrong most of the time.,Male,White,503772,2022-04-05 19:27:47,
515,observational_left_feedback,0,8,45,Hispanic,I tried to decide based on the information given but it ended up being wrong most of the time.,Male,White,503772,2022-04-05 19:27:47,
515,observational_left_feedback,0,12,45,Hispanic,I tried to decide based on the information given but it ended up being wrong most of the time.,Male,White,503772,2022-04-05 19:27:47,
515,observational_left_feedback,1,19,45,Hispanic,I tried to decide based on the information given but it ended up being wrong most of the time.,Male,White,503772,2022-04-05 19:27:47,
515,observational_left_feedback,1,13,45,Hispanic,I tried to decide based on the information given but it ended up being wrong most of the time.,Male,White,503772,2022-04-05 19:27:47,
515,observational_left_feedback,0,15,45,Hispanic,I tried to decide based on the information given but it ended up being wrong most of the time.,Male,White,503772,2022-04-05 19:27:47,
515,observational_left_feedback,1,17,45,Hispanic,I tried to decide based on the information given but it ended up being wrong most of the time.,Male,White,503772,2022-04-05 19:27:47,
515,observational_left_feedback,0,3,45,Hispanic,I tried to decide based on the information given but it ended up being wrong most of the time.,Male,White,503772,2022-04-05 19:27:47,
515,observational_left_feedback,0,9,45,Hispanic,I tried to decide based on the information given but it ended up being wrong most of the time.,Male,White,503772,2022-04-05 19:27:47,
492,experimental_left_feedback,1,1,50,Non-Hispanic,,Female,White,934063,2022-04-05 19:27:41,
492,experimental_left_feedback,0,2,50,Non-Hispanic,,Female,White,934063,2022-04-05 19:27:41,
492,experimental_left_feedback,1,19,50,Non-Hispanic,,Female,White,934063,2022-04-05 19:27:41,
492,experimental_left_feedback,1,22,50,Non-Hispanic,,Female,White,934063,2022-04-05 19:27:41,
492,experimental_left_feedback,0,6,50,Non-Hispanic,,Female,White,934063,2022-04-05 19:27:41,
492,experimental_left_feedback,1,21,50,Non-Hispanic,,Female,White,934063,2022-04-05 19:27:41,
492,experimental_left_feedback,1,7,50,Non-Hispanic,,Female,White,934063,2022-04-05 19:27:41,
492,experimental_left_feedback,1,11,50,Non-Hispanic,,Female,White,934063,2022-04-05 19:27:41,
492,experimental_left_feedback,1,9,50,Non-Hispanic,,Female,White,934063,2022-04-05 19:27:41,
492,experimental_left_feedback,1,15,50,Non-Hispanic,,Female,White,934063,2022-04-05 19:27:41,
492,experimental_left_feedback,1,10,50,Non-Hispanic,,Female,White,934063,2022-04-05 19:27:41,
492,experimental_left_feedback,0,17,50,Non-Hispanic,,Female,White,934063,2022-04-05 19:27:41,
492,experimental_left_feedback,0,8,50,Non-Hispanic,,Female,White,934063,2022-04-05 19:27:41,
492,experimental_left_feedback,1,12,50,Non-Hispanic,,Female,White,934063,2022-04-05 19:27:41,
492,experimental_left_feedback,0,13,50,Non-Hispanic,,Female,White,934063,2022-04-05 19:27:41,
492,experimental_left_feedback,1,16,50,Non-Hispanic,,Female,White,934063,2022-04-05 19:27:41,
492,experimental_left_feedback,0,14,50,Non-Hispanic,,Female,White,934063,2022-04-05 19:27:41,
492,experimental_left_feedback,0,5,50,Non-Hispanic,,Female,White,934063,2022-04-05 19:27:41,
492,experimental_left_feedback,1,20,50,Non-Hispanic,,Female,White,934063,2022-04-05 19:27:41,
492,experimental_left_feedback,1,3,50,Non-Hispanic,,Female,White,934063,2022-04-05 19:27:41,
492,experimental_left_feedback,1,18,50,Non-Hispanic,,Female,White,934063,2022-04-05 19:27:41,
492,experimental_left_feedback,1,4,50,Non-Hispanic,,Female,White,934063,2022-04-05 19:27:41,
592,experimental_left_feedback,1,1,29,Non-Hispanic,,Female,White,442825,2022-04-05 20:52:32,
592,experimental_left_feedback,1,2,29,Non-Hispanic,,Female,White,442825,2022-04-05 20:52:32,
592,experimental_left_feedback,1,12,29,Non-Hispanic,,Female,White,442825,2022-04-05 20:52:32,
592,experimental_left_feedback,1,11,29,Non-Hispanic,,Female,White,442825,2022-04-05 20:52:32,
592,experimental_left_feedback,1,7,29,Non-Hispanic,,Female,White,442825,2022-04-05 20:52:32,
592,experimental_left_feedback,1,6,29,Non-Hispanic,,Female,White,442825,2022-04-05 20:52:32,
592,experimental_left_feedback,0,3,29,Non-Hispanic,,Female,White,442825,2022-04-05 20:52:32,
592,experimental_left_feedback,0,4,29,Non-Hispanic,,Female,White,442825,2022-04-05 20:52:32,
592,experimental_left_feedback,0,13,29,Non-Hispanic,,Female,White,442825,2022-04-05 20:52:32,
592,experimental_left_feedback,0,10,29,Non-Hispanic,,Female,White,442825,2022-04-05 20:52:32,
592,experimental_left_feedback,0,21,29,Non-Hispanic,,Female,White,442825,2022-04-05 20:52:32,
592,experimental_left_feedback,0,18,29,Non-Hispanic,,Female,White,442825,2022-04-05 20:52:32,
592,experimental_left_feedback,0,14,29,Non-Hispanic,,Female,White,442825,2022-04-05 20:52:32,
592,experimental_left_feedback,1,17,29,Non-Hispanic,,Female,White,442825,2022-04-05 20:52:32,
592,experimental_left_feedback,1,9,29,Non-Hispanic,,Female,White,442825,2022-04-05 20:52:32,
592,experimental_left_feedback,1,22,29,Non-Hispanic,,Female,White,442825,2022-04-05 20:52:32,
592,experimental_left_feedback,1,15,29,Non-Hispanic,,Female,White,442825,2022-04-05 20:52:32,
592,experimental_left_feedback,1,20,29,Non-Hispanic,,Female,White,442825,2022-04-05 20:52:32,
592,experimental_left_feedback,1,16,29,Non-Hispanic,,Female,White,442825,2022-04-05 20:52:32,
592,experimental_left_feedback,1,8,29,Non-Hispanic,,Female,White,442825,2022-04-05 20:52:32,
592,experimental_left_feedback,1,19,29,Non-Hispanic,,Female,White,442825,2022-04-05 20:52:32,
592,experimental_left_feedback,1,5,29,Non-Hispanic,,Female,White,442825,2022-04-05 20:52:32,
542,experimental_left_feedback,1,1,30,Non-Hispanic,I tried to see if the flyer was appealing to most people,Female,White,471134,2022-04-05 19:33:53,
542,experimental_left_feedback,0,2,30,Non-Hispanic,I tried to see if the flyer was appealing to most people,Female,White,471134,2022-04-05 19:33:53,
542,experimental_left_feedback,0,11,30,Non-Hispanic,I tried to see if the flyer was appealing to most people,Female,White,471134,2022-04-05 19:33:53,
542,experimental_left_feedback,0,6,30,Non-Hispanic,I tried to see if the flyer was appealing to most people,Female,White,471134,2022-04-05 19:33:53,
542,experimental_left_feedback,1,16,30,Non-Hispanic,I tried to see if the flyer was appealing to most people,Female,White,471134,2022-04-05 19:33:53,
542,experimental_left_feedback,0,19,30,Non-Hispanic,I tried to see if the flyer was appealing to most people,Female,White,471134,2022-04-05 19:33:53,
542,experimental_left_feedback,0,17,30,Non-Hispanic,I tried to see if the flyer was appealing to most people,Female,White,471134,2022-04-05 19:33:53,
542,experimental_left_feedback,0,3,30,Non-Hispanic,I tried to see if the flyer was appealing to most people,Female,White,471134,2022-04-05 19:33:53,
542,experimental_left_feedback,0,18,30,Non-Hispanic,I tried to see if the flyer was appealing to most people,Female,White,471134,2022-04-05 19:33:53,
542,experimental_left_feedback,1,14,30,Non-Hispanic,I tried to see if the flyer was appealing to most people,Female,White,471134,2022-04-05 19:33:53,
542,experimental_left_feedback,1,15,30,Non-Hispanic,I tried to see if the flyer was appealing to most people,Female,White,471134,2022-04-05 19:33:53,
542,experimental_left_feedback,1,13,30,Non-Hispanic,I tried to see if the flyer was appealing to most people,Female,White,471134,2022-04-05 19:33:53,
542,experimental_left_feedback,0,8,30,Non-Hispanic,I tried to see if the flyer was appealing to most people,Female,White,471134,2022-04-05 19:33:53,
542,experimental_left_feedback,1,22,30,Non-Hispanic,I tried to see if the flyer was appealing to most people,Female,White,471134,2022-04-05 19:33:53,
542,experimental_left_feedback,0,7,30,Non-Hispanic,I tried to see if the flyer was appealing to most people,Female,White,471134,2022-04-05 19:33:53,
542,experimental_left_feedback,1,4,30,Non-Hispanic,I tried to see if the flyer was appealing to most people,Female,White,471134,2022-04-05 19:33:53,
542,experimental_left_feedback,0,20,30,Non-Hispanic,I tried to see if the flyer was appealing to most people,Female,White,471134,2022-04-05 19:33:53,
542,experimental_left_feedback,1,10,30,Non-Hispanic,I tried to see if the flyer was appealing to most people,Female,White,471134,2022-04-05 19:33:53,
542,experimental_left_feedback,0,9,30,Non-Hispanic,I tried to see if the flyer was appealing to most people,Female,White,471134,2022-04-05 19:33:53,
542,experimental_left_feedback,1,21,30,Non-Hispanic,I tried to see if the flyer was appealing to most people,Female,White,471134,2022-04-05 19:33:53,
542,experimental_left_feedback,1,12,30,Non-Hispanic,I tried to see if the flyer was appealing to most people,Female,White,471134,2022-04-05 19:33:53,
542,experimental_left_feedback,0,5,30,Non-Hispanic,I tried to see if the flyer was appealing to most people,Female,White,471134,2022-04-05 19:33:53,
490,experimental_left_feedback,1,1,27,,INSTURCTIONS,Male,White,976264,2022-04-05 19:28:15,
490,experimental_left_feedback,1,2,27,,INSTURCTIONS,Male,White,976264,2022-04-05 19:28:15,
490,experimental_left_feedback,1,12,27,,INSTURCTIONS,Male,White,976264,2022-04-05 19:28:15,
490,experimental_left_feedback,1,8,27,,INSTURCTIONS,Male,White,976264,2022-04-05 19:28:15,
490,experimental_left_feedback,0,14,27,,INSTURCTIONS,Male,White,976264,2022-04-05 19:28:15,
490,experimental_left_feedback,1,18,27,,INSTURCTIONS,Male,White,976264,2022-04-05 19:28:15,
490,experimental_left_feedback,0,21,27,,INSTURCTIONS,Male,White,976264,2022-04-05 19:28:15,
490,experimental_left_feedback,1,7,27,,INSTURCTIONS,Male,White,976264,2022-04-05 19:28:15,
490,experimental_left_feedback,0,16,27,,INSTURCTIONS,Male,White,976264,2022-04-05 19:28:15,
490,experimental_left_feedback,0,15,27,,INSTURCTIONS,Male,White,976264,2022-04-05 19:28:15,
490,experimental_left_feedback,1,13,27,,INSTURCTIONS,Male,White,976264,2022-04-05 19:28:15,
490,experimental_left_feedback,0,20,27,,INSTURCTIONS,Male,White,976264,2022-04-05 19:28:15,
490,experimental_left_feedback,1,22,27,,INSTURCTIONS,Male,White,976264,2022-04-05 19:28:15,
490,experimental_left_feedback,1,11,27,,INSTURCTIONS,Male,White,976264,2022-04-05 19:28:15,
490,experimental_left_feedback,1,9,27,,INSTURCTIONS,Male,White,976264,2022-04-05 19:28:15,
490,experimental_left_feedback,1,3,27,,INSTURCTIONS,Male,White,976264,2022-04-05 19:28:15,
490,experimental_left_feedback,1,5,27,,INSTURCTIONS,Male,White,976264,2022-04-05 19:28:15,
490,experimental_left_feedback,1,6,27,,INSTURCTIONS,Male,White,976264,2022-04-05 19:28:15,
490,experimental_left_feedback,0,17,27,,INSTURCTIONS,Male,White,976264,2022-04-05 19:28:15,
490,experimental_left_feedback,1,19,27,,INSTURCTIONS,Male,White,976264,2022-04-05 19:28:15,
490,experimental_left_feedback,1,10,27,,INSTURCTIONS,Male,White,976264,2022-04-05 19:28:15,
490,experimental_left_feedback,1,4,27,,INSTURCTIONS,Male,White,976264,2022-04-05 19:28:15,
494,experimental_left_feedback,1,1,22,Non-Hispanic,The biggest factor that influenced how I responded were the number of tickets purchased from  people who received a flyer and from those who did not. I do not have any questions nor comments regarding this experiment. ,Male,White,896230,2022-04-05 19:28:24,
494,experimental_left_feedback,0,2,22,Non-Hispanic,The biggest factor that influenced how I responded were the number of tickets purchased from  people who received a flyer and from those who did not. I do not have any questions nor comments regarding this experiment. ,Male,White,896230,2022-04-05 19:28:24,
494,experimental_left_feedback,1,5,22,Non-Hispanic,The biggest factor that influenced how I responded were the number of tickets purchased from  people who received a flyer and from those who did not. I do not have any questions nor comments regarding this experiment. ,Male,White,896230,2022-04-05 19:28:24,
494,experimental_left_feedback,0,16,22,Non-Hispanic,The biggest factor that influenced how I responded were the number of tickets purchased from  people who received a flyer and from those who did not. I do not have any questions nor comments regarding this experiment. ,Male,White,896230,2022-04-05 19:28:24,
494,experimental_left_feedback,1,11,22,Non-Hispanic,The biggest factor that influenced how I responded were the number of tickets purchased from  people who received a flyer and from those who did not. I do not have any questions nor comments regarding this experiment. ,Male,White,896230,2022-04-05 19:28:24,
494,experimental_left_feedback,0,3,22,Non-Hispanic,The biggest factor that influenced how I responded were the number of tickets purchased from  people who received a flyer and from those who did not. I do not have any questions nor comments regarding this experiment. ,Male,White,896230,2022-04-05 19:28:24,
494,experimental_left_feedback,0,19,22,Non-Hispanic,The biggest factor that influenced how I responded were the number of tickets purchased from  people who received a flyer and from those who did not. I do not have any questions nor comments regarding this experiment. ,Male,White,896230,2022-04-05 19:28:24,
494,experimental_left_feedback,0,14,22,Non-Hispanic,The biggest factor that influenced how I responded were the number of tickets purchased from  people who received a flyer and from those who did not. I do not have any questions nor comments regarding this experiment. ,Male,White,896230,2022-04-05 19:28:24,
494,experimental_left_feedback,1,13,22,Non-Hispanic,The biggest factor that influenced how I responded were the number of tickets purchased from  people who received a flyer and from those who did not. I do not have any questions nor comments regarding this experiment. ,Male,White,896230,2022-04-05 19:28:24,
494,experimental_left_feedback,1,22,22,Non-Hispanic,The biggest factor that influenced how I responded were the number of tickets purchased from  people who received a flyer and from those who did not. I do not have any questions nor comments regarding this experiment. ,Male,White,896230,2022-04-05 19:28:24,
494,experimental_left_feedback,0,10,22,Non-Hispanic,The biggest factor that influenced how I responded were the number of tickets purchased from  people who received a flyer and from those who did not. I do not have any questions nor comments regarding this experiment. ,Male,White,896230,2022-04-05 19:28:24,
494,experimental_left_feedback,1,20,22,Non-Hispanic,The biggest factor that influenced how I responded were the number of tickets purchased from  people who received a flyer and from those who did not. I do not have any questions nor comments regarding this experiment. ,Male,White,896230,2022-04-05 19:28:24,
494,experimental_left_feedback,1,17,22,Non-Hispanic,The biggest factor that influenced how I responded were the number of tickets purchased from  people who received a flyer and from those who did not. I do not have any questions nor comments regarding this experiment. ,Male,White,896230,2022-04-05 19:28:24,
494,experimental_left_feedback,1,15,22,Non-Hispanic,The biggest factor that influenced how I responded were the number of tickets purchased from  people who received a flyer and from those who did not. I do not have any questions nor comments regarding this experiment. ,Male,White,896230,2022-04-05 19:28:24,
494,experimental_left_feedback,1,9,22,Non-Hispanic,The biggest factor that influenced how I responded were the number of tickets purchased from  people who received a flyer and from those who did not. I do not have any questions nor comments regarding this experiment. ,Male,White,896230,2022-04-05 19:28:24,
494,experimental_left_feedback,0,8,22,Non-Hispanic,The biggest factor that influenced how I responded were the number of tickets purchased from  people who received a flyer and from those who did not. I do not have any questions nor comments regarding this experiment. ,Male,White,896230,2022-04-05 19:28:24,
494,experimental_left_feedback,1,18,22,Non-Hispanic,The biggest factor that influenced how I responded were the number of tickets purchased from  people who received a flyer and from those who did not. I do not have any questions nor comments regarding this experiment. ,Male,White,896230,2022-04-05 19:28:24,
494,experimental_left_feedback,0,4,22,Non-Hispanic,The biggest factor that influenced how I responded were the number of tickets purchased from  people who received a flyer and from those who did not. I do not have any questions nor comments regarding this experiment. ,Male,White,896230,2022-04-05 19:28:24,
494,experimental_left_feedback,1,12,22,Non-Hispanic,The biggest factor that influenced how I responded were the number of tickets purchased from  people who received a flyer and from those who did not. I do not have any questions nor comments regarding this experiment. ,Male,White,896230,2022-04-05 19:28:24,
494,experimental_left_feedback,1,21,22,Non-Hispanic,The biggest factor that influenced how I responded were the number of tickets purchased from  people who received a flyer and from those who did not. I do not have any questions nor comments regarding this experiment. ,Male,White,896230,2022-04-05 19:28:24,
494,experimental_left_feedback,1,6,22,Non-Hispanic,The biggest factor that influenced how I responded were the number of tickets purchased from  people who received a flyer and from those who did not. I do not have any questions nor comments regarding this experiment. ,Male,White,896230,2022-04-05 19:28:24,
494,experimental_left_feedback,1,7,22,Non-Hispanic,The biggest factor that influenced how I responded were the number of tickets purchased from  people who received a flyer and from those who did not. I do not have any questions nor comments regarding this experiment. ,Male,White,896230,2022-04-05 19:28:24,
506,experimental_left_feedback,0,1,31,Non-Hispanic,Trying to see how many more people went to the movie when given a flyer.,Female,White,494583,2022-04-05 19:25:50,
506,experimental_left_feedback,0,2,31,Non-Hispanic,Trying to see how many more people went to the movie when given a flyer.,Female,White,494583,2022-04-05 19:25:50,
506,experimental_left_feedback,1,19,31,Non-Hispanic,Trying to see how many more people went to the movie when given a flyer.,Female,White,494583,2022-04-05 19:25:50,
506,experimental_left_feedback,1,18,31,Non-Hispanic,Trying to see how many more people went to the movie when given a flyer.,Female,White,494583,2022-04-05 19:25:50,
506,experimental_left_feedback,1,9,31,Non-Hispanic,Trying to see how many more people went to the movie when given a flyer.,Female,White,494583,2022-04-05 19:25:50,
506,experimental_left_feedback,1,7,31,Non-Hispanic,Trying to see how many more people went to the movie when given a flyer.,Female,White,494583,2022-04-05 19:25:50,
506,experimental_left_feedback,0,17,31,Non-Hispanic,Trying to see how many more people went to the movie when given a flyer.,Female,White,494583,2022-04-05 19:25:50,
506,experimental_left_feedback,0,8,31,Non-Hispanic,Trying to see how many more people went to the movie when given a flyer.,Female,White,494583,2022-04-05 19:25:50,
506,experimental_left_feedback,0,11,31,Non-Hispanic,Trying to see how many more people went to the movie when given a flyer.,Female,White,494583,2022-04-05 19:25:50,
506,experimental_left_feedback,0,10,31,Non-Hispanic,Trying to see how many more people went to the movie when given a flyer.,Female,White,494583,2022-04-05 19:25:50,
506,experimental_left_feedback,1,13,31,Non-Hispanic,Trying to see how many more people went to the movie when given a flyer.,Female,White,494583,2022-04-05 19:25:50,
506,experimental_left_feedback,1,3,31,Non-Hispanic,Trying to see how many more people went to the movie when given a flyer.,Female,White,494583,2022-04-05 19:25:50,
506,experimental_left_feedback,0,4,31,Non-Hispanic,Trying to see how many more people went to the movie when given a flyer.,Female,White,494583,2022-04-05 19:25:50,
506,experimental_left_feedback,0,5,31,Non-Hispanic,Trying to see how many more people went to the movie when given a flyer.,Female,White,494583,2022-04-05 19:25:50,
506,experimental_left_feedback,0,14,31,Non-Hispanic,Trying to see how many more people went to the movie when given a flyer.,Female,White,494583,2022-04-05 19:25:50,
506,experimental_left_feedback,1,12,31,Non-Hispanic,Trying to see how many more people went to the movie when given a flyer.,Female,White,494583,2022-04-05 19:25:50,
506,experimental_left_feedback,1,22,31,Non-Hispanic,Trying to see how many more people went to the movie when given a flyer.,Female,White,494583,2022-04-05 19:25:50,
506,experimental_left_feedback,1,20,31,Non-Hispanic,Trying to see how many more people went to the movie when given a flyer.,Female,White,494583,2022-04-05 19:25:50,
506,experimental_left_feedback,0,16,31,Non-Hispanic,Trying to see how many more people went to the movie when given a flyer.,Female,White,494583,2022-04-05 19:25:50,
506,experimental_left_feedback,1,6,31,Non-Hispanic,Trying to see how many more people went to the movie when given a flyer.,Female,White,494583,2022-04-05 19:25:50,
506,experimental_left_feedback,1,15,31,Non-Hispanic,Trying to see how many more people went to the movie when given a flyer.,Female,White,494583,2022-04-05 19:25:50,
506,experimental_left_feedback,1,21,31,Non-Hispanic,Trying to see how many more people went to the movie when given a flyer.,Female,White,494583,2022-04-05 19:25:50,
564,experimental_left_feedback,1,1,42,Non-Hispanic,random,Male,White,1967886,2022-04-05 20:03:46,
564,experimental_left_feedback,0,2,42,Non-Hispanic,random,Male,White,1967886,2022-04-05 20:03:46,
564,experimental_left_feedback,1,19,42,Non-Hispanic,random,Male,White,1967886,2022-04-05 20:03:46,
564,experimental_left_feedback,0,18,42,Non-Hispanic,random,Male,White,1967886,2022-04-05 20:03:46,
564,experimental_left_feedback,0,8,42,Non-Hispanic,random,Male,White,1967886,2022-04-05 20:03:46,
564,experimental_left_feedback,1,14,42,Non-Hispanic,random,Male,White,1967886,2022-04-05 20:03:46,
564,experimental_left_feedback,0,6,42,Non-Hispanic,random,Male,White,1967886,2022-04-05 20:03:46,
564,experimental_left_feedback,1,13,42,Non-Hispanic,random,Male,White,1967886,2022-04-05 20:03:46,
564,experimental_left_feedback,1,17,42,Non-Hispanic,random,Male,White,1967886,2022-04-05 20:03:46,
564,experimental_left_feedback,1,9,42,Non-Hispanic,random,Male,White,1967886,2022-04-05 20:03:46,
564,experimental_left_feedback,0,7,42,Non-Hispanic,random,Male,White,1967886,2022-04-05 20:03:46,
564,experimental_left_feedback,1,15,42,Non-Hispanic,random,Male,White,1967886,2022-04-05 20:03:46,
564,experimental_left_feedback,0,20,42,Non-Hispanic,random,Male,White,1967886,2022-04-05 20:03:46,
564,experimental_left_feedback,0,3,42,Non-Hispanic,random,Male,White,1967886,2022-04-05 20:03:46,
564,experimental_left_feedback,0,4,42,Non-Hispanic,random,Male,White,1967886,2022-04-05 20:03:46,
564,experimental_left_feedback,0,10,42,Non-Hispanic,random,Male,White,1967886,2022-04-05 20:03:46,
564,experimental_left_feedback,1,5,42,Non-Hispanic,random,Male,White,1967886,2022-04-05 20:03:46,
564,experimental_left_feedback,1,21,42,Non-Hispanic,random,Male,White,1967886,2022-04-05 20:03:46,
564,experimental_left_feedback,0,22,42,Non-Hispanic,random,Male,White,1967886,2022-04-05 20:03:46,
564,experimental_left_feedback,0,16,42,Non-Hispanic,random,Male,White,1967886,2022-04-05 20:03:46,
564,experimental_left_feedback,0,12,42,Non-Hispanic,random,Male,White,1967886,2022-04-05 20:03:46,
564,experimental_left_feedback,0,11,42,Non-Hispanic,random,Male,White,1967886,2022-04-05 20:03:46,
518,experimental_left_feedback,1,1,39,Non-Hispanic,The number of Flyers displayed and previous history,Male,White,643569,2022-04-05 19:31:16,
518,experimental_left_feedback,0,2,39,Non-Hispanic,The number of Flyers displayed and previous history,Male,White,643569,2022-04-05 19:31:16,
518,experimental_left_feedback,1,18,39,Non-Hispanic,The number of Flyers displayed and previous history,Male,White,643569,2022-04-05 19:31:16,
518,experimental_left_feedback,0,8,39,Non-Hispanic,The number of Flyers displayed and previous history,Male,White,643569,2022-04-05 19:31:16,
518,experimental_left_feedback,1,17,39,Non-Hispanic,The number of Flyers displayed and previous history,Male,White,643569,2022-04-05 19:31:16,
518,experimental_left_feedback,1,13,39,Non-Hispanic,The number of Flyers displayed and previous history,Male,White,643569,2022-04-05 19:31:16,
518,experimental_left_feedback,0,14,39,Non-Hispanic,The number of Flyers displayed and previous history,Male,White,643569,2022-04-05 19:31:16,
518,experimental_left_feedback,1,6,39,Non-Hispanic,The number of Flyers displayed and previous history,Male,White,643569,2022-04-05 19:31:16,
518,experimental_left_feedback,1,3,39,Non-Hispanic,The number of Flyers displayed and previous history,Male,White,643569,2022-04-05 19:31:16,
518,experimental_left_feedback,1,20,39,Non-Hispanic,The number of Flyers displayed and previous history,Male,White,643569,2022-04-05 19:31:16,
518,experimental_left_feedback,1,15,39,Non-Hispanic,The number of Flyers displayed and previous history,Male,White,643569,2022-04-05 19:31:16,
518,experimental_left_feedback,1,12,39,Non-Hispanic,The number of Flyers displayed and previous history,Male,White,643569,2022-04-05 19:31:16,
518,experimental_left_feedback,0,22,39,Non-Hispanic,The number of Flyers displayed and previous history,Male,White,643569,2022-04-05 19:31:16,
518,experimental_left_feedback,1,21,39,Non-Hispanic,The number of Flyers displayed and previous history,Male,White,643569,2022-04-05 19:31:16,
518,experimental_left_feedback,1,11,39,Non-Hispanic,The number of Flyers displayed and previous history,Male,White,643569,2022-04-05 19:31:16,
518,experimental_left_feedback,0,16,39,Non-Hispanic,The number of Flyers displayed and previous history,Male,White,643569,2022-04-05 19:31:16,
518,experimental_left_feedback,0,4,39,Non-Hispanic,The number of Flyers displayed and previous history,Male,White,643569,2022-04-05 19:31:16,
518,experimental_left_feedback,1,19,39,Non-Hispanic,The number of Flyers displayed and previous history,Male,White,643569,2022-04-05 19:31:16,
518,experimental_left_feedback,1,9,39,Non-Hispanic,The number of Flyers displayed and previous history,Male,White,643569,2022-04-05 19:31:16,
518,experimental_left_feedback,1,7,39,Non-Hispanic,The number of Flyers displayed and previous history,Male,White,643569,2022-04-05 19:31:16,
518,experimental_left_feedback,0,10,39,Non-Hispanic,The number of Flyers displayed and previous history,Male,White,643569,2022-04-05 19:31:16,
518,experimental_left_feedback,1,5,39,Non-Hispanic,The number of Flyers displayed and previous history,Male,White,643569,2022-04-05 19:31:16,
510,experimental_left_feedback,1,1,24,Non-Hispanic,I tried to follow a pattern,Female,Black/African American,767417,2022-04-05 19:30:28,
510,experimental_left_feedback,0,2,24,Non-Hispanic,I tried to follow a pattern,Female,Black/African American,767417,2022-04-05 19:30:28,
510,experimental_left_feedback,0,8,24,Non-Hispanic,I tried to follow a pattern,Female,Black/African American,767417,2022-04-05 19:30:28,
510,experimental_left_feedback,0,21,24,Non-Hispanic,I tried to follow a pattern,Female,Black/African American,767417,2022-04-05 19:30:28,
510,experimental_left_feedback,1,11,24,Non-Hispanic,I tried to follow a pattern,Female,Black/African American,767417,2022-04-05 19:30:28,
510,experimental_left_feedback,0,10,24,Non-Hispanic,I tried to follow a pattern,Female,Black/African American,767417,2022-04-05 19:30:28,
510,experimental_left_feedback,1,17,24,Non-Hispanic,I tried to follow a pattern,Female,Black/African American,767417,2022-04-05 19:30:28,
510,experimental_left_feedback,1,5,24,Non-Hispanic,I tried to follow a pattern,Female,Black/African American,767417,2022-04-05 19:30:28,
510,experimental_left_feedback,1,7,24,Non-Hispanic,I tried to follow a pattern,Female,Black/African American,767417,2022-04-05 19:30:28,
510,experimental_left_feedback,0,18,24,Non-Hispanic,I tried to follow a pattern,Female,Black/African American,767417,2022-04-05 19:30:28,
510,experimental_left_feedback,0,9,24,Non-Hispanic,I tried to follow a pattern,Female,Black/African American,767417,2022-04-05 19:30:28,
510,experimental_left_feedback,0,19,24,Non-Hispanic,I tried to follow a pattern,Female,Black/African American,767417,2022-04-05 19:30:28,
510,experimental_left_feedback,1,22,24,Non-Hispanic,I tried to follow a pattern,Female,Black/African American,767417,2022-04-05 19:30:28,
510,experimental_left_feedback,1,6,24,Non-Hispanic,I tried to follow a pattern,Female,Black/African American,767417,2022-04-05 19:30:28,
510,experimental_left_feedback,0,14,24,Non-Hispanic,I tried to follow a pattern,Female,Black/African American,767417,2022-04-05 19:30:28,
510,experimental_left_feedback,0,12,24,Non-Hispanic,I tried to follow a pattern,Female,Black/African American,767417,2022-04-05 19:30:28,
510,experimental_left_feedback,1,4,24,Non-Hispanic,I tried to follow a pattern,Female,Black/African American,767417,2022-04-05 19:30:28,
510,experimental_left_feedback,1,13,24,Non-Hispanic,I tried to follow a pattern,Female,Black/African American,767417,2022-04-05 19:30:28,
510,experimental_left_feedback,0,16,24,Non-Hispanic,I tried to follow a pattern,Female,Black/African American,767417,2022-04-05 19:30:28,
510,experimental_left_feedback,0,20,24,Non-Hispanic,I tried to follow a pattern,Female,Black/African American,767417,2022-04-05 19:30:28,
510,experimental_left_feedback,0,3,24,Non-Hispanic,I tried to follow a pattern,Female,Black/African American,767417,2022-04-05 19:30:28,
510,experimental_left_feedback,1,15,24,Non-Hispanic,I tried to follow a pattern,Female,Black/African American,767417,2022-04-05 19:30:28,
502,experimental_left_feedback,0,1,55,Non-Hispanic,I primarily looked at how many people who were handed a flyer returned to see the movie. I also took into consideration how many people went to see the movie without the flyer.,Male,White,1120280,2022-04-05 19:35:26,
502,experimental_left_feedback,0,2,55,Non-Hispanic,I primarily looked at how many people who were handed a flyer returned to see the movie. I also took into consideration how many people went to see the movie without the flyer.,Male,White,1120280,2022-04-05 19:35:26,
502,experimental_left_feedback,1,14,55,Non-Hispanic,I primarily looked at how many people who were handed a flyer returned to see the movie. I also took into consideration how many people went to see the movie without the flyer.,Male,White,1120280,2022-04-05 19:35:26,
502,experimental_left_feedback,1,6,55,Non-Hispanic,I primarily looked at how many people who were handed a flyer returned to see the movie. I also took into consideration how many people went to see the movie without the flyer.,Male,White,1120280,2022-04-05 19:35:26,
502,experimental_left_feedback,1,5,55,Non-Hispanic,I primarily looked at how many people who were handed a flyer returned to see the movie. I also took into consideration how many people went to see the movie without the flyer.,Male,White,1120280,2022-04-05 19:35:26,
502,experimental_left_feedback,0,4,55,Non-Hispanic,I primarily looked at how many people who were handed a flyer returned to see the movie. I also took into consideration how many people went to see the movie without the flyer.,Male,White,1120280,2022-04-05 19:35:26,
502,experimental_left_feedback,1,13,55,Non-Hispanic,I primarily looked at how many people who were handed a flyer returned to see the movie. I also took into consideration how many people went to see the movie without the flyer.,Male,White,1120280,2022-04-05 19:35:26,
502,experimental_left_feedback,0,10,55,Non-Hispanic,I primarily looked at how many people who were handed a flyer returned to see the movie. I also took into consideration how many people went to see the movie without the flyer.,Male,White,1120280,2022-04-05 19:35:26,
502,experimental_left_feedback,1,7,55,Non-Hispanic,I primarily looked at how many people who were handed a flyer returned to see the movie. I also took into consideration how many people went to see the movie without the flyer.,Male,White,1120280,2022-04-05 19:35:26,
502,experimental_left_feedback,0,18,55,Non-Hispanic,I primarily looked at how many people who were handed a flyer returned to see the movie. I also took into consideration how many people went to see the movie without the flyer.,Male,White,1120280,2022-04-05 19:35:26,
502,experimental_left_feedback,1,17,55,Non-Hispanic,I primarily looked at how many people who were handed a flyer returned to see the movie. I also took into consideration how many people went to see the movie without the flyer.,Male,White,1120280,2022-04-05 19:35:26,
502,experimental_left_feedback,0,3,55,Non-Hispanic,I primarily looked at how many people who were handed a flyer returned to see the movie. I also took into consideration how many people went to see the movie without the flyer.,Male,White,1120280,2022-04-05 19:35:26,
502,experimental_left_feedback,0,15,55,Non-Hispanic,I primarily looked at how many people who were handed a flyer returned to see the movie. I also took into consideration how many people went to see the movie without the flyer.,Male,White,1120280,2022-04-05 19:35:26,
502,experimental_left_feedback,1,21,55,Non-Hispanic,I primarily looked at how many people who were handed a flyer returned to see the movie. I also took into consideration how many people went to see the movie without the flyer.,Male,White,1120280,2022-04-05 19:35:26,
502,experimental_left_feedback,0,16,55,Non-Hispanic,I primarily looked at how many people who were handed a flyer returned to see the movie. I also took into consideration how many people went to see the movie without the flyer.,Male,White,1120280,2022-04-05 19:35:26,
502,experimental_left_feedback,1,19,55,Non-Hispanic,I primarily looked at how many people who were handed a flyer returned to see the movie. I also took into consideration how many people went to see the movie without the flyer.,Male,White,1120280,2022-04-05 19:35:26,
502,experimental_left_feedback,1,11,55,Non-Hispanic,I primarily looked at how many people who were handed a flyer returned to see the movie. I also took into consideration how many people went to see the movie without the flyer.,Male,White,1120280,2022-04-05 19:35:26,
502,experimental_left_feedback,0,22,55,Non-Hispanic,I primarily looked at how many people who were handed a flyer returned to see the movie. I also took into consideration how many people went to see the movie without the flyer.,Male,White,1120280,2022-04-05 19:35:26,
502,experimental_left_feedback,0,9,55,Non-Hispanic,I primarily looked at how many people who were handed a flyer returned to see the movie. I also took into consideration how many people went to see the movie without the flyer.,Male,White,1120280,2022-04-05 19:35:26,
502,experimental_left_feedback,1,20,55,Non-Hispanic,I primarily looked at how many people who were handed a flyer returned to see the movie. I also took into consideration how many people went to see the movie without the flyer.,Male,White,1120280,2022-04-05 19:35:26,
502,experimental_left_feedback,1,12,55,Non-Hispanic,I primarily looked at how many people who were handed a flyer returned to see the movie. I also took into consideration how many people went to see the movie without the flyer.,Male,White,1120280,2022-04-05 19:35:26,
502,experimental_left_feedback,0,8,55,Non-Hispanic,I primarily looked at how many people who were handed a flyer returned to see the movie. I also took into consideration how many people went to see the movie without the flyer.,Male,White,1120280,2022-04-05 19:35:26,
587,experimental_left_feedback,0,1,38,Non-Hispanic,I have tried to follow instructions ,Male,White,1184786,2022-04-05 20:01:29,
587,experimental_left_feedback,0,2,38,Non-Hispanic,I have tried to follow instructions ,Male,White,1184786,2022-04-05 20:01:29,
587,experimental_left_feedback,0,21,38,Non-Hispanic,I have tried to follow instructions ,Male,White,1184786,2022-04-05 20:01:29,
587,experimental_left_feedback,1,7,38,Non-Hispanic,I have tried to follow instructions ,Male,White,1184786,2022-04-05 20:01:29,
587,experimental_left_feedback,0,13,38,Non-Hispanic,I have tried to follow instructions ,Male,White,1184786,2022-04-05 20:01:29,
587,experimental_left_feedback,1,18,38,Non-Hispanic,I have tried to follow instructions ,Male,White,1184786,2022-04-05 20:01:29,
587,experimental_left_feedback,0,19,38,Non-Hispanic,I have tried to follow instructions ,Male,White,1184786,2022-04-05 20:01:29,
587,experimental_left_feedback,1,5,38,Non-Hispanic,I have tried to follow instructions ,Male,White,1184786,2022-04-05 20:01:29,
587,experimental_left_feedback,0,20,38,Non-Hispanic,I have tried to follow instructions ,Male,White,1184786,2022-04-05 20:01:29,
587,experimental_left_feedback,0,3,38,Non-Hispanic,I have tried to follow instructions ,Male,White,1184786,2022-04-05 20:01:29,
587,experimental_left_feedback,0,11,38,Non-Hispanic,I have tried to follow instructions ,Male,White,1184786,2022-04-05 20:01:29,
587,experimental_left_feedback,0,16,38,Non-Hispanic,I have tried to follow instructions ,Male,White,1184786,2022-04-05 20:01:29,
587,experimental_left_feedback,0,6,38,Non-Hispanic,I have tried to follow instructions ,Male,White,1184786,2022-04-05 20:01:29,
587,experimental_left_feedback,0,8,38,Non-Hispanic,I have tried to follow instructions ,Male,White,1184786,2022-04-05 20:01:29,
587,experimental_left_feedback,0,12,38,Non-Hispanic,I have tried to follow instructions ,Male,White,1184786,2022-04-05 20:01:29,
587,experimental_left_feedback,0,15,38,Non-Hispanic,I have tried to follow instructions ,Male,White,1184786,2022-04-05 20:01:29,
587,experimental_left_feedback,0,4,38,Non-Hispanic,I have tried to follow instructions ,Male,White,1184786,2022-04-05 20:01:29,
587,experimental_left_feedback,0,22,38,Non-Hispanic,I have tried to follow instructions ,Male,White,1184786,2022-04-05 20:01:29,
587,experimental_left_feedback,1,9,38,Non-Hispanic,I have tried to follow instructions ,Male,White,1184786,2022-04-05 20:01:29,
587,experimental_left_feedback,1,14,38,Non-Hispanic,I have tried to follow instructions ,Male,White,1184786,2022-04-05 20:01:29,
587,experimental_left_feedback,0,10,38,Non-Hispanic,I have tried to follow instructions ,Male,White,1184786,2022-04-05 20:01:29,
587,experimental_left_feedback,0,17,38,Non-Hispanic,I have tried to follow instructions ,Male,White,1184786,2022-04-05 20:01:29,
551,experimental_left_feedback,0,1,56,Non-Hispanic,I tried to see if it would be worth handing out or if it would just be a waste of money.,Female,White,524459,2022-04-05 19:36:17,
551,experimental_left_feedback,0,2,56,Non-Hispanic,I tried to see if it would be worth handing out or if it would just be a waste of money.,Female,White,524459,2022-04-05 19:36:17,
551,experimental_left_feedback,0,21,56,Non-Hispanic,I tried to see if it would be worth handing out or if it would just be a waste of money.,Female,White,524459,2022-04-05 19:36:17,
551,experimental_left_feedback,0,5,56,Non-Hispanic,I tried to see if it would be worth handing out or if it would just be a waste of money.,Female,White,524459,2022-04-05 19:36:17,
551,experimental_left_feedback,0,19,56,Non-Hispanic,I tried to see if it would be worth handing out or if it would just be a waste of money.,Female,White,524459,2022-04-05 19:36:17,
551,experimental_left_feedback,0,18,56,Non-Hispanic,I tried to see if it would be worth handing out or if it would just be a waste of money.,Female,White,524459,2022-04-05 19:36:17,
551,experimental_left_feedback,0,14,56,Non-Hispanic,I tried to see if it would be worth handing out or if it would just be a waste of money.,Female,White,524459,2022-04-05 19:36:17,
551,experimental_left_feedback,0,6,56,Non-Hispanic,I tried to see if it would be worth handing out or if it would just be a waste of money.,Female,White,524459,2022-04-05 19:36:17,
551,experimental_left_feedback,0,3,56,Non-Hispanic,I tried to see if it would be worth handing out or if it would just be a waste of money.,Female,White,524459,2022-04-05 19:36:17,
551,experimental_left_feedback,0,4,56,Non-Hispanic,I tried to see if it would be worth handing out or if it would just be a waste of money.,Female,White,524459,2022-04-05 19:36:17,
551,experimental_left_feedback,0,9,56,Non-Hispanic,I tried to see if it would be worth handing out or if it would just be a waste of money.,Female,White,524459,2022-04-05 19:36:17,
551,experimental_left_feedback,0,8,56,Non-Hispanic,I tried to see if it would be worth handing out or if it would just be a waste of money.,Female,White,524459,2022-04-05 19:36:17,
551,experimental_left_feedback,0,11,56,Non-Hispanic,I tried to see if it would be worth handing out or if it would just be a waste of money.,Female,White,524459,2022-04-05 19:36:17,
551,experimental_left_feedback,0,12,56,Non-Hispanic,I tried to see if it would be worth handing out or if it would just be a waste of money.,Female,White,524459,2022-04-05 19:36:17,
551,experimental_left_feedback,0,13,56,Non-Hispanic,I tried to see if it would be worth handing out or if it would just be a waste of money.,Female,White,524459,2022-04-05 19:36:17,
551,experimental_left_feedback,0,16,56,Non-Hispanic,I tried to see if it would be worth handing out or if it would just be a waste of money.,Female,White,524459,2022-04-05 19:36:17,
551,experimental_left_feedback,0,15,56,Non-Hispanic,I tried to see if it would be worth handing out or if it would just be a waste of money.,Female,White,524459,2022-04-05 19:36:17,
551,experimental_left_feedback,0,20,56,Non-Hispanic,I tried to see if it would be worth handing out or if it would just be a waste of money.,Female,White,524459,2022-04-05 19:36:17,
551,experimental_left_feedback,0,22,56,Non-Hispanic,I tried to see if it would be worth handing out or if it would just be a waste of money.,Female,White,524459,2022-04-05 19:36:17,
551,experimental_left_feedback,0,17,56,Non-Hispanic,I tried to see if it would be worth handing out or if it would just be a waste of money.,Female,White,524459,2022-04-05 19:36:17,
551,experimental_left_feedback,0,7,56,Non-Hispanic,I tried to see if it would be worth handing out or if it would just be a waste of money.,Female,White,524459,2022-04-05 19:36:17,
551,experimental_left_feedback,0,10,56,Non-Hispanic,I tried to see if it would be worth handing out or if it would just be a waste of money.,Female,White,524459,2022-04-05 19:36:17,
549,experimental_left_feedback,0,1,34,Non-Hispanic,"If more people who were handed a flyer decided to see the movie rather than not, I chose to hand them a flyer.",Female,White,655821,2022-04-05 19:37:57,
549,experimental_left_feedback,0,2,34,Non-Hispanic,"If more people who were handed a flyer decided to see the movie rather than not, I chose to hand them a flyer.",Female,White,655821,2022-04-05 19:37:57,
549,experimental_left_feedback,1,7,34,Non-Hispanic,"If more people who were handed a flyer decided to see the movie rather than not, I chose to hand them a flyer.",Female,White,655821,2022-04-05 19:37:57,
549,experimental_left_feedback,0,18,34,Non-Hispanic,"If more people who were handed a flyer decided to see the movie rather than not, I chose to hand them a flyer.",Female,White,655821,2022-04-05 19:37:57,
549,experimental_left_feedback,1,20,34,Non-Hispanic,"If more people who were handed a flyer decided to see the movie rather than not, I chose to hand them a flyer.",Female,White,655821,2022-04-05 19:37:57,
549,experimental_left_feedback,1,3,34,Non-Hispanic,"If more people who were handed a flyer decided to see the movie rather than not, I chose to hand them a flyer.",Female,White,655821,2022-04-05 19:37:57,
549,experimental_left_feedback,1,13,34,Non-Hispanic,"If more people who were handed a flyer decided to see the movie rather than not, I chose to hand them a flyer.",Female,White,655821,2022-04-05 19:37:57,
549,experimental_left_feedback,1,19,34,Non-Hispanic,"If more people who were handed a flyer decided to see the movie rather than not, I chose to hand them a flyer.",Female,White,655821,2022-04-05 19:37:57,
549,experimental_left_feedback,0,17,34,Non-Hispanic,"If more people who were handed a flyer decided to see the movie rather than not, I chose to hand them a flyer.",Female,White,655821,2022-04-05 19:37:57,
549,experimental_left_feedback,1,16,34,Non-Hispanic,"If more people who were handed a flyer decided to see the movie rather than not, I chose to hand them a flyer.",Female,White,655821,2022-04-05 19:37:57,
549,experimental_left_feedback,1,8,34,Non-Hispanic,"If more people who were handed a flyer decided to see the movie rather than not, I chose to hand them a flyer.",Female,White,655821,2022-04-05 19:37:57,
549,experimental_left_feedback,0,5,34,Non-Hispanic,"If more people who were handed a flyer decided to see the movie rather than not, I chose to hand them a flyer.",Female,White,655821,2022-04-05 19:37:57,
549,experimental_left_feedback,1,21,34,Non-Hispanic,"If more people who were handed a flyer decided to see the movie rather than not, I chose to hand them a flyer.",Female,White,655821,2022-04-05 19:37:57,
549,experimental_left_feedback,1,6,34,Non-Hispanic,"If more people who were handed a flyer decided to see the movie rather than not, I chose to hand them a flyer.",Female,White,655821,2022-04-05 19:37:57,
549,experimental_left_feedback,1,12,34,Non-Hispanic,"If more people who were handed a flyer decided to see the movie rather than not, I chose to hand them a flyer.",Female,White,655821,2022-04-05 19:37:57,
549,experimental_left_feedback,1,10,34,Non-Hispanic,"If more people who were handed a flyer decided to see the movie rather than not, I chose to hand them a flyer.",Female,White,655821,2022-04-05 19:37:57,
549,experimental_left_feedback,1,22,34,Non-Hispanic,"If more people who were handed a flyer decided to see the movie rather than not, I chose to hand them a flyer.",Female,White,655821,2022-04-05 19:37:57,
549,experimental_left_feedback,1,11,34,Non-Hispanic,"If more people who were handed a flyer decided to see the movie rather than not, I chose to hand them a flyer.",Female,White,655821,2022-04-05 19:37:57,
549,experimental_left_feedback,1,15,34,Non-Hispanic,"If more people who were handed a flyer decided to see the movie rather than not, I chose to hand them a flyer.",Female,White,655821,2022-04-05 19:37:57,
549,experimental_left_feedback,1,9,34,Non-Hispanic,"If more people who were handed a flyer decided to see the movie rather than not, I chose to hand them a flyer.",Female,White,655821,2022-04-05 19:37:57,
549,experimental_left_feedback,0,4,34,Non-Hispanic,"If more people who were handed a flyer decided to see the movie rather than not, I chose to hand them a flyer.",Female,White,655821,2022-04-05 19:37:57,
549,experimental_left_feedback,1,14,34,Non-Hispanic,"If more people who were handed a flyer decided to see the movie rather than not, I chose to hand them a flyer.",Female,White,655821,2022-04-05 19:37:57,
591,experimental_left_feedback,0,1,40,Non-Hispanic,"I tried to develop a pattern, but I ended up feeling like I missed something!",Female,White,677267,2022-04-05 20:10:13,
591,experimental_left_feedback,0,2,40,Non-Hispanic,"I tried to develop a pattern, but I ended up feeling like I missed something!",Female,White,677267,2022-04-05 20:10:13,
591,experimental_left_feedback,1,21,40,Non-Hispanic,"I tried to develop a pattern, but I ended up feeling like I missed something!",Female,White,677267,2022-04-05 20:10:13,
591,experimental_left_feedback,1,15,40,Non-Hispanic,"I tried to develop a pattern, but I ended up feeling like I missed something!",Female,White,677267,2022-04-05 20:10:13,
591,experimental_left_feedback,1,13,40,Non-Hispanic,"I tried to develop a pattern, but I ended up feeling like I missed something!",Female,White,677267,2022-04-05 20:10:13,
591,experimental_left_feedback,1,4,40,Non-Hispanic,"I tried to develop a pattern, but I ended up feeling like I missed something!",Female,White,677267,2022-04-05 20:10:13,
591,experimental_left_feedback,0,3,40,Non-Hispanic,"I tried to develop a pattern, but I ended up feeling like I missed something!",Female,White,677267,2022-04-05 20:10:13,
591,experimental_left_feedback,0,19,40,Non-Hispanic,"I tried to develop a pattern, but I ended up feeling like I missed something!",Female,White,677267,2022-04-05 20:10:13,
591,experimental_left_feedback,1,9,40,Non-Hispanic,"I tried to develop a pattern, but I ended up feeling like I missed something!",Female,White,677267,2022-04-05 20:10:13,
591,experimental_left_feedback,0,14,40,Non-Hispanic,"I tried to develop a pattern, but I ended up feeling like I missed something!",Female,White,677267,2022-04-05 20:10:13,
591,experimental_left_feedback,1,10,40,Non-Hispanic,"I tried to develop a pattern, but I ended up feeling like I missed something!",Female,White,677267,2022-04-05 20:10:13,
591,experimental_left_feedback,1,18,40,Non-Hispanic,"I tried to develop a pattern, but I ended up feeling like I missed something!",Female,White,677267,2022-04-05 20:10:13,
591,experimental_left_feedback,0,5,40,Non-Hispanic,"I tried to develop a pattern, but I ended up feeling like I missed something!",Female,White,677267,2022-04-05 20:10:13,
591,experimental_left_feedback,1,6,40,Non-Hispanic,"I tried to develop a pattern, but I ended up feeling like I missed something!",Female,White,677267,2022-04-05 20:10:13,
591,experimental_left_feedback,0,22,40,Non-Hispanic,"I tried to develop a pattern, but I ended up feeling like I missed something!",Female,White,677267,2022-04-05 20:10:13,
591,experimental_left_feedback,1,20,40,Non-Hispanic,"I tried to develop a pattern, but I ended up feeling like I missed something!",Female,White,677267,2022-04-05 20:10:13,
591,experimental_left_feedback,0,11,40,Non-Hispanic,"I tried to develop a pattern, but I ended up feeling like I missed something!",Female,White,677267,2022-04-05 20:10:13,
591,experimental_left_feedback,0,7,40,Non-Hispanic,"I tried to develop a pattern, but I ended up feeling like I missed something!",Female,White,677267,2022-04-05 20:10:13,
591,experimental_left_feedback,0,8,40,Non-Hispanic,"I tried to develop a pattern, but I ended up feeling like I missed something!",Female,White,677267,2022-04-05 20:10:13,
591,experimental_left_feedback,1,12,40,Non-Hispanic,"I tried to develop a pattern, but I ended up feeling like I missed something!",Female,White,677267,2022-04-05 20:10:13,
591,experimental_left_feedback,1,16,40,Non-Hispanic,"I tried to develop a pattern, but I ended up feeling like I missed something!",Female,White,677267,2022-04-05 20:10:13,
591,experimental_left_feedback,0,17,40,Non-Hispanic,"I tried to develop a pattern, but I ended up feeling like I missed something!",Female,White,677267,2022-04-05 20:10:13,
504,experimental_left_feedback,1,1,20,Non-Hispanic,"It doesn't feel very consistent, there were two sets of data almost identical and i choose one answer, got it wrong, then choose the other next time and got it wrong again.",Male,White,373719,2022-04-05 19:23:03,
504,experimental_left_feedback,0,2,20,Non-Hispanic,"It doesn't feel very consistent, there were two sets of data almost identical and i choose one answer, got it wrong, then choose the other next time and got it wrong again.",Male,White,373719,2022-04-05 19:23:03,
504,experimental_left_feedback,1,22,20,Non-Hispanic,"It doesn't feel very consistent, there were two sets of data almost identical and i choose one answer, got it wrong, then choose the other next time and got it wrong again.",Male,White,373719,2022-04-05 19:23:03,
504,experimental_left_feedback,1,8,20,Non-Hispanic,"It doesn't feel very consistent, there were two sets of data almost identical and i choose one answer, got it wrong, then choose the other next time and got it wrong again.",Male,White,373719,2022-04-05 19:23:03,
504,experimental_left_feedback,0,10,20,Non-Hispanic,"It doesn't feel very consistent, there were two sets of data almost identical and i choose one answer, got it wrong, then choose the other next time and got it wrong again.",Male,White,373719,2022-04-05 19:23:03,
504,experimental_left_feedback,1,4,20,Non-Hispanic,"It doesn't feel very consistent, there were two sets of data almost identical and i choose one answer, got it wrong, then choose the other next time and got it wrong again.",Male,White,373719,2022-04-05 19:23:03,
504,experimental_left_feedback,1,19,20,Non-Hispanic,"It doesn't feel very consistent, there were two sets of data almost identical and i choose one answer, got it wrong, then choose the other next time and got it wrong again.",Male,White,373719,2022-04-05 19:23:03,
504,experimental_left_feedback,1,20,20,Non-Hispanic,"It doesn't feel very consistent, there were two sets of data almost identical and i choose one answer, got it wrong, then choose the other next time and got it wrong again.",Male,White,373719,2022-04-05 19:23:03,
504,experimental_left_feedback,1,14,20,Non-Hispanic,"It doesn't feel very consistent, there were two sets of data almost identical and i choose one answer, got it wrong, then choose the other next time and got it wrong again.",Male,White,373719,2022-04-05 19:23:03,
504,experimental_left_feedback,1,17,20,Non-Hispanic,"It doesn't feel very consistent, there were two sets of data almost identical and i choose one answer, got it wrong, then choose the other next time and got it wrong again.",Male,White,373719,2022-04-05 19:23:03,
504,experimental_left_feedback,1,21,20,Non-Hispanic,"It doesn't feel very consistent, there were two sets of data almost identical and i choose one answer, got it wrong, then choose the other next time and got it wrong again.",Male,White,373719,2022-04-05 19:23:03,
504,experimental_left_feedback,1,13,20,Non-Hispanic,"It doesn't feel very consistent, there were two sets of data almost identical and i choose one answer, got it wrong, then choose the other next time and got it wrong again.",Male,White,373719,2022-04-05 19:23:03,
504,experimental_left_feedback,0,5,20,Non-Hispanic,"It doesn't feel very consistent, there were two sets of data almost identical and i choose one answer, got it wrong, then choose the other next time and got it wrong again.",Male,White,373719,2022-04-05 19:23:03,
504,experimental_left_feedback,1,3,20,Non-Hispanic,"It doesn't feel very consistent, there were two sets of data almost identical and i choose one answer, got it wrong, then choose the other next time and got it wrong again.",Male,White,373719,2022-04-05 19:23:03,
504,experimental_left_feedback,0,18,20,Non-Hispanic,"It doesn't feel very consistent, there were two sets of data almost identical and i choose one answer, got it wrong, then choose the other next time and got it wrong again.",Male,White,373719,2022-04-05 19:23:03,
504,experimental_left_feedback,0,12,20,Non-Hispanic,"It doesn't feel very consistent, there were two sets of data almost identical and i choose one answer, got it wrong, then choose the other next time and got it wrong again.",Male,White,373719,2022-04-05 19:23:03,
504,experimental_left_feedback,1,9,20,Non-Hispanic,"It doesn't feel very consistent, there were two sets of data almost identical and i choose one answer, got it wrong, then choose the other next time and got it wrong again.",Male,White,373719,2022-04-05 19:23:03,
504,experimental_left_feedback,0,7,20,Non-Hispanic,"It doesn't feel very consistent, there were two sets of data almost identical and i choose one answer, got it wrong, then choose the other next time and got it wrong again.",Male,White,373719,2022-04-05 19:23:03,
504,experimental_left_feedback,1,15,20,Non-Hispanic,"It doesn't feel very consistent, there were two sets of data almost identical and i choose one answer, got it wrong, then choose the other next time and got it wrong again.",Male,White,373719,2022-04-05 19:23:03,
504,experimental_left_feedback,1,16,20,Non-Hispanic,"It doesn't feel very consistent, there were two sets of data almost identical and i choose one answer, got it wrong, then choose the other next time and got it wrong again.",Male,White,373719,2022-04-05 19:23:03,
504,experimental_left_feedback,1,6,20,Non-Hispanic,"It doesn't feel very consistent, there were two sets of data almost identical and i choose one answer, got it wrong, then choose the other next time and got it wrong again.",Male,White,373719,2022-04-05 19:23:03,
504,experimental_left_feedback,0,11,20,Non-Hispanic,"It doesn't feel very consistent, there were two sets of data almost identical and i choose one answer, got it wrong, then choose the other next time and got it wrong again.",Male,White,373719,2022-04-05 19:23:03,
572,experimental_left_feedback,1,1,38,Non-Hispanic,the ratio of people who returned with a flyer ,Female,White,391039,2022-04-05 19:39:56,
572,experimental_left_feedback,0,2,38,Non-Hispanic,the ratio of people who returned with a flyer ,Female,White,391039,2022-04-05 19:39:56,
572,experimental_left_feedback,1,22,38,Non-Hispanic,the ratio of people who returned with a flyer ,Female,White,391039,2022-04-05 19:39:56,
572,experimental_left_feedback,0,8,38,Non-Hispanic,the ratio of people who returned with a flyer ,Female,White,391039,2022-04-05 19:39:56,
572,experimental_left_feedback,1,6,38,Non-Hispanic,the ratio of people who returned with a flyer ,Female,White,391039,2022-04-05 19:39:56,
572,experimental_left_feedback,1,20,38,Non-Hispanic,the ratio of people who returned with a flyer ,Female,White,391039,2022-04-05 19:39:56,
572,experimental_left_feedback,0,11,38,Non-Hispanic,the ratio of people who returned with a flyer ,Female,White,391039,2022-04-05 19:39:56,
572,experimental_left_feedback,1,15,38,Non-Hispanic,the ratio of people who returned with a flyer ,Female,White,391039,2022-04-05 19:39:56,
572,experimental_left_feedback,1,9,38,Non-Hispanic,the ratio of people who returned with a flyer ,Female,White,391039,2022-04-05 19:39:56,
572,experimental_left_feedback,1,14,38,Non-Hispanic,the ratio of people who returned with a flyer ,Female,White,391039,2022-04-05 19:39:56,
572,experimental_left_feedback,0,17,38,Non-Hispanic,the ratio of people who returned with a flyer ,Female,White,391039,2022-04-05 19:39:56,
572,experimental_left_feedback,1,12,38,Non-Hispanic,the ratio of people who returned with a flyer ,Female,White,391039,2022-04-05 19:39:56,
572,experimental_left_feedback,1,16,38,Non-Hispanic,the ratio of people who returned with a flyer ,Female,White,391039,2022-04-05 19:39:56,
572,experimental_left_feedback,1,21,38,Non-Hispanic,the ratio of people who returned with a flyer ,Female,White,391039,2022-04-05 19:39:56,
572,experimental_left_feedback,1,10,38,Non-Hispanic,the ratio of people who returned with a flyer ,Female,White,391039,2022-04-05 19:39:56,
572,experimental_left_feedback,1,3,38,Non-Hispanic,the ratio of people who returned with a flyer ,Female,White,391039,2022-04-05 19:39:56,
572,experimental_left_feedback,0,19,38,Non-Hispanic,the ratio of people who returned with a flyer ,Female,White,391039,2022-04-05 19:39:56,
572,experimental_left_feedback,1,18,38,Non-Hispanic,the ratio of people who returned with a flyer ,Female,White,391039,2022-04-05 19:39:56,
572,experimental_left_feedback,0,4,38,Non-Hispanic,the ratio of people who returned with a flyer ,Female,White,391039,2022-04-05 19:39:56,
572,experimental_left_feedback,0,5,38,Non-Hispanic,the ratio of people who returned with a flyer ,Female,White,391039,2022-04-05 19:39:56,
572,experimental_left_feedback,1,13,38,Non-Hispanic,the ratio of people who returned with a flyer ,Female,White,391039,2022-04-05 19:39:56,
572,experimental_left_feedback,1,7,38,Non-Hispanic,the ratio of people who returned with a flyer ,Female,White,391039,2022-04-05 19:39:56,
474,experimental_left_feedback,0,1,47,Non-Hispanic,I looked at the amount that bought the tickets with or without the flyer handed out.,Female,White,1074151,2022-04-05 19:23:35,
474,experimental_left_feedback,0,2,47,Non-Hispanic,I looked at the amount that bought the tickets with or without the flyer handed out.,Female,White,1074151,2022-04-05 19:23:35,
474,experimental_left_feedback,1,15,47,Non-Hispanic,I looked at the amount that bought the tickets with or without the flyer handed out.,Female,White,1074151,2022-04-05 19:23:35,
474,experimental_left_feedback,1,5,47,Non-Hispanic,I looked at the amount that bought the tickets with or without the flyer handed out.,Female,White,1074151,2022-04-05 19:23:35,
474,experimental_left_feedback,1,9,47,Non-Hispanic,I looked at the amount that bought the tickets with or without the flyer handed out.,Female,White,1074151,2022-04-05 19:23:35,
474,experimental_left_feedback,1,17,47,Non-Hispanic,I looked at the amount that bought the tickets with or without the flyer handed out.,Female,White,1074151,2022-04-05 19:23:35,
474,experimental_left_feedback,1,6,47,Non-Hispanic,I looked at the amount that bought the tickets with or without the flyer handed out.,Female,White,1074151,2022-04-05 19:23:35,
474,experimental_left_feedback,1,8,47,Non-Hispanic,I looked at the amount that bought the tickets with or without the flyer handed out.,Female,White,1074151,2022-04-05 19:23:35,
474,experimental_left_feedback,1,20,47,Non-Hispanic,I looked at the amount that bought the tickets with or without the flyer handed out.,Female,White,1074151,2022-04-05 19:23:35,
474,experimental_left_feedback,1,19,47,Non-Hispanic,I looked at the amount that bought the tickets with or without the flyer handed out.,Female,White,1074151,2022-04-05 19:23:35,
474,experimental_left_feedback,0,3,47,Non-Hispanic,I looked at the amount that bought the tickets with or without the flyer handed out.,Female,White,1074151,2022-04-05 19:23:35,
474,experimental_left_feedback,1,18,47,Non-Hispanic,I looked at the amount that bought the tickets with or without the flyer handed out.,Female,White,1074151,2022-04-05 19:23:35,
474,experimental_left_feedback,1,22,47,Non-Hispanic,I looked at the amount that bought the tickets with or without the flyer handed out.,Female,White,1074151,2022-04-05 19:23:35,
474,experimental_left_feedback,1,10,47,Non-Hispanic,I looked at the amount that bought the tickets with or without the flyer handed out.,Female,White,1074151,2022-04-05 19:23:35,
474,experimental_left_feedback,1,7,47,Non-Hispanic,I looked at the amount that bought the tickets with or without the flyer handed out.,Female,White,1074151,2022-04-05 19:23:35,
474,experimental_left_feedback,1,13,47,Non-Hispanic,I looked at the amount that bought the tickets with or without the flyer handed out.,Female,White,1074151,2022-04-05 19:23:35,
474,experimental_left_feedback,0,4,47,Non-Hispanic,I looked at the amount that bought the tickets with or without the flyer handed out.,Female,White,1074151,2022-04-05 19:23:35,
474,experimental_left_feedback,1,14,47,Non-Hispanic,I looked at the amount that bought the tickets with or without the flyer handed out.,Female,White,1074151,2022-04-05 19:23:35,
474,experimental_left_feedback,1,11,47,Non-Hispanic,I looked at the amount that bought the tickets with or without the flyer handed out.,Female,White,1074151,2022-04-05 19:23:35,
474,experimental_left_feedback,0,16,47,Non-Hispanic,I looked at the amount that bought the tickets with or without the flyer handed out.,Female,White,1074151,2022-04-05 19:23:35,
474,experimental_left_feedback,1,21,47,Non-Hispanic,I looked at the amount that bought the tickets with or without the flyer handed out.,Female,White,1074151,2022-04-05 19:23:35,
474,experimental_left_feedback,1,12,47,Non-Hispanic,I looked at the amount that bought the tickets with or without the flyer handed out.,Female,White,1074151,2022-04-05 19:23:35,
557,experimental_left_feedback,1,1,34,Non-Hispanic,The difference in attendance between being handed a flyer and not being handed one,Female,White,771349,2022-04-05 19:42:33,
557,experimental_left_feedback,0,2,34,Non-Hispanic,The difference in attendance between being handed a flyer and not being handed one,Female,White,771349,2022-04-05 19:42:33,
557,experimental_left_feedback,1,17,34,Non-Hispanic,The difference in attendance between being handed a flyer and not being handed one,Female,White,771349,2022-04-05 19:42:33,
557,experimental_left_feedback,1,18,34,Non-Hispanic,The difference in attendance between being handed a flyer and not being handed one,Female,White,771349,2022-04-05 19:42:33,
557,experimental_left_feedback,0,6,34,Non-Hispanic,The difference in attendance between being handed a flyer and not being handed one,Female,White,771349,2022-04-05 19:42:33,
557,experimental_left_feedback,0,3,34,Non-Hispanic,The difference in attendance between being handed a flyer and not being handed one,Female,White,771349,2022-04-05 19:42:33,
557,experimental_left_feedback,1,19,34,Non-Hispanic,The difference in attendance between being handed a flyer and not being handed one,Female,White,771349,2022-04-05 19:42:33,
557,experimental_left_feedback,1,7,34,Non-Hispanic,The difference in attendance between being handed a flyer and not being handed one,Female,White,771349,2022-04-05 19:42:33,
557,experimental_left_feedback,1,5,34,Non-Hispanic,The difference in attendance between being handed a flyer and not being handed one,Female,White,771349,2022-04-05 19:42:33,
557,experimental_left_feedback,1,8,34,Non-Hispanic,The difference in attendance between being handed a flyer and not being handed one,Female,White,771349,2022-04-05 19:42:33,
557,experimental_left_feedback,1,15,34,Non-Hispanic,The difference in attendance between being handed a flyer and not being handed one,Female,White,771349,2022-04-05 19:42:33,
557,experimental_left_feedback,1,12,34,Non-Hispanic,The difference in attendance between being handed a flyer and not being handed one,Female,White,771349,2022-04-05 19:42:33,
557,experimental_left_feedback,1,14,34,Non-Hispanic,The difference in attendance between being handed a flyer and not being handed one,Female,White,771349,2022-04-05 19:42:33,
557,experimental_left_feedback,1,16,34,Non-Hispanic,The difference in attendance between being handed a flyer and not being handed one,Female,White,771349,2022-04-05 19:42:33,
557,experimental_left_feedback,1,22,34,Non-Hispanic,The difference in attendance between being handed a flyer and not being handed one,Female,White,771349,2022-04-05 19:42:33,
557,experimental_left_feedback,1,11,34,Non-Hispanic,The difference in attendance between being handed a flyer and not being handed one,Female,White,771349,2022-04-05 19:42:33,
557,experimental_left_feedback,1,9,34,Non-Hispanic,The difference in attendance between being handed a flyer and not being handed one,Female,White,771349,2022-04-05 19:42:33,
557,experimental_left_feedback,1,13,34,Non-Hispanic,The difference in attendance between being handed a flyer and not being handed one,Female,White,771349,2022-04-05 19:42:33,
557,experimental_left_feedback,1,10,34,Non-Hispanic,The difference in attendance between being handed a flyer and not being handed one,Female,White,771349,2022-04-05 19:42:33,
557,experimental_left_feedback,0,4,34,Non-Hispanic,The difference in attendance between being handed a flyer and not being handed one,Female,White,771349,2022-04-05 19:42:33,
557,experimental_left_feedback,1,21,34,Non-Hispanic,The difference in attendance between being handed a flyer and not being handed one,Female,White,771349,2022-04-05 19:42:33,
557,experimental_left_feedback,1,20,34,Non-Hispanic,The difference in attendance between being handed a flyer and not being handed one,Female,White,771349,2022-04-05 19:42:33,
471,experimental_left_feedback,0,1,30,Non-Hispanic,I was influenced by how many people saw it without the flyer.,Male,White,344200,2022-04-04 23:28:37,
471,experimental_left_feedback,0,2,30,Non-Hispanic,I was influenced by how many people saw it without the flyer.,Male,White,344200,2022-04-04 23:28:37,
471,experimental_left_feedback,0,10,30,Non-Hispanic,I was influenced by how many people saw it without the flyer.,Male,White,344200,2022-04-04 23:28:37,
471,experimental_left_feedback,0,8,30,Non-Hispanic,I was influenced by how many people saw it without the flyer.,Male,White,344200,2022-04-04 23:28:37,
471,experimental_left_feedback,1,11,30,Non-Hispanic,I was influenced by how many people saw it without the flyer.,Male,White,344200,2022-04-04 23:28:37,
471,experimental_left_feedback,0,15,30,Non-Hispanic,I was influenced by how many people saw it without the flyer.,Male,White,344200,2022-04-04 23:28:37,
471,experimental_left_feedback,1,17,30,Non-Hispanic,I was influenced by how many people saw it without the flyer.,Male,White,344200,2022-04-04 23:28:37,
471,experimental_left_feedback,1,9,30,Non-Hispanic,I was influenced by how many people saw it without the flyer.,Male,White,344200,2022-04-04 23:28:37,
471,experimental_left_feedback,1,7,30,Non-Hispanic,I was influenced by how many people saw it without the flyer.,Male,White,344200,2022-04-04 23:28:37,
471,experimental_left_feedback,0,5,30,Non-Hispanic,I was influenced by how many people saw it without the flyer.,Male,White,344200,2022-04-04 23:28:37,
471,experimental_left_feedback,1,4,30,Non-Hispanic,I was influenced by how many people saw it without the flyer.,Male,White,344200,2022-04-04 23:28:37,
471,experimental_left_feedback,1,16,30,Non-Hispanic,I was influenced by how many people saw it without the flyer.,Male,White,344200,2022-04-04 23:28:37,
471,experimental_left_feedback,1,20,30,Non-Hispanic,I was influenced by how many people saw it without the flyer.,Male,White,344200,2022-04-04 23:28:37,
471,experimental_left_feedback,1,18,30,Non-Hispanic,I was influenced by how many people saw it without the flyer.,Male,White,344200,2022-04-04 23:28:37,
471,experimental_left_feedback,0,13,30,Non-Hispanic,I was influenced by how many people saw it without the flyer.,Male,White,344200,2022-04-04 23:28:37,
471,experimental_left_feedback,1,12,30,Non-Hispanic,I was influenced by how many people saw it without the flyer.,Male,White,344200,2022-04-04 23:28:37,
471,experimental_left_feedback,1,19,30,Non-Hispanic,I was influenced by how many people saw it without the flyer.,Male,White,344200,2022-04-04 23:28:37,
471,experimental_left_feedback,0,3,30,Non-Hispanic,I was influenced by how many people saw it without the flyer.,Male,White,344200,2022-04-04 23:28:37,
471,experimental_left_feedback,0,21,30,Non-Hispanic,I was influenced by how many people saw it without the flyer.,Male,White,344200,2022-04-04 23:28:37,
471,experimental_left_feedback,1,22,30,Non-Hispanic,I was influenced by how many people saw it without the flyer.,Male,White,344200,2022-04-04 23:28:37,
471,experimental_left_feedback,0,14,30,Non-Hispanic,I was influenced by how many people saw it without the flyer.,Male,White,344200,2022-04-04 23:28:37,
471,experimental_left_feedback,1,6,30,Non-Hispanic,I was influenced by how many people saw it without the flyer.,Male,White,344200,2022-04-04 23:28:37,
547,experimental_left_feedback,0,1,30,Non-Hispanic,"the data that was given to me regarding each theater and the impact of the flyers, enjoyable experiment ",Female,White,2059599,2022-04-05 21:00:38,
547,experimental_left_feedback,0,2,30,Non-Hispanic,"the data that was given to me regarding each theater and the impact of the flyers, enjoyable experiment ",Female,White,2059599,2022-04-05 21:00:38,
547,experimental_left_feedback,0,10,30,Non-Hispanic,"the data that was given to me regarding each theater and the impact of the flyers, enjoyable experiment ",Female,White,2059599,2022-04-05 21:00:38,
547,experimental_left_feedback,1,13,30,Non-Hispanic,"the data that was given to me regarding each theater and the impact of the flyers, enjoyable experiment ",Female,White,2059599,2022-04-05 21:00:38,
547,experimental_left_feedback,1,20,30,Non-Hispanic,"the data that was given to me regarding each theater and the impact of the flyers, enjoyable experiment ",Female,White,2059599,2022-04-05 21:00:38,
547,experimental_left_feedback,1,19,30,Non-Hispanic,"the data that was given to me regarding each theater and the impact of the flyers, enjoyable experiment ",Female,White,2059599,2022-04-05 21:00:38,
547,experimental_left_feedback,0,14,30,Non-Hispanic,"the data that was given to me regarding each theater and the impact of the flyers, enjoyable experiment ",Female,White,2059599,2022-04-05 21:00:38,
547,experimental_left_feedback,0,18,30,Non-Hispanic,"the data that was given to me regarding each theater and the impact of the flyers, enjoyable experiment ",Female,White,2059599,2022-04-05 21:00:38,
547,experimental_left_feedback,1,12,30,Non-Hispanic,"the data that was given to me regarding each theater and the impact of the flyers, enjoyable experiment ",Female,White,2059599,2022-04-05 21:00:38,
547,experimental_left_feedback,0,16,30,Non-Hispanic,"the data that was given to me regarding each theater and the impact of the flyers, enjoyable experiment ",Female,White,2059599,2022-04-05 21:00:38,
547,experimental_left_feedback,1,21,30,Non-Hispanic,"the data that was given to me regarding each theater and the impact of the flyers, enjoyable experiment ",Female,White,2059599,2022-04-05 21:00:38,
547,experimental_left_feedback,0,5,30,Non-Hispanic,"the data that was given to me regarding each theater and the impact of the flyers, enjoyable experiment ",Female,White,2059599,2022-04-05 21:00:38,
547,experimental_left_feedback,0,8,30,Non-Hispanic,"the data that was given to me regarding each theater and the impact of the flyers, enjoyable experiment ",Female,White,2059599,2022-04-05 21:00:38,
547,experimental_left_feedback,1,3,30,Non-Hispanic,"the data that was given to me regarding each theater and the impact of the flyers, enjoyable experiment ",Female,White,2059599,2022-04-05 21:00:38,
547,experimental_left_feedback,0,15,30,Non-Hispanic,"the data that was given to me regarding each theater and the impact of the flyers, enjoyable experiment ",Female,White,2059599,2022-04-05 21:00:38,
547,experimental_left_feedback,1,6,30,Non-Hispanic,"the data that was given to me regarding each theater and the impact of the flyers, enjoyable experiment ",Female,White,2059599,2022-04-05 21:00:38,
547,experimental_left_feedback,0,4,30,Non-Hispanic,"the data that was given to me regarding each theater and the impact of the flyers, enjoyable experiment ",Female,White,2059599,2022-04-05 21:00:38,
547,experimental_left_feedback,1,11,30,Non-Hispanic,"the data that was given to me regarding each theater and the impact of the flyers, enjoyable experiment ",Female,White,2059599,2022-04-05 21:00:38,
547,experimental_left_feedback,0,17,30,Non-Hispanic,"the data that was given to me regarding each theater and the impact of the flyers, enjoyable experiment ",Female,White,2059599,2022-04-05 21:00:38,
547,experimental_left_feedback,0,22,30,Non-Hispanic,"the data that was given to me regarding each theater and the impact of the flyers, enjoyable experiment ",Female,White,2059599,2022-04-05 21:00:38,
547,experimental_left_feedback,0,7,30,Non-Hispanic,"the data that was given to me regarding each theater and the impact of the flyers, enjoyable experiment ",Female,White,2059599,2022-04-05 21:00:38,
547,experimental_left_feedback,1,9,30,Non-Hispanic,"the data that was given to me regarding each theater and the impact of the flyers, enjoyable experiment ",Female,White,2059599,2022-04-05 21:00:38,
496,experimental_left_feedback,1,1,55,Non-Hispanic,"I looked at what number out of 10 saw it without the flyer. If it was a lot, I didn't give a flyer to them",Female,White,1031356,2022-04-05 19:30:45,
496,experimental_left_feedback,0,2,55,Non-Hispanic,"I looked at what number out of 10 saw it without the flyer. If it was a lot, I didn't give a flyer to them",Female,White,1031356,2022-04-05 19:30:45,
496,experimental_left_feedback,1,5,55,Non-Hispanic,"I looked at what number out of 10 saw it without the flyer. If it was a lot, I didn't give a flyer to them",Female,White,1031356,2022-04-05 19:30:45,
496,experimental_left_feedback,1,17,55,Non-Hispanic,"I looked at what number out of 10 saw it without the flyer. If it was a lot, I didn't give a flyer to them",Female,White,1031356,2022-04-05 19:30:45,
496,experimental_left_feedback,0,4,55,Non-Hispanic,"I looked at what number out of 10 saw it without the flyer. If it was a lot, I didn't give a flyer to them",Female,White,1031356,2022-04-05 19:30:45,
496,experimental_left_feedback,0,11,55,Non-Hispanic,"I looked at what number out of 10 saw it without the flyer. If it was a lot, I didn't give a flyer to them",Female,White,1031356,2022-04-05 19:30:45,
496,experimental_left_feedback,0,13,55,Non-Hispanic,"I looked at what number out of 10 saw it without the flyer. If it was a lot, I didn't give a flyer to them",Female,White,1031356,2022-04-05 19:30:45,
496,experimental_left_feedback,0,7,55,Non-Hispanic,"I looked at what number out of 10 saw it without the flyer. If it was a lot, I didn't give a flyer to them",Female,White,1031356,2022-04-05 19:30:45,
496,experimental_left_feedback,1,22,55,Non-Hispanic,"I looked at what number out of 10 saw it without the flyer. If it was a lot, I didn't give a flyer to them",Female,White,1031356,2022-04-05 19:30:45,
496,experimental_left_feedback,1,3,55,Non-Hispanic,"I looked at what number out of 10 saw it without the flyer. If it was a lot, I didn't give a flyer to them",Female,White,1031356,2022-04-05 19:30:45,
496,experimental_left_feedback,0,18,55,Non-Hispanic,"I looked at what number out of 10 saw it without the flyer. If it was a lot, I didn't give a flyer to them",Female,White,1031356,2022-04-05 19:30:45,
496,experimental_left_feedback,0,6,55,Non-Hispanic,"I looked at what number out of 10 saw it without the flyer. If it was a lot, I didn't give a flyer to them",Female,White,1031356,2022-04-05 19:30:45,
496,experimental_left_feedback,1,12,55,Non-Hispanic,"I looked at what number out of 10 saw it without the flyer. If it was a lot, I didn't give a flyer to them",Female,White,1031356,2022-04-05 19:30:45,
496,experimental_left_feedback,0,8,55,Non-Hispanic,"I looked at what number out of 10 saw it without the flyer. If it was a lot, I didn't give a flyer to them",Female,White,1031356,2022-04-05 19:30:45,
496,experimental_left_feedback,0,14,55,Non-Hispanic,"I looked at what number out of 10 saw it without the flyer. If it was a lot, I didn't give a flyer to them",Female,White,1031356,2022-04-05 19:30:45,
496,experimental_left_feedback,1,15,55,Non-Hispanic,"I looked at what number out of 10 saw it without the flyer. If it was a lot, I didn't give a flyer to them",Female,White,1031356,2022-04-05 19:30:45,
496,experimental_left_feedback,1,20,55,Non-Hispanic,"I looked at what number out of 10 saw it without the flyer. If it was a lot, I didn't give a flyer to them",Female,White,1031356,2022-04-05 19:30:45,
496,experimental_left_feedback,0,19,55,Non-Hispanic,"I looked at what number out of 10 saw it without the flyer. If it was a lot, I didn't give a flyer to them",Female,White,1031356,2022-04-05 19:30:45,
496,experimental_left_feedback,0,16,55,Non-Hispanic,"I looked at what number out of 10 saw it without the flyer. If it was a lot, I didn't give a flyer to them",Female,White,1031356,2022-04-05 19:30:45,
496,experimental_left_feedback,0,10,55,Non-Hispanic,"I looked at what number out of 10 saw it without the flyer. If it was a lot, I didn't give a flyer to them",Female,White,1031356,2022-04-05 19:30:45,
496,experimental_left_feedback,1,21,55,Non-Hispanic,"I looked at what number out of 10 saw it without the flyer. If it was a lot, I didn't give a flyer to them",Female,White,1031356,2022-04-05 19:30:45,
496,experimental_left_feedback,1,9,55,Non-Hispanic,"I looked at what number out of 10 saw it without the flyer. If it was a lot, I didn't give a flyer to them",Female,White,1031356,2022-04-05 19:30:45,
589,experimental_left_feedback,1,1,34,Non-Hispanic,This was interesting! Thank you for this opportunity!,Female,White,646769,2022-04-05 19:57:40,
589,experimental_left_feedback,1,2,34,Non-Hispanic,This was interesting! Thank you for this opportunity!,Female,White,646769,2022-04-05 19:57:40,
589,experimental_left_feedback,1,14,34,Non-Hispanic,This was interesting! Thank you for this opportunity!,Female,White,646769,2022-04-05 19:57:40,
589,experimental_left_feedback,1,9,34,Non-Hispanic,This was interesting! Thank you for this opportunity!,Female,White,646769,2022-04-05 19:57:40,
589,experimental_left_feedback,1,15,34,Non-Hispanic,This was interesting! Thank you for this opportunity!,Female,White,646769,2022-04-05 19:57:40,
589,experimental_left_feedback,1,22,34,Non-Hispanic,This was interesting! Thank you for this opportunity!,Female,White,646769,2022-04-05 19:57:40,
589,experimental_left_feedback,0,17,34,Non-Hispanic,This was interesting! Thank you for this opportunity!,Female,White,646769,2022-04-05 19:57:40,
589,experimental_left_feedback,1,6,34,Non-Hispanic,This was interesting! Thank you for this opportunity!,Female,White,646769,2022-04-05 19:57:40,
589,experimental_left_feedback,0,20,34,Non-Hispanic,This was interesting! Thank you for this opportunity!,Female,White,646769,2022-04-05 19:57:40,
589,experimental_left_feedback,1,11,34,Non-Hispanic,This was interesting! Thank you for this opportunity!,Female,White,646769,2022-04-05 19:57:40,
589,experimental_left_feedback,0,19,34,Non-Hispanic,This was interesting! Thank you for this opportunity!,Female,White,646769,2022-04-05 19:57:40,
589,experimental_left_feedback,1,13,34,Non-Hispanic,This was interesting! Thank you for this opportunity!,Female,White,646769,2022-04-05 19:57:40,
589,experimental_left_feedback,0,5,34,Non-Hispanic,This was interesting! Thank you for this opportunity!,Female,White,646769,2022-04-05 19:57:40,
589,experimental_left_feedback,0,12,34,Non-Hispanic,This was interesting! Thank you for this opportunity!,Female,White,646769,2022-04-05 19:57:40,
589,experimental_left_feedback,1,8,34,Non-Hispanic,This was interesting! Thank you for this opportunity!,Female,White,646769,2022-04-05 19:57:40,
589,experimental_left_feedback,1,10,34,Non-Hispanic,This was interesting! Thank you for this opportunity!,Female,White,646769,2022-04-05 19:57:40,
589,experimental_left_feedback,1,21,34,Non-Hispanic,This was interesting! Thank you for this opportunity!,Female,White,646769,2022-04-05 19:57:40,
589,experimental_left_feedback,0,7,34,Non-Hispanic,This was interesting! Thank you for this opportunity!,Female,White,646769,2022-04-05 19:57:40,
589,experimental_left_feedback,0,4,34,Non-Hispanic,This was interesting! Thank you for this opportunity!,Female,White,646769,2022-04-05 19:57:40,
589,experimental_left_feedback,0,16,34,Non-Hispanic,This was interesting! Thank you for this opportunity!,Female,White,646769,2022-04-05 19:57:40,
589,experimental_left_feedback,0,3,34,Non-Hispanic,This was interesting! Thank you for this opportunity!,Female,White,646769,2022-04-05 19:57:40,
589,experimental_left_feedback,0,18,34,Non-Hispanic,This was interesting! Thank you for this opportunity!,Female,White,646769,2022-04-05 19:57:40,
521,experimental_left_feedback,1,1,41,Non-Hispanic,I looked at how many people went who were had access to the fliers. It didn't seem to have consistent results with my choices though.,Female,White,935810,2022-04-05 19:36:54,
521,experimental_left_feedback,0,2,41,Non-Hispanic,I looked at how many people went who were had access to the fliers. It didn't seem to have consistent results with my choices though.,Female,White,935810,2022-04-05 19:36:54,
521,experimental_left_feedback,0,8,41,Non-Hispanic,I looked at how many people went who were had access to the fliers. It didn't seem to have consistent results with my choices though.,Female,White,935810,2022-04-05 19:36:54,
521,experimental_left_feedback,1,22,41,Non-Hispanic,I looked at how many people went who were had access to the fliers. It didn't seem to have consistent results with my choices though.,Female,White,935810,2022-04-05 19:36:54,
521,experimental_left_feedback,1,10,41,Non-Hispanic,I looked at how many people went who were had access to the fliers. It didn't seem to have consistent results with my choices though.,Female,White,935810,2022-04-05 19:36:54,
521,experimental_left_feedback,1,6,41,Non-Hispanic,I looked at how many people went who were had access to the fliers. It didn't seem to have consistent results with my choices though.,Female,White,935810,2022-04-05 19:36:54,
521,experimental_left_feedback,1,5,41,Non-Hispanic,I looked at how many people went who were had access to the fliers. It didn't seem to have consistent results with my choices though.,Female,White,935810,2022-04-05 19:36:54,
521,experimental_left_feedback,1,17,41,Non-Hispanic,I looked at how many people went who were had access to the fliers. It didn't seem to have consistent results with my choices though.,Female,White,935810,2022-04-05 19:36:54,
521,experimental_left_feedback,1,16,41,Non-Hispanic,I looked at how many people went who were had access to the fliers. It didn't seem to have consistent results with my choices though.,Female,White,935810,2022-04-05 19:36:54,
521,experimental_left_feedback,1,7,41,Non-Hispanic,I looked at how many people went who were had access to the fliers. It didn't seem to have consistent results with my choices though.,Female,White,935810,2022-04-05 19:36:54,
521,experimental_left_feedback,1,18,41,Non-Hispanic,I looked at how many people went who were had access to the fliers. It didn't seem to have consistent results with my choices though.,Female,White,935810,2022-04-05 19:36:54,
521,experimental_left_feedback,1,19,41,Non-Hispanic,I looked at how many people went who were had access to the fliers. It didn't seem to have consistent results with my choices though.,Female,White,935810,2022-04-05 19:36:54,
521,experimental_left_feedback,1,12,41,Non-Hispanic,I looked at how many people went who were had access to the fliers. It didn't seem to have consistent results with my choices though.,Female,White,935810,2022-04-05 19:36:54,
521,experimental_left_feedback,1,11,41,Non-Hispanic,I looked at how many people went who were had access to the fliers. It didn't seem to have consistent results with my choices though.,Female,White,935810,2022-04-05 19:36:54,
521,experimental_left_feedback,1,15,41,Non-Hispanic,I looked at how many people went who were had access to the fliers. It didn't seem to have consistent results with my choices though.,Female,White,935810,2022-04-05 19:36:54,
521,experimental_left_feedback,1,21,41,Non-Hispanic,I looked at how many people went who were had access to the fliers. It didn't seem to have consistent results with my choices though.,Female,White,935810,2022-04-05 19:36:54,
521,experimental_left_feedback,1,20,41,Non-Hispanic,I looked at how many people went who were had access to the fliers. It didn't seem to have consistent results with my choices though.,Female,White,935810,2022-04-05 19:36:54,
521,experimental_left_feedback,1,9,41,Non-Hispanic,I looked at how many people went who were had access to the fliers. It didn't seem to have consistent results with my choices though.,Female,White,935810,2022-04-05 19:36:54,
521,experimental_left_feedback,0,14,41,Non-Hispanic,I looked at how many people went who were had access to the fliers. It didn't seem to have consistent results with my choices though.,Female,White,935810,2022-04-05 19:36:54,
521,experimental_left_feedback,1,13,41,Non-Hispanic,I looked at how many people went who were had access to the fliers. It didn't seem to have consistent results with my choices though.,Female,White,935810,2022-04-05 19:36:54,
521,experimental_left_feedback,1,4,41,Non-Hispanic,I looked at how many people went who were had access to the fliers. It didn't seem to have consistent results with my choices though.,Female,White,935810,2022-04-05 19:36:54,
521,experimental_left_feedback,1,3,41,Non-Hispanic,I looked at how many people went who were had access to the fliers. It didn't seem to have consistent results with my choices though.,Female,White,935810,2022-04-05 19:36:54,
535,experimental_left_feedback,0,1,19,Hispanic,I honestly am not even sure. I was doing so good at first...,Non-binary,,1167446,2022-04-05 19:44:32,
535,experimental_left_feedback,0,2,19,Hispanic,I honestly am not even sure. I was doing so good at first...,Non-binary,,1167446,2022-04-05 19:44:32,
535,experimental_left_feedback,0,5,19,Hispanic,I honestly am not even sure. I was doing so good at first...,Non-binary,,1167446,2022-04-05 19:44:32,
535,experimental_left_feedback,1,20,19,Hispanic,I honestly am not even sure. I was doing so good at first...,Non-binary,,1167446,2022-04-05 19:44:32,
535,experimental_left_feedback,0,3,19,Hispanic,I honestly am not even sure. I was doing so good at first...,Non-binary,,1167446,2022-04-05 19:44:32,
535,experimental_left_feedback,0,11,19,Hispanic,I honestly am not even sure. I was doing so good at first...,Non-binary,,1167446,2022-04-05 19:44:32,
535,experimental_left_feedback,0,7,19,Hispanic,I honestly am not even sure. I was doing so good at first...,Non-binary,,1167446,2022-04-05 19:44:32,
535,experimental_left_feedback,0,21,19,Hispanic,I honestly am not even sure. I was doing so good at first...,Non-binary,,1167446,2022-04-05 19:44:32,
535,experimental_left_feedback,0,14,19,Hispanic,I honestly am not even sure. I was doing so good at first...,Non-binary,,1167446,2022-04-05 19:44:32,
535,experimental_left_feedback,1,16,19,Hispanic,I honestly am not even sure. I was doing so good at first...,Non-binary,,1167446,2022-04-05 19:44:32,
535,experimental_left_feedback,1,17,19,Hispanic,I honestly am not even sure. I was doing so good at first...,Non-binary,,1167446,2022-04-05 19:44:32,
535,experimental_left_feedback,0,10,19,Hispanic,I honestly am not even sure. I was doing so good at first...,Non-binary,,1167446,2022-04-05 19:44:32,
535,experimental_left_feedback,0,12,19,Hispanic,I honestly am not even sure. I was doing so good at first...,Non-binary,,1167446,2022-04-05 19:44:32,
535,experimental_left_feedback,1,13,19,Hispanic,I honestly am not even sure. I was doing so good at first...,Non-binary,,1167446,2022-04-05 19:44:32,
535,experimental_left_feedback,0,4,19,Hispanic,I honestly am not even sure. I was doing so good at first...,Non-binary,,1167446,2022-04-05 19:44:32,
535,experimental_left_feedback,0,19,19,Hispanic,I honestly am not even sure. I was doing so good at first...,Non-binary,,1167446,2022-04-05 19:44:32,
535,experimental_left_feedback,0,22,19,Hispanic,I honestly am not even sure. I was doing so good at first...,Non-binary,,1167446,2022-04-05 19:44:32,
535,experimental_left_feedback,0,9,19,Hispanic,I honestly am not even sure. I was doing so good at first...,Non-binary,,1167446,2022-04-05 19:44:32,
535,experimental_left_feedback,1,6,19,Hispanic,I honestly am not even sure. I was doing so good at first...,Non-binary,,1167446,2022-04-05 19:44:32,
535,experimental_left_feedback,0,15,19,Hispanic,I honestly am not even sure. I was doing so good at first...,Non-binary,,1167446,2022-04-05 19:44:32,
535,experimental_left_feedback,1,18,19,Hispanic,I honestly am not even sure. I was doing so good at first...,Non-binary,,1167446,2022-04-05 19:44:32,
535,experimental_left_feedback,1,8,19,Hispanic,I honestly am not even sure. I was doing so good at first...,Non-binary,,1167446,2022-04-05 19:44:32,
560,experimental_left_feedback,0,1,44,Non-Hispanic,If handing out a flyer gave a higher percent chance of coming back for the movie statistically.,Male,White,1203884,2022-04-05 19:50:31,
560,experimental_left_feedback,1,2,44,Non-Hispanic,If handing out a flyer gave a higher percent chance of coming back for the movie statistically.,Male,White,1203884,2022-04-05 19:50:31,
560,experimental_left_feedback,1,8,44,Non-Hispanic,If handing out a flyer gave a higher percent chance of coming back for the movie statistically.,Male,White,1203884,2022-04-05 19:50:31,
560,experimental_left_feedback,0,15,44,Non-Hispanic,If handing out a flyer gave a higher percent chance of coming back for the movie statistically.,Male,White,1203884,2022-04-05 19:50:31,
560,experimental_left_feedback,1,21,44,Non-Hispanic,If handing out a flyer gave a higher percent chance of coming back for the movie statistically.,Male,White,1203884,2022-04-05 19:50:31,
560,experimental_left_feedback,1,12,44,Non-Hispanic,If handing out a flyer gave a higher percent chance of coming back for the movie statistically.,Male,White,1203884,2022-04-05 19:50:31,
560,experimental_left_feedback,1,11,44,Non-Hispanic,If handing out a flyer gave a higher percent chance of coming back for the movie statistically.,Male,White,1203884,2022-04-05 19:50:31,
560,experimental_left_feedback,0,20,44,Non-Hispanic,If handing out a flyer gave a higher percent chance of coming back for the movie statistically.,Male,White,1203884,2022-04-05 19:50:31,
560,experimental_left_feedback,0,4,44,Non-Hispanic,If handing out a flyer gave a higher percent chance of coming back for the movie statistically.,Male,White,1203884,2022-04-05 19:50:31,
560,experimental_left_feedback,1,14,44,Non-Hispanic,If handing out a flyer gave a higher percent chance of coming back for the movie statistically.,Male,White,1203884,2022-04-05 19:50:31,
560,experimental_left_feedback,0,6,44,Non-Hispanic,If handing out a flyer gave a higher percent chance of coming back for the movie statistically.,Male,White,1203884,2022-04-05 19:50:31,
560,experimental_left_feedback,0,3,44,Non-Hispanic,If handing out a flyer gave a higher percent chance of coming back for the movie statistically.,Male,White,1203884,2022-04-05 19:50:31,
560,experimental_left_feedback,0,22,44,Non-Hispanic,If handing out a flyer gave a higher percent chance of coming back for the movie statistically.,Male,White,1203884,2022-04-05 19:50:31,
560,experimental_left_feedback,1,5,44,Non-Hispanic,If handing out a flyer gave a higher percent chance of coming back for the movie statistically.,Male,White,1203884,2022-04-05 19:50:31,
560,experimental_left_feedback,1,17,44,Non-Hispanic,If handing out a flyer gave a higher percent chance of coming back for the movie statistically.,Male,White,1203884,2022-04-05 19:50:31,
560,experimental_left_feedback,1,19,44,Non-Hispanic,If handing out a flyer gave a higher percent chance of coming back for the movie statistically.,Male,White,1203884,2022-04-05 19:50:31,
560,experimental_left_feedback,0,10,44,Non-Hispanic,If handing out a flyer gave a higher percent chance of coming back for the movie statistically.,Male,White,1203884,2022-04-05 19:50:31,
560,experimental_left_feedback,1,13,44,Non-Hispanic,If handing out a flyer gave a higher percent chance of coming back for the movie statistically.,Male,White,1203884,2022-04-05 19:50:31,
560,experimental_left_feedback,1,7,44,Non-Hispanic,If handing out a flyer gave a higher percent chance of coming back for the movie statistically.,Male,White,1203884,2022-04-05 19:50:31,
560,experimental_left_feedback,0,9,44,Non-Hispanic,If handing out a flyer gave a higher percent chance of coming back for the movie statistically.,Male,White,1203884,2022-04-05 19:50:31,
560,experimental_left_feedback,0,18,44,Non-Hispanic,If handing out a flyer gave a higher percent chance of coming back for the movie statistically.,Male,White,1203884,2022-04-05 19:50:31,
560,experimental_left_feedback,0,16,44,Non-Hispanic,If handing out a flyer gave a higher percent chance of coming back for the movie statistically.,Male,White,1203884,2022-04-05 19:50:31,
520,experimental_left_feedback,1,1,23,Non-Hispanic,The pictures of ticket stubs decided how I respond,Male,White,602614,2022-04-05 19:30:58,
520,experimental_left_feedback,0,2,23,Non-Hispanic,The pictures of ticket stubs decided how I respond,Male,White,602614,2022-04-05 19:30:58,
520,experimental_left_feedback,1,9,23,Non-Hispanic,The pictures of ticket stubs decided how I respond,Male,White,602614,2022-04-05 19:30:58,
520,experimental_left_feedback,0,4,23,Non-Hispanic,The pictures of ticket stubs decided how I respond,Male,White,602614,2022-04-05 19:30:58,
520,experimental_left_feedback,1,10,23,Non-Hispanic,The pictures of ticket stubs decided how I respond,Male,White,602614,2022-04-05 19:30:58,
520,experimental_left_feedback,0,11,23,Non-Hispanic,The pictures of ticket stubs decided how I respond,Male,White,602614,2022-04-05 19:30:58,
520,experimental_left_feedback,0,19,23,Non-Hispanic,The pictures of ticket stubs decided how I respond,Male,White,602614,2022-04-05 19:30:58,
520,experimental_left_feedback,1,22,23,Non-Hispanic,The pictures of ticket stubs decided how I respond,Male,White,602614,2022-04-05 19:30:58,
520,experimental_left_feedback,0,5,23,Non-Hispanic,The pictures of ticket stubs decided how I respond,Male,White,602614,2022-04-05 19:30:58,
520,experimental_left_feedback,1,18,23,Non-Hispanic,The pictures of ticket stubs decided how I respond,Male,White,602614,2022-04-05 19:30:58,
520,experimental_left_feedback,1,17,23,Non-Hispanic,The pictures of ticket stubs decided how I respond,Male,White,602614,2022-04-05 19:30:58,
520,experimental_left_feedback,0,14,23,Non-Hispanic,The pictures of ticket stubs decided how I respond,Male,White,602614,2022-04-05 19:30:58,
520,experimental_left_feedback,0,12,23,Non-Hispanic,The pictures of ticket stubs decided how I respond,Male,White,602614,2022-04-05 19:30:58,
520,experimental_left_feedback,1,16,23,Non-Hispanic,The pictures of ticket stubs decided how I respond,Male,White,602614,2022-04-05 19:30:58,
520,experimental_left_feedback,0,8,23,Non-Hispanic,The pictures of ticket stubs decided how I respond,Male,White,602614,2022-04-05 19:30:58,
520,experimental_left_feedback,1,21,23,Non-Hispanic,The pictures of ticket stubs decided how I respond,Male,White,602614,2022-04-05 19:30:58,
520,experimental_left_feedback,1,6,23,Non-Hispanic,The pictures of ticket stubs decided how I respond,Male,White,602614,2022-04-05 19:30:58,
520,experimental_left_feedback,0,15,23,Non-Hispanic,The pictures of ticket stubs decided how I respond,Male,White,602614,2022-04-05 19:30:58,
520,experimental_left_feedback,1,13,23,Non-Hispanic,The pictures of ticket stubs decided how I respond,Male,White,602614,2022-04-05 19:30:58,
520,experimental_left_feedback,0,3,23,Non-Hispanic,The pictures of ticket stubs decided how I respond,Male,White,602614,2022-04-05 19:30:58,
520,experimental_left_feedback,0,7,23,Non-Hispanic,The pictures of ticket stubs decided how I respond,Male,White,602614,2022-04-05 19:30:58,
520,experimental_left_feedback,0,20,23,Non-Hispanic,The pictures of ticket stubs decided how I respond,Male,White,602614,2022-04-05 19:30:58,
478,experimental_left_feedback,1,1,35,Non-Hispanic,The biggest factor was losing 20.50 if I hand out a flyer and the person doesn't go see the movie. It seems likely that I'd earn more by just having them available for pickup and thus not handing them out at all. ,Male,White,406593,2022-04-05 19:13:43,
478,experimental_left_feedback,0,2,35,Non-Hispanic,The biggest factor was losing 20.50 if I hand out a flyer and the person doesn't go see the movie. It seems likely that I'd earn more by just having them available for pickup and thus not handing them out at all. ,Male,White,406593,2022-04-05 19:13:43,
478,experimental_left_feedback,1,10,35,Non-Hispanic,The biggest factor was losing 20.50 if I hand out a flyer and the person doesn't go see the movie. It seems likely that I'd earn more by just having them available for pickup and thus not handing them out at all. ,Male,White,406593,2022-04-05 19:13:43,
478,experimental_left_feedback,0,4,35,Non-Hispanic,The biggest factor was losing 20.50 if I hand out a flyer and the person doesn't go see the movie. It seems likely that I'd earn more by just having them available for pickup and thus not handing them out at all. ,Male,White,406593,2022-04-05 19:13:43,
478,experimental_left_feedback,0,21,35,Non-Hispanic,The biggest factor was losing 20.50 if I hand out a flyer and the person doesn't go see the movie. It seems likely that I'd earn more by just having them available for pickup and thus not handing them out at all. ,Male,White,406593,2022-04-05 19:13:43,
478,experimental_left_feedback,0,19,35,Non-Hispanic,The biggest factor was losing 20.50 if I hand out a flyer and the person doesn't go see the movie. It seems likely that I'd earn more by just having them available for pickup and thus not handing them out at all. ,Male,White,406593,2022-04-05 19:13:43,
478,experimental_left_feedback,0,7,35,Non-Hispanic,The biggest factor was losing 20.50 if I hand out a flyer and the person doesn't go see the movie. It seems likely that I'd earn more by just having them available for pickup and thus not handing them out at all. ,Male,White,406593,2022-04-05 19:13:43,
478,experimental_left_feedback,0,22,35,Non-Hispanic,The biggest factor was losing 20.50 if I hand out a flyer and the person doesn't go see the movie. It seems likely that I'd earn more by just having them available for pickup and thus not handing them out at all. ,Male,White,406593,2022-04-05 19:13:43,
478,experimental_left_feedback,0,6,35,Non-Hispanic,The biggest factor was losing 20.50 if I hand out a flyer and the person doesn't go see the movie. It seems likely that I'd earn more by just having them available for pickup and thus not handing them out at all. ,Male,White,406593,2022-04-05 19:13:43,
478,experimental_left_feedback,0,13,35,Non-Hispanic,The biggest factor was losing 20.50 if I hand out a flyer and the person doesn't go see the movie. It seems likely that I'd earn more by just having them available for pickup and thus not handing them out at all. ,Male,White,406593,2022-04-05 19:13:43,
478,experimental_left_feedback,0,18,35,Non-Hispanic,The biggest factor was losing 20.50 if I hand out a flyer and the person doesn't go see the movie. It seems likely that I'd earn more by just having them available for pickup and thus not handing them out at all. ,Male,White,406593,2022-04-05 19:13:43,
478,experimental_left_feedback,0,15,35,Non-Hispanic,The biggest factor was losing 20.50 if I hand out a flyer and the person doesn't go see the movie. It seems likely that I'd earn more by just having them available for pickup and thus not handing them out at all. ,Male,White,406593,2022-04-05 19:13:43,
478,experimental_left_feedback,0,17,35,Non-Hispanic,The biggest factor was losing 20.50 if I hand out a flyer and the person doesn't go see the movie. It seems likely that I'd earn more by just having them available for pickup and thus not handing them out at all. ,Male,White,406593,2022-04-05 19:13:43,
478,experimental_left_feedback,0,16,35,Non-Hispanic,The biggest factor was losing 20.50 if I hand out a flyer and the person doesn't go see the movie. It seems likely that I'd earn more by just having them available for pickup and thus not handing them out at all. ,Male,White,406593,2022-04-05 19:13:43,
478,experimental_left_feedback,0,20,35,Non-Hispanic,The biggest factor was losing 20.50 if I hand out a flyer and the person doesn't go see the movie. It seems likely that I'd earn more by just having them available for pickup and thus not handing them out at all. ,Male,White,406593,2022-04-05 19:13:43,
478,experimental_left_feedback,0,14,35,Non-Hispanic,The biggest factor was losing 20.50 if I hand out a flyer and the person doesn't go see the movie. It seems likely that I'd earn more by just having them available for pickup and thus not handing them out at all. ,Male,White,406593,2022-04-05 19:13:43,
478,experimental_left_feedback,0,11,35,Non-Hispanic,The biggest factor was losing 20.50 if I hand out a flyer and the person doesn't go see the movie. It seems likely that I'd earn more by just having them available for pickup and thus not handing them out at all. ,Male,White,406593,2022-04-05 19:13:43,
478,experimental_left_feedback,0,5,35,Non-Hispanic,The biggest factor was losing 20.50 if I hand out a flyer and the person doesn't go see the movie. It seems likely that I'd earn more by just having them available for pickup and thus not handing them out at all. ,Male,White,406593,2022-04-05 19:13:43,
478,experimental_left_feedback,0,12,35,Non-Hispanic,The biggest factor was losing 20.50 if I hand out a flyer and the person doesn't go see the movie. It seems likely that I'd earn more by just having them available for pickup and thus not handing them out at all. ,Male,White,406593,2022-04-05 19:13:43,
478,experimental_left_feedback,1,8,35,Non-Hispanic,The biggest factor was losing 20.50 if I hand out a flyer and the person doesn't go see the movie. It seems likely that I'd earn more by just having them available for pickup and thus not handing them out at all. ,Male,White,406593,2022-04-05 19:13:43,
478,experimental_left_feedback,1,9,35,Non-Hispanic,The biggest factor was losing 20.50 if I hand out a flyer and the person doesn't go see the movie. It seems likely that I'd earn more by just having them available for pickup and thus not handing them out at all. ,Male,White,406593,2022-04-05 19:13:43,
478,experimental_left_feedback,0,3,35,Non-Hispanic,The biggest factor was losing 20.50 if I hand out a flyer and the person doesn't go see the movie. It seems likely that I'd earn more by just having them available for pickup and thus not handing them out at all. ,Male,White,406593,2022-04-05 19:13:43,
583,experimental_left_feedback,1,1,21,Non-Hispanic,I was gauging the percentages when combined in terms of returning with flyer and without.,Male,Asian,471659,2022-04-05 19:43:11,
583,experimental_left_feedback,0,2,21,Non-Hispanic,I was gauging the percentages when combined in terms of returning with flyer and without.,Male,Asian,471659,2022-04-05 19:43:11,
583,experimental_left_feedback,0,21,21,Non-Hispanic,I was gauging the percentages when combined in terms of returning with flyer and without.,Male,Asian,471659,2022-04-05 19:43:11,
583,experimental_left_feedback,1,15,21,Non-Hispanic,I was gauging the percentages when combined in terms of returning with flyer and without.,Male,Asian,471659,2022-04-05 19:43:11,
583,experimental_left_feedback,0,8,21,Non-Hispanic,I was gauging the percentages when combined in terms of returning with flyer and without.,Male,Asian,471659,2022-04-05 19:43:11,
583,experimental_left_feedback,1,11,21,Non-Hispanic,I was gauging the percentages when combined in terms of returning with flyer and without.,Male,Asian,471659,2022-04-05 19:43:11,
583,experimental_left_feedback,1,9,21,Non-Hispanic,I was gauging the percentages when combined in terms of returning with flyer and without.,Male,Asian,471659,2022-04-05 19:43:11,
583,experimental_left_feedback,1,22,21,Non-Hispanic,I was gauging the percentages when combined in terms of returning with flyer and without.,Male,Asian,471659,2022-04-05 19:43:11,
583,experimental_left_feedback,0,13,21,Non-Hispanic,I was gauging the percentages when combined in terms of returning with flyer and without.,Male,Asian,471659,2022-04-05 19:43:11,
583,experimental_left_feedback,1,12,21,Non-Hispanic,I was gauging the percentages when combined in terms of returning with flyer and without.,Male,Asian,471659,2022-04-05 19:43:11,
583,experimental_left_feedback,0,7,21,Non-Hispanic,I was gauging the percentages when combined in terms of returning with flyer and without.,Male,Asian,471659,2022-04-05 19:43:11,
583,experimental_left_feedback,1,3,21,Non-Hispanic,I was gauging the percentages when combined in terms of returning with flyer and without.,Male,Asian,471659,2022-04-05 19:43:11,
583,experimental_left_feedback,0,19,21,Non-Hispanic,I was gauging the percentages when combined in terms of returning with flyer and without.,Male,Asian,471659,2022-04-05 19:43:11,
583,experimental_left_feedback,0,14,21,Non-Hispanic,I was gauging the percentages when combined in terms of returning with flyer and without.,Male,Asian,471659,2022-04-05 19:43:11,
583,experimental_left_feedback,1,10,21,Non-Hispanic,I was gauging the percentages when combined in terms of returning with flyer and without.,Male,Asian,471659,2022-04-05 19:43:11,
583,experimental_left_feedback,0,16,21,Non-Hispanic,I was gauging the percentages when combined in terms of returning with flyer and without.,Male,Asian,471659,2022-04-05 19:43:11,
583,experimental_left_feedback,1,18,21,Non-Hispanic,I was gauging the percentages when combined in terms of returning with flyer and without.,Male,Asian,471659,2022-04-05 19:43:11,
583,experimental_left_feedback,1,6,21,Non-Hispanic,I was gauging the percentages when combined in terms of returning with flyer and without.,Male,Asian,471659,2022-04-05 19:43:11,
583,experimental_left_feedback,0,5,21,Non-Hispanic,I was gauging the percentages when combined in terms of returning with flyer and without.,Male,Asian,471659,2022-04-05 19:43:11,
583,experimental_left_feedback,0,17,21,Non-Hispanic,I was gauging the percentages when combined in terms of returning with flyer and without.,Male,Asian,471659,2022-04-05 19:43:11,
583,experimental_left_feedback,1,4,21,Non-Hispanic,I was gauging the percentages when combined in terms of returning with flyer and without.,Male,Asian,471659,2022-04-05 19:43:11,
583,experimental_left_feedback,1,20,21,Non-Hispanic,I was gauging the percentages when combined in terms of returning with flyer and without.,Male,Asian,471659,2022-04-05 19:43:11,
558,experimental_left_feedback,0,1,52,Non-Hispanic,I tried to judge whether people would definitely return if they received the flyer. I originally thought it would be best not to hand out any at all but changed my mind when it was obvious no one would return if they didn't get a flyer.,Female,White,874816,2022-04-05 19:44:37,
558,experimental_left_feedback,0,2,52,Non-Hispanic,I tried to judge whether people would definitely return if they received the flyer. I originally thought it would be best not to hand out any at all but changed my mind when it was obvious no one would return if they didn't get a flyer.,Female,White,874816,2022-04-05 19:44:37,
558,experimental_left_feedback,1,22,52,Non-Hispanic,I tried to judge whether people would definitely return if they received the flyer. I originally thought it would be best not to hand out any at all but changed my mind when it was obvious no one would return if they didn't get a flyer.,Female,White,874816,2022-04-05 19:44:37,
558,experimental_left_feedback,0,11,52,Non-Hispanic,I tried to judge whether people would definitely return if they received the flyer. I originally thought it would be best not to hand out any at all but changed my mind when it was obvious no one would return if they didn't get a flyer.,Female,White,874816,2022-04-05 19:44:37,
558,experimental_left_feedback,1,9,52,Non-Hispanic,I tried to judge whether people would definitely return if they received the flyer. I originally thought it would be best not to hand out any at all but changed my mind when it was obvious no one would return if they didn't get a flyer.,Female,White,874816,2022-04-05 19:44:37,
558,experimental_left_feedback,1,21,52,Non-Hispanic,I tried to judge whether people would definitely return if they received the flyer. I originally thought it would be best not to hand out any at all but changed my mind when it was obvious no one would return if they didn't get a flyer.,Female,White,874816,2022-04-05 19:44:37,
558,experimental_left_feedback,0,5,52,Non-Hispanic,I tried to judge whether people would definitely return if they received the flyer. I originally thought it would be best not to hand out any at all but changed my mind when it was obvious no one would return if they didn't get a flyer.,Female,White,874816,2022-04-05 19:44:37,
558,experimental_left_feedback,1,10,52,Non-Hispanic,I tried to judge whether people would definitely return if they received the flyer. I originally thought it would be best not to hand out any at all but changed my mind when it was obvious no one would return if they didn't get a flyer.,Female,White,874816,2022-04-05 19:44:37,
558,experimental_left_feedback,1,15,52,Non-Hispanic,I tried to judge whether people would definitely return if they received the flyer. I originally thought it would be best not to hand out any at all but changed my mind when it was obvious no one would return if they didn't get a flyer.,Female,White,874816,2022-04-05 19:44:37,
558,experimental_left_feedback,0,7,52,Non-Hispanic,I tried to judge whether people would definitely return if they received the flyer. I originally thought it would be best not to hand out any at all but changed my mind when it was obvious no one would return if they didn't get a flyer.,Female,White,874816,2022-04-05 19:44:37,
558,experimental_left_feedback,0,17,52,Non-Hispanic,I tried to judge whether people would definitely return if they received the flyer. I originally thought it would be best not to hand out any at all but changed my mind when it was obvious no one would return if they didn't get a flyer.,Female,White,874816,2022-04-05 19:44:37,
558,experimental_left_feedback,1,18,52,Non-Hispanic,I tried to judge whether people would definitely return if they received the flyer. I originally thought it would be best not to hand out any at all but changed my mind when it was obvious no one would return if they didn't get a flyer.,Female,White,874816,2022-04-05 19:44:37,
558,experimental_left_feedback,0,13,52,Non-Hispanic,I tried to judge whether people would definitely return if they received the flyer. I originally thought it would be best not to hand out any at all but changed my mind when it was obvious no one would return if they didn't get a flyer.,Female,White,874816,2022-04-05 19:44:37,
558,experimental_left_feedback,0,19,52,Non-Hispanic,I tried to judge whether people would definitely return if they received the flyer. I originally thought it would be best not to hand out any at all but changed my mind when it was obvious no one would return if they didn't get a flyer.,Female,White,874816,2022-04-05 19:44:37,
558,experimental_left_feedback,0,8,52,Non-Hispanic,I tried to judge whether people would definitely return if they received the flyer. I originally thought it would be best not to hand out any at all but changed my mind when it was obvious no one would return if they didn't get a flyer.,Female,White,874816,2022-04-05 19:44:37,
558,experimental_left_feedback,1,16,52,Non-Hispanic,I tried to judge whether people would definitely return if they received the flyer. I originally thought it would be best not to hand out any at all but changed my mind when it was obvious no one would return if they didn't get a flyer.,Female,White,874816,2022-04-05 19:44:37,
558,experimental_left_feedback,0,20,52,Non-Hispanic,I tried to judge whether people would definitely return if they received the flyer. I originally thought it would be best not to hand out any at all but changed my mind when it was obvious no one would return if they didn't get a flyer.,Female,White,874816,2022-04-05 19:44:37,
558,experimental_left_feedback,0,14,52,Non-Hispanic,I tried to judge whether people would definitely return if they received the flyer. I originally thought it would be best not to hand out any at all but changed my mind when it was obvious no one would return if they didn't get a flyer.,Female,White,874816,2022-04-05 19:44:37,
558,experimental_left_feedback,1,12,52,Non-Hispanic,I tried to judge whether people would definitely return if they received the flyer. I originally thought it would be best not to hand out any at all but changed my mind when it was obvious no one would return if they didn't get a flyer.,Female,White,874816,2022-04-05 19:44:37,
558,experimental_left_feedback,1,6,52,Non-Hispanic,I tried to judge whether people would definitely return if they received the flyer. I originally thought it would be best not to hand out any at all but changed my mind when it was obvious no one would return if they didn't get a flyer.,Female,White,874816,2022-04-05 19:44:37,
558,experimental_left_feedback,1,4,52,Non-Hispanic,I tried to judge whether people would definitely return if they received the flyer. I originally thought it would be best not to hand out any at all but changed my mind when it was obvious no one would return if they didn't get a flyer.,Female,White,874816,2022-04-05 19:44:37,
558,experimental_left_feedback,0,3,52,Non-Hispanic,I tried to judge whether people would definitely return if they received the flyer. I originally thought it would be best not to hand out any at all but changed my mind when it was obvious no one would return if they didn't get a flyer.,Female,White,874816,2022-04-05 19:44:37,
586,experimental_left_feedback,0,1,33,Non-Hispanic,If the people who chose to see the movie was over 50%,Female,White,681880,2022-04-05 19:51:23,
586,experimental_left_feedback,1,2,33,Non-Hispanic,If the people who chose to see the movie was over 50%,Female,White,681880,2022-04-05 19:51:23,
586,experimental_left_feedback,1,16,33,Non-Hispanic,If the people who chose to see the movie was over 50%,Female,White,681880,2022-04-05 19:51:23,
586,experimental_left_feedback,0,14,33,Non-Hispanic,If the people who chose to see the movie was over 50%,Female,White,681880,2022-04-05 19:51:23,
586,experimental_left_feedback,0,19,33,Non-Hispanic,If the people who chose to see the movie was over 50%,Female,White,681880,2022-04-05 19:51:23,
586,experimental_left_feedback,1,4,33,Non-Hispanic,If the people who chose to see the movie was over 50%,Female,White,681880,2022-04-05 19:51:23,
586,experimental_left_feedback,0,10,33,Non-Hispanic,If the people who chose to see the movie was over 50%,Female,White,681880,2022-04-05 19:51:23,
586,experimental_left_feedback,0,21,33,Non-Hispanic,If the people who chose to see the movie was over 50%,Female,White,681880,2022-04-05 19:51:23,
586,experimental_left_feedback,1,15,33,Non-Hispanic,If the people who chose to see the movie was over 50%,Female,White,681880,2022-04-05 19:51:23,
586,experimental_left_feedback,0,5,33,Non-Hispanic,If the people who chose to see the movie was over 50%,Female,White,681880,2022-04-05 19:51:23,
586,experimental_left_feedback,0,20,33,Non-Hispanic,If the people who chose to see the movie was over 50%,Female,White,681880,2022-04-05 19:51:23,
586,experimental_left_feedback,0,18,33,Non-Hispanic,If the people who chose to see the movie was over 50%,Female,White,681880,2022-04-05 19:51:23,
586,experimental_left_feedback,1,13,33,Non-Hispanic,If the people who chose to see the movie was over 50%,Female,White,681880,2022-04-05 19:51:23,
586,experimental_left_feedback,0,11,33,Non-Hispanic,If the people who chose to see the movie was over 50%,Female,White,681880,2022-04-05 19:51:23,
586,experimental_left_feedback,1,12,33,Non-Hispanic,If the people who chose to see the movie was over 50%,Female,White,681880,2022-04-05 19:51:23,
586,experimental_left_feedback,1,3,33,Non-Hispanic,If the people who chose to see the movie was over 50%,Female,White,681880,2022-04-05 19:51:23,
586,experimental_left_feedback,1,22,33,Non-Hispanic,If the people who chose to see the movie was over 50%,Female,White,681880,2022-04-05 19:51:23,
586,experimental_left_feedback,0,17,33,Non-Hispanic,If the people who chose to see the movie was over 50%,Female,White,681880,2022-04-05 19:51:23,
586,experimental_left_feedback,1,8,33,Non-Hispanic,If the people who chose to see the movie was over 50%,Female,White,681880,2022-04-05 19:51:23,
586,experimental_left_feedback,1,9,33,Non-Hispanic,If the people who chose to see the movie was over 50%,Female,White,681880,2022-04-05 19:51:23,
586,experimental_left_feedback,0,7,33,Non-Hispanic,If the people who chose to see the movie was over 50%,Female,White,681880,2022-04-05 19:51:23,
586,experimental_left_feedback,1,6,33,Non-Hispanic,If the people who chose to see the movie was over 50%,Female,White,681880,2022-04-05 19:51:23,
480,experimental_left_feedback,0,1,29,Non-Hispanic,"I looked at the likelihood of the flyers influencing whether or not people went to see the movie and if more people went to see it when getting a flyer, I gave that person a flyer.",Male,White,347804,2022-04-05 19:14:32,
480,experimental_left_feedback,0,2,29,Non-Hispanic,"I looked at the likelihood of the flyers influencing whether or not people went to see the movie and if more people went to see it when getting a flyer, I gave that person a flyer.",Male,White,347804,2022-04-05 19:14:32,
480,experimental_left_feedback,1,18,29,Non-Hispanic,"I looked at the likelihood of the flyers influencing whether or not people went to see the movie and if more people went to see it when getting a flyer, I gave that person a flyer.",Male,White,347804,2022-04-05 19:14:32,
480,experimental_left_feedback,1,16,29,Non-Hispanic,"I looked at the likelihood of the flyers influencing whether or not people went to see the movie and if more people went to see it when getting a flyer, I gave that person a flyer.",Male,White,347804,2022-04-05 19:14:32,
480,experimental_left_feedback,1,22,29,Non-Hispanic,"I looked at the likelihood of the flyers influencing whether or not people went to see the movie and if more people went to see it when getting a flyer, I gave that person a flyer.",Male,White,347804,2022-04-05 19:14:32,
480,experimental_left_feedback,1,6,29,Non-Hispanic,"I looked at the likelihood of the flyers influencing whether or not people went to see the movie and if more people went to see it when getting a flyer, I gave that person a flyer.",Male,White,347804,2022-04-05 19:14:32,
480,experimental_left_feedback,0,19,29,Non-Hispanic,"I looked at the likelihood of the flyers influencing whether or not people went to see the movie and if more people went to see it when getting a flyer, I gave that person a flyer.",Male,White,347804,2022-04-05 19:14:32,
480,experimental_left_feedback,0,7,29,Non-Hispanic,"I looked at the likelihood of the flyers influencing whether or not people went to see the movie and if more people went to see it when getting a flyer, I gave that person a flyer.",Male,White,347804,2022-04-05 19:14:32,
480,experimental_left_feedback,1,12,29,Non-Hispanic,"I looked at the likelihood of the flyers influencing whether or not people went to see the movie and if more people went to see it when getting a flyer, I gave that person a flyer.",Male,White,347804,2022-04-05 19:14:32,
480,experimental_left_feedback,1,3,29,Non-Hispanic,"I looked at the likelihood of the flyers influencing whether or not people went to see the movie and if more people went to see it when getting a flyer, I gave that person a flyer.",Male,White,347804,2022-04-05 19:14:32,
480,experimental_left_feedback,0,8,29,Non-Hispanic,"I looked at the likelihood of the flyers influencing whether or not people went to see the movie and if more people went to see it when getting a flyer, I gave that person a flyer.",Male,White,347804,2022-04-05 19:14:32,
480,experimental_left_feedback,1,20,29,Non-Hispanic,"I looked at the likelihood of the flyers influencing whether or not people went to see the movie and if more people went to see it when getting a flyer, I gave that person a flyer.",Male,White,347804,2022-04-05 19:14:32,
480,experimental_left_feedback,1,9,29,Non-Hispanic,"I looked at the likelihood of the flyers influencing whether or not people went to see the movie and if more people went to see it when getting a flyer, I gave that person a flyer.",Male,White,347804,2022-04-05 19:14:32,
480,experimental_left_feedback,1,21,29,Non-Hispanic,"I looked at the likelihood of the flyers influencing whether or not people went to see the movie and if more people went to see it when getting a flyer, I gave that person a flyer.",Male,White,347804,2022-04-05 19:14:32,
480,experimental_left_feedback,0,5,29,Non-Hispanic,"I looked at the likelihood of the flyers influencing whether or not people went to see the movie and if more people went to see it when getting a flyer, I gave that person a flyer.",Male,White,347804,2022-04-05 19:14:32,
480,experimental_left_feedback,1,13,29,Non-Hispanic,"I looked at the likelihood of the flyers influencing whether or not people went to see the movie and if more people went to see it when getting a flyer, I gave that person a flyer.",Male,White,347804,2022-04-05 19:14:32,
480,experimental_left_feedback,0,17,29,Non-Hispanic,"I looked at the likelihood of the flyers influencing whether or not people went to see the movie and if more people went to see it when getting a flyer, I gave that person a flyer.",Male,White,347804,2022-04-05 19:14:32,
480,experimental_left_feedback,0,10,29,Non-Hispanic,"I looked at the likelihood of the flyers influencing whether or not people went to see the movie and if more people went to see it when getting a flyer, I gave that person a flyer.",Male,White,347804,2022-04-05 19:14:32,
480,experimental_left_feedback,0,14,29,Non-Hispanic,"I looked at the likelihood of the flyers influencing whether or not people went to see the movie and if more people went to see it when getting a flyer, I gave that person a flyer.",Male,White,347804,2022-04-05 19:14:32,
480,experimental_left_feedback,0,4,29,Non-Hispanic,"I looked at the likelihood of the flyers influencing whether or not people went to see the movie and if more people went to see it when getting a flyer, I gave that person a flyer.",Male,White,347804,2022-04-05 19:14:32,
480,experimental_left_feedback,1,15,29,Non-Hispanic,"I looked at the likelihood of the flyers influencing whether or not people went to see the movie and if more people went to see it when getting a flyer, I gave that person a flyer.",Male,White,347804,2022-04-05 19:14:32,
480,experimental_left_feedback,0,11,29,Non-Hispanic,"I looked at the likelihood of the flyers influencing whether or not people went to see the movie and if more people went to see it when getting a flyer, I gave that person a flyer.",Male,White,347804,2022-04-05 19:14:32,
575,experimental_left_feedback,1,1,27,Hispanic,The ratio between people who bought a ticket after getting handing a flyer and those that did not.,Female,American Indian/Alaska Native,617170,2022-04-05 19:44:05,
575,experimental_left_feedback,0,2,27,Hispanic,The ratio between people who bought a ticket after getting handing a flyer and those that did not.,Female,American Indian/Alaska Native,617170,2022-04-05 19:44:05,
575,experimental_left_feedback,0,6,27,Hispanic,The ratio between people who bought a ticket after getting handing a flyer and those that did not.,Female,American Indian/Alaska Native,617170,2022-04-05 19:44:05,
575,experimental_left_feedback,1,10,27,Hispanic,The ratio between people who bought a ticket after getting handing a flyer and those that did not.,Female,American Indian/Alaska Native,617170,2022-04-05 19:44:05,
575,experimental_left_feedback,0,7,27,Hispanic,The ratio between people who bought a ticket after getting handing a flyer and those that did not.,Female,American Indian/Alaska Native,617170,2022-04-05 19:44:05,
575,experimental_left_feedback,0,13,27,Hispanic,The ratio between people who bought a ticket after getting handing a flyer and those that did not.,Female,American Indian/Alaska Native,617170,2022-04-05 19:44:05,
575,experimental_left_feedback,0,3,27,Hispanic,The ratio between people who bought a ticket after getting handing a flyer and those that did not.,Female,American Indian/Alaska Native,617170,2022-04-05 19:44:05,
575,experimental_left_feedback,0,5,27,Hispanic,The ratio between people who bought a ticket after getting handing a flyer and those that did not.,Female,American Indian/Alaska Native,617170,2022-04-05 19:44:05,
575,experimental_left_feedback,1,14,27,Hispanic,The ratio between people who bought a ticket after getting handing a flyer and those that did not.,Female,American Indian/Alaska Native,617170,2022-04-05 19:44:05,
575,experimental_left_feedback,1,15,27,Hispanic,The ratio between people who bought a ticket after getting handing a flyer and those that did not.,Female,American Indian/Alaska Native,617170,2022-04-05 19:44:05,
575,experimental_left_feedback,1,22,27,Hispanic,The ratio between people who bought a ticket after getting handing a flyer and those that did not.,Female,American Indian/Alaska Native,617170,2022-04-05 19:44:05,
575,experimental_left_feedback,1,20,27,Hispanic,The ratio between people who bought a ticket after getting handing a flyer and those that did not.,Female,American Indian/Alaska Native,617170,2022-04-05 19:44:05,
575,experimental_left_feedback,1,19,27,Hispanic,The ratio between people who bought a ticket after getting handing a flyer and those that did not.,Female,American Indian/Alaska Native,617170,2022-04-05 19:44:05,
575,experimental_left_feedback,0,4,27,Hispanic,The ratio between people who bought a ticket after getting handing a flyer and those that did not.,Female,American Indian/Alaska Native,617170,2022-04-05 19:44:05,
575,experimental_left_feedback,1,12,27,Hispanic,The ratio between people who bought a ticket after getting handing a flyer and those that did not.,Female,American Indian/Alaska Native,617170,2022-04-05 19:44:05,
575,experimental_left_feedback,1,21,27,Hispanic,The ratio between people who bought a ticket after getting handing a flyer and those that did not.,Female,American Indian/Alaska Native,617170,2022-04-05 19:44:05,
575,experimental_left_feedback,1,11,27,Hispanic,The ratio between people who bought a ticket after getting handing a flyer and those that did not.,Female,American Indian/Alaska Native,617170,2022-04-05 19:44:05,
575,experimental_left_feedback,1,8,27,Hispanic,The ratio between people who bought a ticket after getting handing a flyer and those that did not.,Female,American Indian/Alaska Native,617170,2022-04-05 19:44:05,
575,experimental_left_feedback,1,9,27,Hispanic,The ratio between people who bought a ticket after getting handing a flyer and those that did not.,Female,American Indian/Alaska Native,617170,2022-04-05 19:44:05,
575,experimental_left_feedback,1,16,27,Hispanic,The ratio between people who bought a ticket after getting handing a flyer and those that did not.,Female,American Indian/Alaska Native,617170,2022-04-05 19:44:05,
575,experimental_left_feedback,1,17,27,Hispanic,The ratio between people who bought a ticket after getting handing a flyer and those that did not.,Female,American Indian/Alaska Native,617170,2022-04-05 19:44:05,
575,experimental_left_feedback,1,18,27,Hispanic,The ratio between people who bought a ticket after getting handing a flyer and those that did not.,Female,American Indian/Alaska Native,617170,2022-04-05 19:44:05,
486,experimental_left_feedback,0,1,40,Non-Hispanic,The improvement of tickets sold had the largest influence.  In none of the scenarios was I worried about dissuading any person from seeing the movie.,Male,Asian,462093,2022-04-05 19:17:48,
486,experimental_left_feedback,1,2,40,Non-Hispanic,The improvement of tickets sold had the largest influence.  In none of the scenarios was I worried about dissuading any person from seeing the movie.,Male,Asian,462093,2022-04-05 19:17:48,
486,experimental_left_feedback,1,12,40,Non-Hispanic,The improvement of tickets sold had the largest influence.  In none of the scenarios was I worried about dissuading any person from seeing the movie.,Male,Asian,462093,2022-04-05 19:17:48,
486,experimental_left_feedback,0,11,40,Non-Hispanic,The improvement of tickets sold had the largest influence.  In none of the scenarios was I worried about dissuading any person from seeing the movie.,Male,Asian,462093,2022-04-05 19:17:48,
486,experimental_left_feedback,1,14,40,Non-Hispanic,The improvement of tickets sold had the largest influence.  In none of the scenarios was I worried about dissuading any person from seeing the movie.,Male,Asian,462093,2022-04-05 19:17:48,
486,experimental_left_feedback,0,4,40,Non-Hispanic,The improvement of tickets sold had the largest influence.  In none of the scenarios was I worried about dissuading any person from seeing the movie.,Male,Asian,462093,2022-04-05 19:17:48,
486,experimental_left_feedback,1,13,40,Non-Hispanic,The improvement of tickets sold had the largest influence.  In none of the scenarios was I worried about dissuading any person from seeing the movie.,Male,Asian,462093,2022-04-05 19:17:48,
486,experimental_left_feedback,1,9,40,Non-Hispanic,The improvement of tickets sold had the largest influence.  In none of the scenarios was I worried about dissuading any person from seeing the movie.,Male,Asian,462093,2022-04-05 19:17:48,
486,experimental_left_feedback,1,3,40,Non-Hispanic,The improvement of tickets sold had the largest influence.  In none of the scenarios was I worried about dissuading any person from seeing the movie.,Male,Asian,462093,2022-04-05 19:17:48,
486,experimental_left_feedback,1,7,40,Non-Hispanic,The improvement of tickets sold had the largest influence.  In none of the scenarios was I worried about dissuading any person from seeing the movie.,Male,Asian,462093,2022-04-05 19:17:48,
486,experimental_left_feedback,0,17,40,Non-Hispanic,The improvement of tickets sold had the largest influence.  In none of the scenarios was I worried about dissuading any person from seeing the movie.,Male,Asian,462093,2022-04-05 19:17:48,
486,experimental_left_feedback,1,18,40,Non-Hispanic,The improvement of tickets sold had the largest influence.  In none of the scenarios was I worried about dissuading any person from seeing the movie.,Male,Asian,462093,2022-04-05 19:17:48,
486,experimental_left_feedback,0,8,40,Non-Hispanic,The improvement of tickets sold had the largest influence.  In none of the scenarios was I worried about dissuading any person from seeing the movie.,Male,Asian,462093,2022-04-05 19:17:48,
486,experimental_left_feedback,0,5,40,Non-Hispanic,The improvement of tickets sold had the largest influence.  In none of the scenarios was I worried about dissuading any person from seeing the movie.,Male,Asian,462093,2022-04-05 19:17:48,
486,experimental_left_feedback,0,10,40,Non-Hispanic,The improvement of tickets sold had the largest influence.  In none of the scenarios was I worried about dissuading any person from seeing the movie.,Male,Asian,462093,2022-04-05 19:17:48,
486,experimental_left_feedback,1,19,40,Non-Hispanic,The improvement of tickets sold had the largest influence.  In none of the scenarios was I worried about dissuading any person from seeing the movie.,Male,Asian,462093,2022-04-05 19:17:48,
486,experimental_left_feedback,1,15,40,Non-Hispanic,The improvement of tickets sold had the largest influence.  In none of the scenarios was I worried about dissuading any person from seeing the movie.,Male,Asian,462093,2022-04-05 19:17:48,
486,experimental_left_feedback,1,20,40,Non-Hispanic,The improvement of tickets sold had the largest influence.  In none of the scenarios was I worried about dissuading any person from seeing the movie.,Male,Asian,462093,2022-04-05 19:17:48,
486,experimental_left_feedback,0,16,40,Non-Hispanic,The improvement of tickets sold had the largest influence.  In none of the scenarios was I worried about dissuading any person from seeing the movie.,Male,Asian,462093,2022-04-05 19:17:48,
486,experimental_left_feedback,1,21,40,Non-Hispanic,The improvement of tickets sold had the largest influence.  In none of the scenarios was I worried about dissuading any person from seeing the movie.,Male,Asian,462093,2022-04-05 19:17:48,
486,experimental_left_feedback,1,22,40,Non-Hispanic,The improvement of tickets sold had the largest influence.  In none of the scenarios was I worried about dissuading any person from seeing the movie.,Male,Asian,462093,2022-04-05 19:17:48,
486,experimental_left_feedback,1,6,40,Non-Hispanic,The improvement of tickets sold had the largest influence.  In none of the scenarios was I worried about dissuading any person from seeing the movie.,Male,Asian,462093,2022-04-05 19:17:48,
533,experimental_left_feedback,0,1,22,Non-Hispanic,The number of people who  returned after getting a flyer vs those that did not.,Male,White,570319,2022-04-05 19:34:11,
533,experimental_left_feedback,0,2,22,Non-Hispanic,The number of people who  returned after getting a flyer vs those that did not.,Male,White,570319,2022-04-05 19:34:11,
533,experimental_left_feedback,0,10,22,Non-Hispanic,The number of people who  returned after getting a flyer vs those that did not.,Male,White,570319,2022-04-05 19:34:11,
533,experimental_left_feedback,1,3,22,Non-Hispanic,The number of people who  returned after getting a flyer vs those that did not.,Male,White,570319,2022-04-05 19:34:11,
533,experimental_left_feedback,0,5,22,Non-Hispanic,The number of people who  returned after getting a flyer vs those that did not.,Male,White,570319,2022-04-05 19:34:11,
533,experimental_left_feedback,1,15,22,Non-Hispanic,The number of people who  returned after getting a flyer vs those that did not.,Male,White,570319,2022-04-05 19:34:11,
533,experimental_left_feedback,1,11,22,Non-Hispanic,The number of people who  returned after getting a flyer vs those that did not.,Male,White,570319,2022-04-05 19:34:11,
533,experimental_left_feedback,0,14,22,Non-Hispanic,The number of people who  returned after getting a flyer vs those that did not.,Male,White,570319,2022-04-05 19:34:11,
533,experimental_left_feedback,0,7,22,Non-Hispanic,The number of people who  returned after getting a flyer vs those that did not.,Male,White,570319,2022-04-05 19:34:11,
533,experimental_left_feedback,1,18,22,Non-Hispanic,The number of people who  returned after getting a flyer vs those that did not.,Male,White,570319,2022-04-05 19:34:11,
533,experimental_left_feedback,1,20,22,Non-Hispanic,The number of people who  returned after getting a flyer vs those that did not.,Male,White,570319,2022-04-05 19:34:11,
533,experimental_left_feedback,1,6,22,Non-Hispanic,The number of people who  returned after getting a flyer vs those that did not.,Male,White,570319,2022-04-05 19:34:11,
533,experimental_left_feedback,1,22,22,Non-Hispanic,The number of people who  returned after getting a flyer vs those that did not.,Male,White,570319,2022-04-05 19:34:11,
533,experimental_left_feedback,0,17,22,Non-Hispanic,The number of people who  returned after getting a flyer vs those that did not.,Male,White,570319,2022-04-05 19:34:11,
533,experimental_left_feedback,1,21,22,Non-Hispanic,The number of people who  returned after getting a flyer vs those that did not.,Male,White,570319,2022-04-05 19:34:11,
533,experimental_left_feedback,1,13,22,Non-Hispanic,The number of people who  returned after getting a flyer vs those that did not.,Male,White,570319,2022-04-05 19:34:11,
533,experimental_left_feedback,0,8,22,Non-Hispanic,The number of people who  returned after getting a flyer vs those that did not.,Male,White,570319,2022-04-05 19:34:11,
533,experimental_left_feedback,0,16,22,Non-Hispanic,The number of people who  returned after getting a flyer vs those that did not.,Male,White,570319,2022-04-05 19:34:11,
533,experimental_left_feedback,1,9,22,Non-Hispanic,The number of people who  returned after getting a flyer vs those that did not.,Male,White,570319,2022-04-05 19:34:11,
533,experimental_left_feedback,0,4,22,Non-Hispanic,The number of people who  returned after getting a flyer vs those that did not.,Male,White,570319,2022-04-05 19:34:11,
533,experimental_left_feedback,0,19,22,Non-Hispanic,The number of people who  returned after getting a flyer vs those that did not.,Male,White,570319,2022-04-05 19:34:11,
533,experimental_left_feedback,1,12,22,Non-Hispanic,The number of people who  returned after getting a flyer vs those that did not.,Male,White,570319,2022-04-05 19:34:11,
529,experimental_left_feedback,1,1,33,Hispanic,In instances where more tickets to movies were purchased when flyers were either handed out or obtained I chose that as the best answer.,Female,Black/African American,967521,2022-04-05 19:39:05,
529,experimental_left_feedback,0,2,33,Hispanic,In instances where more tickets to movies were purchased when flyers were either handed out or obtained I chose that as the best answer.,Female,Black/African American,967521,2022-04-05 19:39:05,
529,experimental_left_feedback,0,5,33,Hispanic,In instances where more tickets to movies were purchased when flyers were either handed out or obtained I chose that as the best answer.,Female,Black/African American,967521,2022-04-05 19:39:05,
529,experimental_left_feedback,1,4,33,Hispanic,In instances where more tickets to movies were purchased when flyers were either handed out or obtained I chose that as the best answer.,Female,Black/African American,967521,2022-04-05 19:39:05,
529,experimental_left_feedback,0,17,33,Hispanic,In instances where more tickets to movies were purchased when flyers were either handed out or obtained I chose that as the best answer.,Female,Black/African American,967521,2022-04-05 19:39:05,
529,experimental_left_feedback,0,11,33,Hispanic,In instances where more tickets to movies were purchased when flyers were either handed out or obtained I chose that as the best answer.,Female,Black/African American,967521,2022-04-05 19:39:05,
529,experimental_left_feedback,0,10,33,Hispanic,In instances where more tickets to movies were purchased when flyers were either handed out or obtained I chose that as the best answer.,Female,Black/African American,967521,2022-04-05 19:39:05,
529,experimental_left_feedback,0,13,33,Hispanic,In instances where more tickets to movies were purchased when flyers were either handed out or obtained I chose that as the best answer.,Female,Black/African American,967521,2022-04-05 19:39:05,
529,experimental_left_feedback,0,3,33,Hispanic,In instances where more tickets to movies were purchased when flyers were either handed out or obtained I chose that as the best answer.,Female,Black/African American,967521,2022-04-05 19:39:05,
529,experimental_left_feedback,0,12,33,Hispanic,In instances where more tickets to movies were purchased when flyers were either handed out or obtained I chose that as the best answer.,Female,Black/African American,967521,2022-04-05 19:39:05,
529,experimental_left_feedback,1,21,33,Hispanic,In instances where more tickets to movies were purchased when flyers were either handed out or obtained I chose that as the best answer.,Female,Black/African American,967521,2022-04-05 19:39:05,
529,experimental_left_feedback,0,8,33,Hispanic,In instances where more tickets to movies were purchased when flyers were either handed out or obtained I chose that as the best answer.,Female,Black/African American,967521,2022-04-05 19:39:05,
529,experimental_left_feedback,1,6,33,Hispanic,In instances where more tickets to movies were purchased when flyers were either handed out or obtained I chose that as the best answer.,Female,Black/African American,967521,2022-04-05 19:39:05,
529,experimental_left_feedback,1,16,33,Hispanic,In instances where more tickets to movies were purchased when flyers were either handed out or obtained I chose that as the best answer.,Female,Black/African American,967521,2022-04-05 19:39:05,
529,experimental_left_feedback,0,19,33,Hispanic,In instances where more tickets to movies were purchased when flyers were either handed out or obtained I chose that as the best answer.,Female,Black/African American,967521,2022-04-05 19:39:05,
529,experimental_left_feedback,1,20,33,Hispanic,In instances where more tickets to movies were purchased when flyers were either handed out or obtained I chose that as the best answer.,Female,Black/African American,967521,2022-04-05 19:39:05,
529,experimental_left_feedback,1,9,33,Hispanic,In instances where more tickets to movies were purchased when flyers were either handed out or obtained I chose that as the best answer.,Female,Black/African American,967521,2022-04-05 19:39:05,
529,experimental_left_feedback,0,14,33,Hispanic,In instances where more tickets to movies were purchased when flyers were either handed out or obtained I chose that as the best answer.,Female,Black/African American,967521,2022-04-05 19:39:05,
529,experimental_left_feedback,1,15,33,Hispanic,In instances where more tickets to movies were purchased when flyers were either handed out or obtained I chose that as the best answer.,Female,Black/African American,967521,2022-04-05 19:39:05,
529,experimental_left_feedback,1,22,33,Hispanic,In instances where more tickets to movies were purchased when flyers were either handed out or obtained I chose that as the best answer.,Female,Black/African American,967521,2022-04-05 19:39:05,
529,experimental_left_feedback,0,7,33,Hispanic,In instances where more tickets to movies were purchased when flyers were either handed out or obtained I chose that as the best answer.,Female,Black/African American,967521,2022-04-05 19:39:05,
529,experimental_left_feedback,1,18,33,Hispanic,In instances where more tickets to movies were purchased when flyers were either handed out or obtained I chose that as the best answer.,Female,Black/African American,967521,2022-04-05 19:39:05,
555,experimental_left_feedback,1,1,29,Non-Hispanic,Number of people who handed flyer and returned,Female,Asian,708675,2022-04-05 19:41:24,
555,experimental_left_feedback,0,2,29,Non-Hispanic,Number of people who handed flyer and returned,Female,Asian,708675,2022-04-05 19:41:24,
555,experimental_left_feedback,0,16,29,Non-Hispanic,Number of people who handed flyer and returned,Female,Asian,708675,2022-04-05 19:41:24,
555,experimental_left_feedback,1,7,29,Non-Hispanic,Number of people who handed flyer and returned,Female,Asian,708675,2022-04-05 19:41:24,
555,experimental_left_feedback,0,9,29,Non-Hispanic,Number of people who handed flyer and returned,Female,Asian,708675,2022-04-05 19:41:24,
555,experimental_left_feedback,1,3,29,Non-Hispanic,Number of people who handed flyer and returned,Female,Asian,708675,2022-04-05 19:41:24,
555,experimental_left_feedback,1,5,29,Non-Hispanic,Number of people who handed flyer and returned,Female,Asian,708675,2022-04-05 19:41:24,
555,experimental_left_feedback,0,4,29,Non-Hispanic,Number of people who handed flyer and returned,Female,Asian,708675,2022-04-05 19:41:24,
555,experimental_left_feedback,0,15,29,Non-Hispanic,Number of people who handed flyer and returned,Female,Asian,708675,2022-04-05 19:41:24,
555,experimental_left_feedback,0,14,29,Non-Hispanic,Number of people who handed flyer and returned,Female,Asian,708675,2022-04-05 19:41:24,
555,experimental_left_feedback,0,11,29,Non-Hispanic,Number of people who handed flyer and returned,Female,Asian,708675,2022-04-05 19:41:24,
555,experimental_left_feedback,0,20,29,Non-Hispanic,Number of people who handed flyer and returned,Female,Asian,708675,2022-04-05 19:41:24,
555,experimental_left_feedback,0,18,29,Non-Hispanic,Number of people who handed flyer and returned,Female,Asian,708675,2022-04-05 19:41:24,
555,experimental_left_feedback,1,8,29,Non-Hispanic,Number of people who handed flyer and returned,Female,Asian,708675,2022-04-05 19:41:24,
555,experimental_left_feedback,1,13,29,Non-Hispanic,Number of people who handed flyer and returned,Female,Asian,708675,2022-04-05 19:41:24,
555,experimental_left_feedback,0,10,29,Non-Hispanic,Number of people who handed flyer and returned,Female,Asian,708675,2022-04-05 19:41:24,
555,experimental_left_feedback,0,17,29,Non-Hispanic,Number of people who handed flyer and returned,Female,Asian,708675,2022-04-05 19:41:24,
555,experimental_left_feedback,0,19,29,Non-Hispanic,Number of people who handed flyer and returned,Female,Asian,708675,2022-04-05 19:41:24,
555,experimental_left_feedback,0,6,29,Non-Hispanic,Number of people who handed flyer and returned,Female,Asian,708675,2022-04-05 19:41:24,
555,experimental_left_feedback,1,12,29,Non-Hispanic,Number of people who handed flyer and returned,Female,Asian,708675,2022-04-05 19:41:24,
555,experimental_left_feedback,0,21,29,Non-Hispanic,Number of people who handed flyer and returned,Female,Asian,708675,2022-04-05 19:41:24,
555,experimental_left_feedback,1,22,29,Non-Hispanic,Number of people who handed flyer and returned,Female,Asian,708675,2022-04-05 19:41:24,
588,experimental_left_feedback,1,1,33,Non-Hispanic,I was just trying to make the right choice. Trying to go with what the tables were saying,Male,White,465361,2022-04-05 19:51:40,
588,experimental_left_feedback,0,2,33,Non-Hispanic,I was just trying to make the right choice. Trying to go with what the tables were saying,Male,White,465361,2022-04-05 19:51:40,
588,experimental_left_feedback,0,6,33,Non-Hispanic,I was just trying to make the right choice. Trying to go with what the tables were saying,Male,White,465361,2022-04-05 19:51:40,
588,experimental_left_feedback,1,13,33,Non-Hispanic,I was just trying to make the right choice. Trying to go with what the tables were saying,Male,White,465361,2022-04-05 19:51:40,
588,experimental_left_feedback,0,8,33,Non-Hispanic,I was just trying to make the right choice. Trying to go with what the tables were saying,Male,White,465361,2022-04-05 19:51:40,
588,experimental_left_feedback,0,9,33,Non-Hispanic,I was just trying to make the right choice. Trying to go with what the tables were saying,Male,White,465361,2022-04-05 19:51:40,
588,experimental_left_feedback,0,16,33,Non-Hispanic,I was just trying to make the right choice. Trying to go with what the tables were saying,Male,White,465361,2022-04-05 19:51:40,
588,experimental_left_feedback,1,12,33,Non-Hispanic,I was just trying to make the right choice. Trying to go with what the tables were saying,Male,White,465361,2022-04-05 19:51:40,
588,experimental_left_feedback,0,22,33,Non-Hispanic,I was just trying to make the right choice. Trying to go with what the tables were saying,Male,White,465361,2022-04-05 19:51:40,
588,experimental_left_feedback,0,7,33,Non-Hispanic,I was just trying to make the right choice. Trying to go with what the tables were saying,Male,White,465361,2022-04-05 19:51:40,
588,experimental_left_feedback,1,18,33,Non-Hispanic,I was just trying to make the right choice. Trying to go with what the tables were saying,Male,White,465361,2022-04-05 19:51:40,
588,experimental_left_feedback,0,11,33,Non-Hispanic,I was just trying to make the right choice. Trying to go with what the tables were saying,Male,White,465361,2022-04-05 19:51:40,
588,experimental_left_feedback,0,5,33,Non-Hispanic,I was just trying to make the right choice. Trying to go with what the tables were saying,Male,White,465361,2022-04-05 19:51:40,
588,experimental_left_feedback,1,20,33,Non-Hispanic,I was just trying to make the right choice. Trying to go with what the tables were saying,Male,White,465361,2022-04-05 19:51:40,
588,experimental_left_feedback,1,10,33,Non-Hispanic,I was just trying to make the right choice. Trying to go with what the tables were saying,Male,White,465361,2022-04-05 19:51:40,
588,experimental_left_feedback,0,19,33,Non-Hispanic,I was just trying to make the right choice. Trying to go with what the tables were saying,Male,White,465361,2022-04-05 19:51:40,
588,experimental_left_feedback,1,21,33,Non-Hispanic,I was just trying to make the right choice. Trying to go with what the tables were saying,Male,White,465361,2022-04-05 19:51:40,
588,experimental_left_feedback,0,4,33,Non-Hispanic,I was just trying to make the right choice. Trying to go with what the tables were saying,Male,White,465361,2022-04-05 19:51:40,
588,experimental_left_feedback,1,15,33,Non-Hispanic,I was just trying to make the right choice. Trying to go with what the tables were saying,Male,White,465361,2022-04-05 19:51:40,
588,experimental_left_feedback,1,3,33,Non-Hispanic,I was just trying to make the right choice. Trying to go with what the tables were saying,Male,White,465361,2022-04-05 19:51:40,
588,experimental_left_feedback,0,14,33,Non-Hispanic,I was just trying to make the right choice. Trying to go with what the tables were saying,Male,White,465361,2022-04-05 19:51:40,
588,experimental_left_feedback,1,17,33,Non-Hispanic,I was just trying to make the right choice. Trying to go with what the tables were saying,Male,White,465361,2022-04-05 19:51:40,
554,experimental_left_feedback,0,1,29,,By if the flyers would have any effect.,Male,White,700831,2022-04-05 19:40:06,
554,experimental_left_feedback,0,2,29,,By if the flyers would have any effect.,Male,White,700831,2022-04-05 19:40:06,
554,experimental_left_feedback,1,12,29,,By if the flyers would have any effect.,Male,White,700831,2022-04-05 19:40:06,
554,experimental_left_feedback,1,19,29,,By if the flyers would have any effect.,Male,White,700831,2022-04-05 19:40:06,
554,experimental_left_feedback,1,11,29,,By if the flyers would have any effect.,Male,White,700831,2022-04-05 19:40:06,
554,experimental_left_feedback,1,13,29,,By if the flyers would have any effect.,Male,White,700831,2022-04-05 19:40:06,
554,experimental_left_feedback,1,3,29,,By if the flyers would have any effect.,Male,White,700831,2022-04-05 19:40:06,
554,experimental_left_feedback,1,7,29,,By if the flyers would have any effect.,Male,White,700831,2022-04-05 19:40:06,
554,experimental_left_feedback,0,14,29,,By if the flyers would have any effect.,Male,White,700831,2022-04-05 19:40:06,
554,experimental_left_feedback,0,5,29,,By if the flyers would have any effect.,Male,White,700831,2022-04-05 19:40:06,
554,experimental_left_feedback,1,9,29,,By if the flyers would have any effect.,Male,White,700831,2022-04-05 19:40:06,
554,experimental_left_feedback,1,18,29,,By if the flyers would have any effect.,Male,White,700831,2022-04-05 19:40:06,
554,experimental_left_feedback,1,21,29,,By if the flyers would have any effect.,Male,White,700831,2022-04-05 19:40:06,
554,experimental_left_feedback,0,4,29,,By if the flyers would have any effect.,Male,White,700831,2022-04-05 19:40:06,
554,experimental_left_feedback,0,10,29,,By if the flyers would have any effect.,Male,White,700831,2022-04-05 19:40:06,
554,experimental_left_feedback,0,6,29,,By if the flyers would have any effect.,Male,White,700831,2022-04-05 19:40:06,
554,experimental_left_feedback,0,22,29,,By if the flyers would have any effect.,Male,White,700831,2022-04-05 19:40:06,
554,experimental_left_feedback,1,20,29,,By if the flyers would have any effect.,Male,White,700831,2022-04-05 19:40:06,
554,experimental_left_feedback,0,17,29,,By if the flyers would have any effect.,Male,White,700831,2022-04-05 19:40:06,
554,experimental_left_feedback,1,15,29,,By if the flyers would have any effect.,Male,White,700831,2022-04-05 19:40:06,
554,experimental_left_feedback,0,8,29,,By if the flyers would have any effect.,Male,White,700831,2022-04-05 19:40:06,
554,experimental_left_feedback,0,16,29,,By if the flyers would have any effect.,Male,White,700831,2022-04-05 19:40:06,
570,experimental_left_feedback,0,1,50,Hispanic,"Generally, if the top tickets were two more than the bottom, I could be sure to hand out fliers. Other than that, it seemed more like guess work unless there was an imbalance in either direction.",Male,White,519687,2022-04-05 19:41:52,
570,experimental_left_feedback,0,2,50,Hispanic,"Generally, if the top tickets were two more than the bottom, I could be sure to hand out fliers. Other than that, it seemed more like guess work unless there was an imbalance in either direction.",Male,White,519687,2022-04-05 19:41:52,
570,experimental_left_feedback,1,7,50,Hispanic,"Generally, if the top tickets were two more than the bottom, I could be sure to hand out fliers. Other than that, it seemed more like guess work unless there was an imbalance in either direction.",Male,White,519687,2022-04-05 19:41:52,
570,experimental_left_feedback,1,16,50,Hispanic,"Generally, if the top tickets were two more than the bottom, I could be sure to hand out fliers. Other than that, it seemed more like guess work unless there was an imbalance in either direction.",Male,White,519687,2022-04-05 19:41:52,
570,experimental_left_feedback,0,15,50,Hispanic,"Generally, if the top tickets were two more than the bottom, I could be sure to hand out fliers. Other than that, it seemed more like guess work unless there was an imbalance in either direction.",Male,White,519687,2022-04-05 19:41:52,
570,experimental_left_feedback,1,13,50,Hispanic,"Generally, if the top tickets were two more than the bottom, I could be sure to hand out fliers. Other than that, it seemed more like guess work unless there was an imbalance in either direction.",Male,White,519687,2022-04-05 19:41:52,
570,experimental_left_feedback,1,12,50,Hispanic,"Generally, if the top tickets were two more than the bottom, I could be sure to hand out fliers. Other than that, it seemed more like guess work unless there was an imbalance in either direction.",Male,White,519687,2022-04-05 19:41:52,
570,experimental_left_feedback,1,21,50,Hispanic,"Generally, if the top tickets were two more than the bottom, I could be sure to hand out fliers. Other than that, it seemed more like guess work unless there was an imbalance in either direction.",Male,White,519687,2022-04-05 19:41:52,
570,experimental_left_feedback,1,6,50,Hispanic,"Generally, if the top tickets were two more than the bottom, I could be sure to hand out fliers. Other than that, it seemed more like guess work unless there was an imbalance in either direction.",Male,White,519687,2022-04-05 19:41:52,
570,experimental_left_feedback,1,22,50,Hispanic,"Generally, if the top tickets were two more than the bottom, I could be sure to hand out fliers. Other than that, it seemed more like guess work unless there was an imbalance in either direction.",Male,White,519687,2022-04-05 19:41:52,
570,experimental_left_feedback,1,20,50,Hispanic,"Generally, if the top tickets were two more than the bottom, I could be sure to hand out fliers. Other than that, it seemed more like guess work unless there was an imbalance in either direction.",Male,White,519687,2022-04-05 19:41:52,
570,experimental_left_feedback,1,18,50,Hispanic,"Generally, if the top tickets were two more than the bottom, I could be sure to hand out fliers. Other than that, it seemed more like guess work unless there was an imbalance in either direction.",Male,White,519687,2022-04-05 19:41:52,
570,experimental_left_feedback,1,10,50,Hispanic,"Generally, if the top tickets were two more than the bottom, I could be sure to hand out fliers. Other than that, it seemed more like guess work unless there was an imbalance in either direction.",Male,White,519687,2022-04-05 19:41:52,
570,experimental_left_feedback,0,9,50,Hispanic,"Generally, if the top tickets were two more than the bottom, I could be sure to hand out fliers. Other than that, it seemed more like guess work unless there was an imbalance in either direction.",Male,White,519687,2022-04-05 19:41:52,
570,experimental_left_feedback,0,4,50,Hispanic,"Generally, if the top tickets were two more than the bottom, I could be sure to hand out fliers. Other than that, it seemed more like guess work unless there was an imbalance in either direction.",Male,White,519687,2022-04-05 19:41:52,
570,experimental_left_feedback,0,8,50,Hispanic,"Generally, if the top tickets were two more than the bottom, I could be sure to hand out fliers. Other than that, it seemed more like guess work unless there was an imbalance in either direction.",Male,White,519687,2022-04-05 19:41:52,
570,experimental_left_feedback,1,11,50,Hispanic,"Generally, if the top tickets were two more than the bottom, I could be sure to hand out fliers. Other than that, it seemed more like guess work unless there was an imbalance in either direction.",Male,White,519687,2022-04-05 19:41:52,
570,experimental_left_feedback,1,17,50,Hispanic,"Generally, if the top tickets were two more than the bottom, I could be sure to hand out fliers. Other than that, it seemed more like guess work unless there was an imbalance in either direction.",Male,White,519687,2022-04-05 19:41:52,
570,experimental_left_feedback,1,19,50,Hispanic,"Generally, if the top tickets were two more than the bottom, I could be sure to hand out fliers. Other than that, it seemed more like guess work unless there was an imbalance in either direction.",Male,White,519687,2022-04-05 19:41:52,
570,experimental_left_feedback,1,14,50,Hispanic,"Generally, if the top tickets were two more than the bottom, I could be sure to hand out fliers. Other than that, it seemed more like guess work unless there was an imbalance in either direction.",Male,White,519687,2022-04-05 19:41:52,
570,experimental_left_feedback,0,3,50,Hispanic,"Generally, if the top tickets were two more than the bottom, I could be sure to hand out fliers. Other than that, it seemed more like guess work unless there was an imbalance in either direction.",Male,White,519687,2022-04-05 19:41:52,
570,experimental_left_feedback,0,5,50,Hispanic,"Generally, if the top tickets were two more than the bottom, I could be sure to hand out fliers. Other than that, it seemed more like guess work unless there was an imbalance in either direction.",Male,White,519687,2022-04-05 19:41:52,
543,experimental_left_feedback,0,1,21,Non-Hispanic,The biggest factor was the difference between how many people would go without a flyer,Female,White,385176,2022-04-05 19:32:51,
543,experimental_left_feedback,0,2,21,Non-Hispanic,The biggest factor was the difference between how many people would go without a flyer,Female,White,385176,2022-04-05 19:32:51,
543,experimental_left_feedback,1,13,21,Non-Hispanic,The biggest factor was the difference between how many people would go without a flyer,Female,White,385176,2022-04-05 19:32:51,
543,experimental_left_feedback,1,9,21,Non-Hispanic,The biggest factor was the difference between how many people would go without a flyer,Female,White,385176,2022-04-05 19:32:51,
543,experimental_left_feedback,1,16,21,Non-Hispanic,The biggest factor was the difference between how many people would go without a flyer,Female,White,385176,2022-04-05 19:32:51,
543,experimental_left_feedback,0,7,21,Non-Hispanic,The biggest factor was the difference between how many people would go without a flyer,Female,White,385176,2022-04-05 19:32:51,
543,experimental_left_feedback,1,3,21,Non-Hispanic,The biggest factor was the difference between how many people would go without a flyer,Female,White,385176,2022-04-05 19:32:51,
543,experimental_left_feedback,0,12,21,Non-Hispanic,The biggest factor was the difference between how many people would go without a flyer,Female,White,385176,2022-04-05 19:32:51,
543,experimental_left_feedback,0,20,21,Non-Hispanic,The biggest factor was the difference between how many people would go without a flyer,Female,White,385176,2022-04-05 19:32:51,
543,experimental_left_feedback,0,14,21,Non-Hispanic,The biggest factor was the difference between how many people would go without a flyer,Female,White,385176,2022-04-05 19:32:51,
543,experimental_left_feedback,1,10,21,Non-Hispanic,The biggest factor was the difference between how many people would go without a flyer,Female,White,385176,2022-04-05 19:32:51,
543,experimental_left_feedback,0,11,21,Non-Hispanic,The biggest factor was the difference between how many people would go without a flyer,Female,White,385176,2022-04-05 19:32:51,
543,experimental_left_feedback,1,21,21,Non-Hispanic,The biggest factor was the difference between how many people would go without a flyer,Female,White,385176,2022-04-05 19:32:51,
543,experimental_left_feedback,0,22,21,Non-Hispanic,The biggest factor was the difference between how many people would go without a flyer,Female,White,385176,2022-04-05 19:32:51,
543,experimental_left_feedback,1,18,21,Non-Hispanic,The biggest factor was the difference between how many people would go without a flyer,Female,White,385176,2022-04-05 19:32:51,
543,experimental_left_feedback,0,5,21,Non-Hispanic,The biggest factor was the difference between how many people would go without a flyer,Female,White,385176,2022-04-05 19:32:51,
543,experimental_left_feedback,0,4,21,Non-Hispanic,The biggest factor was the difference between how many people would go without a flyer,Female,White,385176,2022-04-05 19:32:51,
543,experimental_left_feedback,1,6,21,Non-Hispanic,The biggest factor was the difference between how many people would go without a flyer,Female,White,385176,2022-04-05 19:32:51,
543,experimental_left_feedback,1,19,21,Non-Hispanic,The biggest factor was the difference between how many people would go without a flyer,Female,White,385176,2022-04-05 19:32:51,
543,experimental_left_feedback,0,8,21,Non-Hispanic,The biggest factor was the difference between how many people would go without a flyer,Female,White,385176,2022-04-05 19:32:51,
543,experimental_left_feedback,0,15,21,Non-Hispanic,The biggest factor was the difference between how many people would go without a flyer,Female,White,385176,2022-04-05 19:32:51,
543,experimental_left_feedback,0,17,21,Non-Hispanic,The biggest factor was the difference between how many people would go without a flyer,Female,White,385176,2022-04-05 19:32:51,
566,experimental_left_feedback,0,1,26,Non-Hispanic,The information given.,Female,American Indian/Alaska Native,816959,2022-04-05 19:45:09,
566,experimental_left_feedback,0,2,26,Non-Hispanic,The information given.,Female,American Indian/Alaska Native,816959,2022-04-05 19:45:09,
566,experimental_left_feedback,0,12,26,Non-Hispanic,The information given.,Female,American Indian/Alaska Native,816959,2022-04-05 19:45:09,
566,experimental_left_feedback,1,13,26,Non-Hispanic,The information given.,Female,American Indian/Alaska Native,816959,2022-04-05 19:45:09,
566,experimental_left_feedback,1,15,26,Non-Hispanic,The information given.,Female,American Indian/Alaska Native,816959,2022-04-05 19:45:09,
566,experimental_left_feedback,1,3,26,Non-Hispanic,The information given.,Female,American Indian/Alaska Native,816959,2022-04-05 19:45:09,
566,experimental_left_feedback,0,5,26,Non-Hispanic,The information given.,Female,American Indian/Alaska Native,816959,2022-04-05 19:45:09,
566,experimental_left_feedback,1,22,26,Non-Hispanic,The information given.,Female,American Indian/Alaska Native,816959,2022-04-05 19:45:09,
566,experimental_left_feedback,1,6,26,Non-Hispanic,The information given.,Female,American Indian/Alaska Native,816959,2022-04-05 19:45:09,
566,experimental_left_feedback,1,18,26,Non-Hispanic,The information given.,Female,American Indian/Alaska Native,816959,2022-04-05 19:45:09,
566,experimental_left_feedback,0,10,26,Non-Hispanic,The information given.,Female,American Indian/Alaska Native,816959,2022-04-05 19:45:09,
566,experimental_left_feedback,1,7,26,Non-Hispanic,The information given.,Female,American Indian/Alaska Native,816959,2022-04-05 19:45:09,
566,experimental_left_feedback,0,17,26,Non-Hispanic,The information given.,Female,American Indian/Alaska Native,816959,2022-04-05 19:45:09,
566,experimental_left_feedback,1,21,26,Non-Hispanic,The information given.,Female,American Indian/Alaska Native,816959,2022-04-05 19:45:09,
566,experimental_left_feedback,1,11,26,Non-Hispanic,The information given.,Female,American Indian/Alaska Native,816959,2022-04-05 19:45:09,
566,experimental_left_feedback,0,4,26,Non-Hispanic,The information given.,Female,American Indian/Alaska Native,816959,2022-04-05 19:45:09,
566,experimental_left_feedback,0,8,26,Non-Hispanic,The information given.,Female,American Indian/Alaska Native,816959,2022-04-05 19:45:09,
566,experimental_left_feedback,1,20,26,Non-Hispanic,The information given.,Female,American Indian/Alaska Native,816959,2022-04-05 19:45:09,
566,experimental_left_feedback,1,19,26,Non-Hispanic,The information given.,Female,American Indian/Alaska Native,816959,2022-04-05 19:45:09,
566,experimental_left_feedback,1,16,26,Non-Hispanic,The information given.,Female,American Indian/Alaska Native,816959,2022-04-05 19:45:09,
566,experimental_left_feedback,1,9,26,Non-Hispanic,The information given.,Female,American Indian/Alaska Native,816959,2022-04-05 19:45:09,
566,experimental_left_feedback,0,14,26,Non-Hispanic,The information given.,Female,American Indian/Alaska Native,816959,2022-04-05 19:45:09,
489,experimental_left_feedback,0,1,22,Non-Hispanic,"I focused more on the handout condition, but did use the other as well. If someone was much more likely to go with a flier then I would hand it out. If they were more likely to go but it was still a small chance I tended to just not hand one out to avoid the risk.",Male,White,578933,2022-04-05 19:21:16,
489,experimental_left_feedback,0,2,22,Non-Hispanic,"I focused more on the handout condition, but did use the other as well. If someone was much more likely to go with a flier then I would hand it out. If they were more likely to go but it was still a small chance I tended to just not hand one out to avoid the risk.",Male,White,578933,2022-04-05 19:21:16,
489,experimental_left_feedback,1,17,22,Non-Hispanic,"I focused more on the handout condition, but did use the other as well. If someone was much more likely to go with a flier then I would hand it out. If they were more likely to go but it was still a small chance I tended to just not hand one out to avoid the risk.",Male,White,578933,2022-04-05 19:21:16,
489,experimental_left_feedback,1,21,22,Non-Hispanic,"I focused more on the handout condition, but did use the other as well. If someone was much more likely to go with a flier then I would hand it out. If they were more likely to go but it was still a small chance I tended to just not hand one out to avoid the risk.",Male,White,578933,2022-04-05 19:21:16,
489,experimental_left_feedback,0,16,22,Non-Hispanic,"I focused more on the handout condition, but did use the other as well. If someone was much more likely to go with a flier then I would hand it out. If they were more likely to go but it was still a small chance I tended to just not hand one out to avoid the risk.",Male,White,578933,2022-04-05 19:21:16,
489,experimental_left_feedback,1,15,22,Non-Hispanic,"I focused more on the handout condition, but did use the other as well. If someone was much more likely to go with a flier then I would hand it out. If they were more likely to go but it was still a small chance I tended to just not hand one out to avoid the risk.",Male,White,578933,2022-04-05 19:21:16,
489,experimental_left_feedback,0,19,22,Non-Hispanic,"I focused more on the handout condition, but did use the other as well. If someone was much more likely to go with a flier then I would hand it out. If they were more likely to go but it was still a small chance I tended to just not hand one out to avoid the risk.",Male,White,578933,2022-04-05 19:21:16,
489,experimental_left_feedback,1,11,22,Non-Hispanic,"I focused more on the handout condition, but did use the other as well. If someone was much more likely to go with a flier then I would hand it out. If they were more likely to go but it was still a small chance I tended to just not hand one out to avoid the risk.",Male,White,578933,2022-04-05 19:21:16,
489,experimental_left_feedback,0,10,22,Non-Hispanic,"I focused more on the handout condition, but did use the other as well. If someone was much more likely to go with a flier then I would hand it out. If they were more likely to go but it was still a small chance I tended to just not hand one out to avoid the risk.",Male,White,578933,2022-04-05 19:21:16,
489,experimental_left_feedback,0,9,22,Non-Hispanic,"I focused more on the handout condition, but did use the other as well. If someone was much more likely to go with a flier then I would hand it out. If they were more likely to go but it was still a small chance I tended to just not hand one out to avoid the risk.",Male,White,578933,2022-04-05 19:21:16,
489,experimental_left_feedback,0,8,22,Non-Hispanic,"I focused more on the handout condition, but did use the other as well. If someone was much more likely to go with a flier then I would hand it out. If they were more likely to go but it was still a small chance I tended to just not hand one out to avoid the risk.",Male,White,578933,2022-04-05 19:21:16,
489,experimental_left_feedback,1,3,22,Non-Hispanic,"I focused more on the handout condition, but did use the other as well. If someone was much more likely to go with a flier then I would hand it out. If they were more likely to go but it was still a small chance I tended to just not hand one out to avoid the risk.",Male,White,578933,2022-04-05 19:21:16,
489,experimental_left_feedback,1,20,22,Non-Hispanic,"I focused more on the handout condition, but did use the other as well. If someone was much more likely to go with a flier then I would hand it out. If they were more likely to go but it was still a small chance I tended to just not hand one out to avoid the risk.",Male,White,578933,2022-04-05 19:21:16,
489,experimental_left_feedback,0,14,22,Non-Hispanic,"I focused more on the handout condition, but did use the other as well. If someone was much more likely to go with a flier then I would hand it out. If they were more likely to go but it was still a small chance I tended to just not hand one out to avoid the risk.",Male,White,578933,2022-04-05 19:21:16,
489,experimental_left_feedback,0,4,22,Non-Hispanic,"I focused more on the handout condition, but did use the other as well. If someone was much more likely to go with a flier then I would hand it out. If they were more likely to go but it was still a small chance I tended to just not hand one out to avoid the risk.",Male,White,578933,2022-04-05 19:21:16,
489,experimental_left_feedback,1,22,22,Non-Hispanic,"I focused more on the handout condition, but did use the other as well. If someone was much more likely to go with a flier then I would hand it out. If they were more likely to go but it was still a small chance I tended to just not hand one out to avoid the risk.",Male,White,578933,2022-04-05 19:21:16,
489,experimental_left_feedback,0,5,22,Non-Hispanic,"I focused more on the handout condition, but did use the other as well. If someone was much more likely to go with a flier then I would hand it out. If they were more likely to go but it was still a small chance I tended to just not hand one out to avoid the risk.",Male,White,578933,2022-04-05 19:21:16,
489,experimental_left_feedback,1,6,22,Non-Hispanic,"I focused more on the handout condition, but did use the other as well. If someone was much more likely to go with a flier then I would hand it out. If they were more likely to go but it was still a small chance I tended to just not hand one out to avoid the risk.",Male,White,578933,2022-04-05 19:21:16,
489,experimental_left_feedback,1,7,22,Non-Hispanic,"I focused more on the handout condition, but did use the other as well. If someone was much more likely to go with a flier then I would hand it out. If they were more likely to go but it was still a small chance I tended to just not hand one out to avoid the risk.",Male,White,578933,2022-04-05 19:21:16,
489,experimental_left_feedback,1,13,22,Non-Hispanic,"I focused more on the handout condition, but did use the other as well. If someone was much more likely to go with a flier then I would hand it out. If they were more likely to go but it was still a small chance I tended to just not hand one out to avoid the risk.",Male,White,578933,2022-04-05 19:21:16,
489,experimental_left_feedback,1,18,22,Non-Hispanic,"I focused more on the handout condition, but did use the other as well. If someone was much more likely to go with a flier then I would hand it out. If they were more likely to go but it was still a small chance I tended to just not hand one out to avoid the risk.",Male,White,578933,2022-04-05 19:21:16,
489,experimental_left_feedback,1,12,22,Non-Hispanic,"I focused more on the handout condition, but did use the other as well. If someone was much more likely to go with a flier then I would hand it out. If they were more likely to go but it was still a small chance I tended to just not hand one out to avoid the risk.",Male,White,578933,2022-04-05 19:21:16,
523,experimental_left_feedback,0,1,41,Non-Hispanic,I thought if more than 2 more tickets were sold by handing out the flyer then I would choose to give them the flyer but it didn't always work. ,Female,White,729346,2022-04-05 19:33:37,
523,experimental_left_feedback,0,2,41,Non-Hispanic,I thought if more than 2 more tickets were sold by handing out the flyer then I would choose to give them the flyer but it didn't always work. ,Female,White,729346,2022-04-05 19:33:37,
523,experimental_left_feedback,1,22,41,Non-Hispanic,I thought if more than 2 more tickets were sold by handing out the flyer then I would choose to give them the flyer but it didn't always work. ,Female,White,729346,2022-04-05 19:33:37,
523,experimental_left_feedback,1,12,41,Non-Hispanic,I thought if more than 2 more tickets were sold by handing out the flyer then I would choose to give them the flyer but it didn't always work. ,Female,White,729346,2022-04-05 19:33:37,
523,experimental_left_feedback,1,19,41,Non-Hispanic,I thought if more than 2 more tickets were sold by handing out the flyer then I would choose to give them the flyer but it didn't always work. ,Female,White,729346,2022-04-05 19:33:37,
523,experimental_left_feedback,1,21,41,Non-Hispanic,I thought if more than 2 more tickets were sold by handing out the flyer then I would choose to give them the flyer but it didn't always work. ,Female,White,729346,2022-04-05 19:33:37,
523,experimental_left_feedback,1,5,41,Non-Hispanic,I thought if more than 2 more tickets were sold by handing out the flyer then I would choose to give them the flyer but it didn't always work. ,Female,White,729346,2022-04-05 19:33:37,
523,experimental_left_feedback,1,20,41,Non-Hispanic,I thought if more than 2 more tickets were sold by handing out the flyer then I would choose to give them the flyer but it didn't always work. ,Female,White,729346,2022-04-05 19:33:37,
523,experimental_left_feedback,0,15,41,Non-Hispanic,I thought if more than 2 more tickets were sold by handing out the flyer then I would choose to give them the flyer but it didn't always work. ,Female,White,729346,2022-04-05 19:33:37,
523,experimental_left_feedback,1,7,41,Non-Hispanic,I thought if more than 2 more tickets were sold by handing out the flyer then I would choose to give them the flyer but it didn't always work. ,Female,White,729346,2022-04-05 19:33:37,
523,experimental_left_feedback,0,10,41,Non-Hispanic,I thought if more than 2 more tickets were sold by handing out the flyer then I would choose to give them the flyer but it didn't always work. ,Female,White,729346,2022-04-05 19:33:37,
523,experimental_left_feedback,1,17,41,Non-Hispanic,I thought if more than 2 more tickets were sold by handing out the flyer then I would choose to give them the flyer but it didn't always work. ,Female,White,729346,2022-04-05 19:33:37,
523,experimental_left_feedback,1,14,41,Non-Hispanic,I thought if more than 2 more tickets were sold by handing out the flyer then I would choose to give them the flyer but it didn't always work. ,Female,White,729346,2022-04-05 19:33:37,
523,experimental_left_feedback,1,18,41,Non-Hispanic,I thought if more than 2 more tickets were sold by handing out the flyer then I would choose to give them the flyer but it didn't always work. ,Female,White,729346,2022-04-05 19:33:37,
523,experimental_left_feedback,0,11,41,Non-Hispanic,I thought if more than 2 more tickets were sold by handing out the flyer then I would choose to give them the flyer but it didn't always work. ,Female,White,729346,2022-04-05 19:33:37,
523,experimental_left_feedback,0,6,41,Non-Hispanic,I thought if more than 2 more tickets were sold by handing out the flyer then I would choose to give them the flyer but it didn't always work. ,Female,White,729346,2022-04-05 19:33:37,
523,experimental_left_feedback,0,9,41,Non-Hispanic,I thought if more than 2 more tickets were sold by handing out the flyer then I would choose to give them the flyer but it didn't always work. ,Female,White,729346,2022-04-05 19:33:37,
523,experimental_left_feedback,0,3,41,Non-Hispanic,I thought if more than 2 more tickets were sold by handing out the flyer then I would choose to give them the flyer but it didn't always work. ,Female,White,729346,2022-04-05 19:33:37,
523,experimental_left_feedback,0,4,41,Non-Hispanic,I thought if more than 2 more tickets were sold by handing out the flyer then I would choose to give them the flyer but it didn't always work. ,Female,White,729346,2022-04-05 19:33:37,
523,experimental_left_feedback,1,16,41,Non-Hispanic,I thought if more than 2 more tickets were sold by handing out the flyer then I would choose to give them the flyer but it didn't always work. ,Female,White,729346,2022-04-05 19:33:37,
523,experimental_left_feedback,1,13,41,Non-Hispanic,I thought if more than 2 more tickets were sold by handing out the flyer then I would choose to give them the flyer but it didn't always work. ,Female,White,729346,2022-04-05 19:33:37,
523,experimental_left_feedback,0,8,41,Non-Hispanic,I thought if more than 2 more tickets were sold by handing out the flyer then I would choose to give them the flyer but it didn't always work. ,Female,White,729346,2022-04-05 19:33:37,
539,experimental_left_feedback,1,1,44,Non-Hispanic,the graph,Female,Black/African American,1471300,2022-04-05 19:49:44,
539,experimental_left_feedback,1,2,44,Non-Hispanic,the graph,Female,Black/African American,1471300,2022-04-05 19:49:44,
539,experimental_left_feedback,1,13,44,Non-Hispanic,the graph,Female,Black/African American,1471300,2022-04-05 19:49:44,
539,experimental_left_feedback,1,14,44,Non-Hispanic,the graph,Female,Black/African American,1471300,2022-04-05 19:49:44,
539,experimental_left_feedback,1,6,44,Non-Hispanic,the graph,Female,Black/African American,1471300,2022-04-05 19:49:44,
539,experimental_left_feedback,1,20,44,Non-Hispanic,the graph,Female,Black/African American,1471300,2022-04-05 19:49:44,
539,experimental_left_feedback,0,19,44,Non-Hispanic,the graph,Female,Black/African American,1471300,2022-04-05 19:49:44,
539,experimental_left_feedback,1,3,44,Non-Hispanic,the graph,Female,Black/African American,1471300,2022-04-05 19:49:44,
539,experimental_left_feedback,0,22,44,Non-Hispanic,the graph,Female,Black/African American,1471300,2022-04-05 19:49:44,
539,experimental_left_feedback,0,16,44,Non-Hispanic,the graph,Female,Black/African American,1471300,2022-04-05 19:49:44,
539,experimental_left_feedback,1,4,44,Non-Hispanic,the graph,Female,Black/African American,1471300,2022-04-05 19:49:44,
539,experimental_left_feedback,1,21,44,Non-Hispanic,the graph,Female,Black/African American,1471300,2022-04-05 19:49:44,
539,experimental_left_feedback,1,18,44,Non-Hispanic,the graph,Female,Black/African American,1471300,2022-04-05 19:49:44,
539,experimental_left_feedback,0,5,44,Non-Hispanic,the graph,Female,Black/African American,1471300,2022-04-05 19:49:44,
539,experimental_left_feedback,0,8,44,Non-Hispanic,the graph,Female,Black/African American,1471300,2022-04-05 19:49:44,
539,experimental_left_feedback,1,7,44,Non-Hispanic,the graph,Female,Black/African American,1471300,2022-04-05 19:49:44,
539,experimental_left_feedback,1,12,44,Non-Hispanic,the graph,Female,Black/African American,1471300,2022-04-05 19:49:44,
539,experimental_left_feedback,0,10,44,Non-Hispanic,the graph,Female,Black/African American,1471300,2022-04-05 19:49:44,
539,experimental_left_feedback,0,9,44,Non-Hispanic,the graph,Female,Black/African American,1471300,2022-04-05 19:49:44,
539,experimental_left_feedback,1,17,44,Non-Hispanic,the graph,Female,Black/African American,1471300,2022-04-05 19:49:44,
539,experimental_left_feedback,1,15,44,Non-Hispanic,the graph,Female,Black/African American,1471300,2022-04-05 19:49:44,
539,experimental_left_feedback,0,11,44,Non-Hispanic,the graph,Female,Black/African American,1471300,2022-04-05 19:49:44,
473,experimental_left_feedback,1,1,22,Non-Hispanic,,Male,Black/African American,269622,2022-04-05 19:09:44,
473,experimental_left_feedback,0,2,22,Non-Hispanic,,Male,Black/African American,269622,2022-04-05 19:09:44,
473,experimental_left_feedback,0,21,22,Non-Hispanic,,Male,Black/African American,269622,2022-04-05 19:09:44,
473,experimental_left_feedback,1,5,22,Non-Hispanic,,Male,Black/African American,269622,2022-04-05 19:09:44,
473,experimental_left_feedback,1,3,22,Non-Hispanic,,Male,Black/African American,269622,2022-04-05 19:09:44,
473,experimental_left_feedback,1,16,22,Non-Hispanic,,Male,Black/African American,269622,2022-04-05 19:09:44,
473,experimental_left_feedback,1,13,22,Non-Hispanic,,Male,Black/African American,269622,2022-04-05 19:09:44,
473,experimental_left_feedback,0,11,22,Non-Hispanic,,Male,Black/African American,269622,2022-04-05 19:09:44,
473,experimental_left_feedback,1,18,22,Non-Hispanic,,Male,Black/African American,269622,2022-04-05 19:09:44,
473,experimental_left_feedback,0,17,22,Non-Hispanic,,Male,Black/African American,269622,2022-04-05 19:09:44,
473,experimental_left_feedback,1,14,22,Non-Hispanic,,Male,Black/African American,269622,2022-04-05 19:09:44,
473,experimental_left_feedback,1,9,22,Non-Hispanic,,Male,Black/African American,269622,2022-04-05 19:09:44,
473,experimental_left_feedback,1,15,22,Non-Hispanic,,Male,Black/African American,269622,2022-04-05 19:09:44,
473,experimental_left_feedback,1,22,22,Non-Hispanic,,Male,Black/African American,269622,2022-04-05 19:09:44,
473,experimental_left_feedback,0,8,22,Non-Hispanic,,Male,Black/African American,269622,2022-04-05 19:09:44,
473,experimental_left_feedback,0,19,22,Non-Hispanic,,Male,Black/African American,269622,2022-04-05 19:09:44,
473,experimental_left_feedback,1,10,22,Non-Hispanic,,Male,Black/African American,269622,2022-04-05 19:09:44,
473,experimental_left_feedback,1,4,22,Non-Hispanic,,Male,Black/African American,269622,2022-04-05 19:09:44,
473,experimental_left_feedback,1,20,22,Non-Hispanic,,Male,Black/African American,269622,2022-04-05 19:09:44,
473,experimental_left_feedback,0,7,22,Non-Hispanic,,Male,Black/African American,269622,2022-04-05 19:09:44,
473,experimental_left_feedback,1,12,22,Non-Hispanic,,Male,Black/African American,269622,2022-04-05 19:09:44,
473,experimental_left_feedback,0,6,22,Non-Hispanic,,Male,Black/African American,269622,2022-04-05 19:09:44,
528,experimental_left_feedback,1,1,52,Non-Hispanic,,,White,386118,2022-04-05 19:29:03,
528,experimental_left_feedback,0,2,52,Non-Hispanic,,,White,386118,2022-04-05 19:29:03,
528,experimental_left_feedback,1,11,52,Non-Hispanic,,,White,386118,2022-04-05 19:29:03,
528,experimental_left_feedback,1,12,52,Non-Hispanic,,,White,386118,2022-04-05 19:29:03,
528,experimental_left_feedback,1,14,52,Non-Hispanic,,,White,386118,2022-04-05 19:29:03,
528,experimental_left_feedback,1,16,52,Non-Hispanic,,,White,386118,2022-04-05 19:29:03,
528,experimental_left_feedback,1,13,52,Non-Hispanic,,,White,386118,2022-04-05 19:29:03,
528,experimental_left_feedback,0,4,52,Non-Hispanic,,,White,386118,2022-04-05 19:29:03,
528,experimental_left_feedback,0,15,52,Non-Hispanic,,,White,386118,2022-04-05 19:29:03,
528,experimental_left_feedback,0,7,52,Non-Hispanic,,,White,386118,2022-04-05 19:29:03,
528,experimental_left_feedback,0,17,52,Non-Hispanic,,,White,386118,2022-04-05 19:29:03,
528,experimental_left_feedback,1,9,52,Non-Hispanic,,,White,386118,2022-04-05 19:29:03,
528,experimental_left_feedback,1,6,52,Non-Hispanic,,,White,386118,2022-04-05 19:29:03,
528,experimental_left_feedback,0,5,52,Non-Hispanic,,,White,386118,2022-04-05 19:29:03,
528,experimental_left_feedback,0,8,52,Non-Hispanic,,,White,386118,2022-04-05 19:29:03,
528,experimental_left_feedback,1,18,52,Non-Hispanic,,,White,386118,2022-04-05 19:29:03,
528,experimental_left_feedback,1,20,52,Non-Hispanic,,,White,386118,2022-04-05 19:29:03,
528,experimental_left_feedback,1,3,52,Non-Hispanic,,,White,386118,2022-04-05 19:29:03,
528,experimental_left_feedback,0,21,52,Non-Hispanic,,,White,386118,2022-04-05 19:29:03,
528,experimental_left_feedback,1,19,52,Non-Hispanic,,,White,386118,2022-04-05 19:29:03,
528,experimental_left_feedback,0,10,52,Non-Hispanic,,,White,386118,2022-04-05 19:29:03,
528,experimental_left_feedback,0,22,52,Non-Hispanic,,,White,386118,2022-04-05 19:29:03,
545,experimental_left_feedback,1,1,57,Non-Hispanic,I looked at how many tickets were sold with or without a flyer.,Female,White,559570,2022-04-05 19:35:56,
545,experimental_left_feedback,0,2,57,Non-Hispanic,I looked at how many tickets were sold with or without a flyer.,Female,White,559570,2022-04-05 19:35:56,
545,experimental_left_feedback,1,18,57,Non-Hispanic,I looked at how many tickets were sold with or without a flyer.,Female,White,559570,2022-04-05 19:35:56,
545,experimental_left_feedback,0,5,57,Non-Hispanic,I looked at how many tickets were sold with or without a flyer.,Female,White,559570,2022-04-05 19:35:56,
545,experimental_left_feedback,1,10,57,Non-Hispanic,I looked at how many tickets were sold with or without a flyer.,Female,White,559570,2022-04-05 19:35:56,
545,experimental_left_feedback,0,19,57,Non-Hispanic,I looked at how many tickets were sold with or without a flyer.,Female,White,559570,2022-04-05 19:35:56,
545,experimental_left_feedback,1,20,57,Non-Hispanic,I looked at how many tickets were sold with or without a flyer.,Female,White,559570,2022-04-05 19:35:56,
545,experimental_left_feedback,0,13,57,Non-Hispanic,I looked at how many tickets were sold with or without a flyer.,Female,White,559570,2022-04-05 19:35:56,
545,experimental_left_feedback,0,14,57,Non-Hispanic,I looked at how many tickets were sold with or without a flyer.,Female,White,559570,2022-04-05 19:35:56,
545,experimental_left_feedback,1,22,57,Non-Hispanic,I looked at how many tickets were sold with or without a flyer.,Female,White,559570,2022-04-05 19:35:56,
545,experimental_left_feedback,1,7,57,Non-Hispanic,I looked at how many tickets were sold with or without a flyer.,Female,White,559570,2022-04-05 19:35:56,
545,experimental_left_feedback,1,9,57,Non-Hispanic,I looked at how many tickets were sold with or without a flyer.,Female,White,559570,2022-04-05 19:35:56,
545,experimental_left_feedback,1,15,57,Non-Hispanic,I looked at how many tickets were sold with or without a flyer.,Female,White,559570,2022-04-05 19:35:56,
545,experimental_left_feedback,0,17,57,Non-Hispanic,I looked at how many tickets were sold with or without a flyer.,Female,White,559570,2022-04-05 19:35:56,
545,experimental_left_feedback,1,11,57,Non-Hispanic,I looked at how many tickets were sold with or without a flyer.,Female,White,559570,2022-04-05 19:35:56,
545,experimental_left_feedback,1,16,57,Non-Hispanic,I looked at how many tickets were sold with or without a flyer.,Female,White,559570,2022-04-05 19:35:56,
545,experimental_left_feedback,0,8,57,Non-Hispanic,I looked at how many tickets were sold with or without a flyer.,Female,White,559570,2022-04-05 19:35:56,
545,experimental_left_feedback,0,4,57,Non-Hispanic,I looked at how many tickets were sold with or without a flyer.,Female,White,559570,2022-04-05 19:35:56,
545,experimental_left_feedback,1,21,57,Non-Hispanic,I looked at how many tickets were sold with or without a flyer.,Female,White,559570,2022-04-05 19:35:56,
545,experimental_left_feedback,1,6,57,Non-Hispanic,I looked at how many tickets were sold with or without a flyer.,Female,White,559570,2022-04-05 19:35:56,
545,experimental_left_feedback,1,3,57,Non-Hispanic,I looked at how many tickets were sold with or without a flyer.,Female,White,559570,2022-04-05 19:35:56,
545,experimental_left_feedback,1,12,57,Non-Hispanic,I looked at how many tickets were sold with or without a flyer.,Female,White,559570,2022-04-05 19:35:56,
498,experimental_left_feedback,0,1,20,Non-Hispanic,"I focused on the amount of more people who went to the movie because they were handed a flyer, and somewhat on how many people who obtained a flyer ended up seeing the movie. No questions, thanks and good luck with your research!",Female,White,537143,2022-04-05 19:23:53,
498,experimental_left_feedback,0,2,20,Non-Hispanic,"I focused on the amount of more people who went to the movie because they were handed a flyer, and somewhat on how many people who obtained a flyer ended up seeing the movie. No questions, thanks and good luck with your research!",Female,White,537143,2022-04-05 19:23:53,
498,experimental_left_feedback,1,7,20,Non-Hispanic,"I focused on the amount of more people who went to the movie because they were handed a flyer, and somewhat on how many people who obtained a flyer ended up seeing the movie. No questions, thanks and good luck with your research!",Female,White,537143,2022-04-05 19:23:53,
498,experimental_left_feedback,1,22,20,Non-Hispanic,"I focused on the amount of more people who went to the movie because they were handed a flyer, and somewhat on how many people who obtained a flyer ended up seeing the movie. No questions, thanks and good luck with your research!",Female,White,537143,2022-04-05 19:23:53,
498,experimental_left_feedback,1,3,20,Non-Hispanic,"I focused on the amount of more people who went to the movie because they were handed a flyer, and somewhat on how many people who obtained a flyer ended up seeing the movie. No questions, thanks and good luck with your research!",Female,White,537143,2022-04-05 19:23:53,
498,experimental_left_feedback,0,10,20,Non-Hispanic,"I focused on the amount of more people who went to the movie because they were handed a flyer, and somewhat on how many people who obtained a flyer ended up seeing the movie. No questions, thanks and good luck with your research!",Female,White,537143,2022-04-05 19:23:53,
498,experimental_left_feedback,0,5,20,Non-Hispanic,"I focused on the amount of more people who went to the movie because they were handed a flyer, and somewhat on how many people who obtained a flyer ended up seeing the movie. No questions, thanks and good luck with your research!",Female,White,537143,2022-04-05 19:23:53,
498,experimental_left_feedback,0,16,20,Non-Hispanic,"I focused on the amount of more people who went to the movie because they were handed a flyer, and somewhat on how many people who obtained a flyer ended up seeing the movie. No questions, thanks and good luck with your research!",Female,White,537143,2022-04-05 19:23:53,
498,experimental_left_feedback,0,4,20,Non-Hispanic,"I focused on the amount of more people who went to the movie because they were handed a flyer, and somewhat on how many people who obtained a flyer ended up seeing the movie. No questions, thanks and good luck with your research!",Female,White,537143,2022-04-05 19:23:53,
498,experimental_left_feedback,1,12,20,Non-Hispanic,"I focused on the amount of more people who went to the movie because they were handed a flyer, and somewhat on how many people who obtained a flyer ended up seeing the movie. No questions, thanks and good luck with your research!",Female,White,537143,2022-04-05 19:23:53,
498,experimental_left_feedback,1,15,20,Non-Hispanic,"I focused on the amount of more people who went to the movie because they were handed a flyer, and somewhat on how many people who obtained a flyer ended up seeing the movie. No questions, thanks and good luck with your research!",Female,White,537143,2022-04-05 19:23:53,
498,experimental_left_feedback,1,6,20,Non-Hispanic,"I focused on the amount of more people who went to the movie because they were handed a flyer, and somewhat on how many people who obtained a flyer ended up seeing the movie. No questions, thanks and good luck with your research!",Female,White,537143,2022-04-05 19:23:53,
498,experimental_left_feedback,1,19,20,Non-Hispanic,"I focused on the amount of more people who went to the movie because they were handed a flyer, and somewhat on how many people who obtained a flyer ended up seeing the movie. No questions, thanks and good luck with your research!",Female,White,537143,2022-04-05 19:23:53,
498,experimental_left_feedback,1,13,20,Non-Hispanic,"I focused on the amount of more people who went to the movie because they were handed a flyer, and somewhat on how many people who obtained a flyer ended up seeing the movie. No questions, thanks and good luck with your research!",Female,White,537143,2022-04-05 19:23:53,
498,experimental_left_feedback,1,21,20,Non-Hispanic,"I focused on the amount of more people who went to the movie because they were handed a flyer, and somewhat on how many people who obtained a flyer ended up seeing the movie. No questions, thanks and good luck with your research!",Female,White,537143,2022-04-05 19:23:53,
498,experimental_left_feedback,1,11,20,Non-Hispanic,"I focused on the amount of more people who went to the movie because they were handed a flyer, and somewhat on how many people who obtained a flyer ended up seeing the movie. No questions, thanks and good luck with your research!",Female,White,537143,2022-04-05 19:23:53,
498,experimental_left_feedback,0,17,20,Non-Hispanic,"I focused on the amount of more people who went to the movie because they were handed a flyer, and somewhat on how many people who obtained a flyer ended up seeing the movie. No questions, thanks and good luck with your research!",Female,White,537143,2022-04-05 19:23:53,
498,experimental_left_feedback,1,18,20,Non-Hispanic,"I focused on the amount of more people who went to the movie because they were handed a flyer, and somewhat on how many people who obtained a flyer ended up seeing the movie. No questions, thanks and good luck with your research!",Female,White,537143,2022-04-05 19:23:53,
498,experimental_left_feedback,1,20,20,Non-Hispanic,"I focused on the amount of more people who went to the movie because they were handed a flyer, and somewhat on how many people who obtained a flyer ended up seeing the movie. No questions, thanks and good luck with your research!",Female,White,537143,2022-04-05 19:23:53,
498,experimental_left_feedback,1,9,20,Non-Hispanic,"I focused on the amount of more people who went to the movie because they were handed a flyer, and somewhat on how many people who obtained a flyer ended up seeing the movie. No questions, thanks and good luck with your research!",Female,White,537143,2022-04-05 19:23:53,
498,experimental_left_feedback,0,8,20,Non-Hispanic,"I focused on the amount of more people who went to the movie because they were handed a flyer, and somewhat on how many people who obtained a flyer ended up seeing the movie. No questions, thanks and good luck with your research!",Female,White,537143,2022-04-05 19:23:53,
498,experimental_left_feedback,1,14,20,Non-Hispanic,"I focused on the amount of more people who went to the movie because they were handed a flyer, and somewhat on how many people who obtained a flyer ended up seeing the movie. No questions, thanks and good luck with your research!",Female,White,537143,2022-04-05 19:23:53,
537,experimental_left_feedback,1,1,28,Non-Hispanic,I tried to determine if the odds were better with or without a flyer.,Female,White,517564,2022-04-05 19:33:48,
537,experimental_left_feedback,0,2,28,Non-Hispanic,I tried to determine if the odds were better with or without a flyer.,Female,White,517564,2022-04-05 19:33:48,
537,experimental_left_feedback,1,12,28,Non-Hispanic,I tried to determine if the odds were better with or without a flyer.,Female,White,517564,2022-04-05 19:33:48,
537,experimental_left_feedback,0,10,28,Non-Hispanic,I tried to determine if the odds were better with or without a flyer.,Female,White,517564,2022-04-05 19:33:48,
537,experimental_left_feedback,1,19,28,Non-Hispanic,I tried to determine if the odds were better with or without a flyer.,Female,White,517564,2022-04-05 19:33:48,
537,experimental_left_feedback,1,13,28,Non-Hispanic,I tried to determine if the odds were better with or without a flyer.,Female,White,517564,2022-04-05 19:33:48,
537,experimental_left_feedback,0,15,28,Non-Hispanic,I tried to determine if the odds were better with or without a flyer.,Female,White,517564,2022-04-05 19:33:48,
537,experimental_left_feedback,0,18,28,Non-Hispanic,I tried to determine if the odds were better with or without a flyer.,Female,White,517564,2022-04-05 19:33:48,
537,experimental_left_feedback,1,21,28,Non-Hispanic,I tried to determine if the odds were better with or without a flyer.,Female,White,517564,2022-04-05 19:33:48,
537,experimental_left_feedback,0,7,28,Non-Hispanic,I tried to determine if the odds were better with or without a flyer.,Female,White,517564,2022-04-05 19:33:48,
537,experimental_left_feedback,1,11,28,Non-Hispanic,I tried to determine if the odds were better with or without a flyer.,Female,White,517564,2022-04-05 19:33:48,
537,experimental_left_feedback,0,8,28,Non-Hispanic,I tried to determine if the odds were better with or without a flyer.,Female,White,517564,2022-04-05 19:33:48,
537,experimental_left_feedback,1,20,28,Non-Hispanic,I tried to determine if the odds were better with or without a flyer.,Female,White,517564,2022-04-05 19:33:48,
537,experimental_left_feedback,1,5,28,Non-Hispanic,I tried to determine if the odds were better with or without a flyer.,Female,White,517564,2022-04-05 19:33:48,
537,experimental_left_feedback,0,4,28,Non-Hispanic,I tried to determine if the odds were better with or without a flyer.,Female,White,517564,2022-04-05 19:33:48,
537,experimental_left_feedback,1,3,28,Non-Hispanic,I tried to determine if the odds were better with or without a flyer.,Female,White,517564,2022-04-05 19:33:48,
537,experimental_left_feedback,1,9,28,Non-Hispanic,I tried to determine if the odds were better with or without a flyer.,Female,White,517564,2022-04-05 19:33:48,
537,experimental_left_feedback,1,14,28,Non-Hispanic,I tried to determine if the odds were better with or without a flyer.,Female,White,517564,2022-04-05 19:33:48,
537,experimental_left_feedback,1,17,28,Non-Hispanic,I tried to determine if the odds were better with or without a flyer.,Female,White,517564,2022-04-05 19:33:48,
537,experimental_left_feedback,1,22,28,Non-Hispanic,I tried to determine if the odds were better with or without a flyer.,Female,White,517564,2022-04-05 19:33:48,
537,experimental_left_feedback,1,16,28,Non-Hispanic,I tried to determine if the odds were better with or without a flyer.,Female,White,517564,2022-04-05 19:33:48,
537,experimental_left_feedback,0,6,28,Non-Hispanic,I tried to determine if the odds were better with or without a flyer.,Female,White,517564,2022-04-05 19:33:48,
508,experimental_left_feedback,0,1,33,Non-Hispanic,I was only confident in handing out flyers if there was a significant difference in people going to see the movie once they had seen a flyer,Male,White,952745,2022-04-05 19:34:15,
508,experimental_left_feedback,0,2,33,Non-Hispanic,I was only confident in handing out flyers if there was a significant difference in people going to see the movie once they had seen a flyer,Male,White,952745,2022-04-05 19:34:15,
508,experimental_left_feedback,0,4,33,Non-Hispanic,I was only confident in handing out flyers if there was a significant difference in people going to see the movie once they had seen a flyer,Male,White,952745,2022-04-05 19:34:15,
508,experimental_left_feedback,1,6,33,Non-Hispanic,I was only confident in handing out flyers if there was a significant difference in people going to see the movie once they had seen a flyer,Male,White,952745,2022-04-05 19:34:15,
508,experimental_left_feedback,1,19,33,Non-Hispanic,I was only confident in handing out flyers if there was a significant difference in people going to see the movie once they had seen a flyer,Male,White,952745,2022-04-05 19:34:15,
508,experimental_left_feedback,1,22,33,Non-Hispanic,I was only confident in handing out flyers if there was a significant difference in people going to see the movie once they had seen a flyer,Male,White,952745,2022-04-05 19:34:15,
508,experimental_left_feedback,1,12,33,Non-Hispanic,I was only confident in handing out flyers if there was a significant difference in people going to see the movie once they had seen a flyer,Male,White,952745,2022-04-05 19:34:15,
508,experimental_left_feedback,1,5,33,Non-Hispanic,I was only confident in handing out flyers if there was a significant difference in people going to see the movie once they had seen a flyer,Male,White,952745,2022-04-05 19:34:15,
508,experimental_left_feedback,1,13,33,Non-Hispanic,I was only confident in handing out flyers if there was a significant difference in people going to see the movie once they had seen a flyer,Male,White,952745,2022-04-05 19:34:15,
508,experimental_left_feedback,1,20,33,Non-Hispanic,I was only confident in handing out flyers if there was a significant difference in people going to see the movie once they had seen a flyer,Male,White,952745,2022-04-05 19:34:15,
508,experimental_left_feedback,1,7,33,Non-Hispanic,I was only confident in handing out flyers if there was a significant difference in people going to see the movie once they had seen a flyer,Male,White,952745,2022-04-05 19:34:15,
508,experimental_left_feedback,1,15,33,Non-Hispanic,I was only confident in handing out flyers if there was a significant difference in people going to see the movie once they had seen a flyer,Male,White,952745,2022-04-05 19:34:15,
508,experimental_left_feedback,1,9,33,Non-Hispanic,I was only confident in handing out flyers if there was a significant difference in people going to see the movie once they had seen a flyer,Male,White,952745,2022-04-05 19:34:15,
508,experimental_left_feedback,0,14,33,Non-Hispanic,I was only confident in handing out flyers if there was a significant difference in people going to see the movie once they had seen a flyer,Male,White,952745,2022-04-05 19:34:15,
508,experimental_left_feedback,0,8,33,Non-Hispanic,I was only confident in handing out flyers if there was a significant difference in people going to see the movie once they had seen a flyer,Male,White,952745,2022-04-05 19:34:15,
508,experimental_left_feedback,1,21,33,Non-Hispanic,I was only confident in handing out flyers if there was a significant difference in people going to see the movie once they had seen a flyer,Male,White,952745,2022-04-05 19:34:15,
508,experimental_left_feedback,1,11,33,Non-Hispanic,I was only confident in handing out flyers if there was a significant difference in people going to see the movie once they had seen a flyer,Male,White,952745,2022-04-05 19:34:15,
508,experimental_left_feedback,1,3,33,Non-Hispanic,I was only confident in handing out flyers if there was a significant difference in people going to see the movie once they had seen a flyer,Male,White,952745,2022-04-05 19:34:15,
508,experimental_left_feedback,1,18,33,Non-Hispanic,I was only confident in handing out flyers if there was a significant difference in people going to see the movie once they had seen a flyer,Male,White,952745,2022-04-05 19:34:15,
508,experimental_left_feedback,0,16,33,Non-Hispanic,I was only confident in handing out flyers if there was a significant difference in people going to see the movie once they had seen a flyer,Male,White,952745,2022-04-05 19:34:15,
508,experimental_left_feedback,0,10,33,Non-Hispanic,I was only confident in handing out flyers if there was a significant difference in people going to see the movie once they had seen a flyer,Male,White,952745,2022-04-05 19:34:15,
508,experimental_left_feedback,1,17,33,Non-Hispanic,I was only confident in handing out flyers if there was a significant difference in people going to see the movie once they had seen a flyer,Male,White,952745,2022-04-05 19:34:15,
